sample	coverage	full_coverage	relative_abundance	level	taxonomy
F7_S23_raw_R1	0	1264.67	100.0	root	Root
F7_S23_raw_R1	3.49	3.49	0.28	domain	Root; d__Archaea
F7_S23_raw_R1	10.97	1261.18	99.72	domain	Root; d__Bacteria
F7_S23_raw_R1	0.18	0.46	0.04	phylum	Root; d__Bacteria; p__Actinomycetota
F7_S23_raw_R1	0.06	15.96	1.26	phylum	Root; d__Bacteria; p__Verrucomicrobiota
F7_S23_raw_R1	0.34	0.34	0.03	phylum	Root; d__Bacteria; p__Desulfobacterota
F7_S23_raw_R1	0.17	3.02	0.24	phylum	Root; d__Bacteria; p__Pseudomonadota
F7_S23_raw_R1	0	486.88	38.5	phylum	Root; d__Bacteria; p__Bacteroidota
F7_S23_raw_R1	0	717.04	56.7	phylum	Root; d__Bacteria; p__Bacillota_A
F7_S23_raw_R1	0	0.34	0.03	phylum	Root; d__Bacteria; p__Bacillota
F7_S23_raw_R1	0	23.47	1.86	phylum	Root; d__Bacteria; p__Bacillota_C
F7_S23_raw_R1	0	2.7	0.21	phylum	Root; d__Bacteria; p__Bacillota_I
F7_S23_raw_R1	0	0.28	0.02	class	Root; d__Bacteria; p__Actinomycetota; c__Coriobacteriia
F7_S23_raw_R1	0.05	15.9	1.26	class	Root; d__Bacteria; p__Verrucomicrobiota; c__Verrucomicrobiae
F7_S23_raw_R1	0.23	2.23	0.18	class	Root; d__Bacteria; p__Pseudomonadota; c__Gammaproteobacteria
F7_S23_raw_R1	0.28	0.62	0.05	class	Root; d__Bacteria; p__Pseudomonadota; c__Alphaproteobacteria
F7_S23_raw_R1	0.11	486.88	38.5	class	Root; d__Bacteria; p__Bacteroidota; c__Bacteroidia
F7_S23_raw_R1	7.3	717.04	56.7	class	Root; d__Bacteria; p__Bacillota_A; c__Clostridia
F7_S23_raw_R1	0.34	0.34	0.03	class	Root; d__Bacteria; p__Bacillota; c__Bacilli
F7_S23_raw_R1	0	23.47	1.86	class	Root; d__Bacteria; p__Bacillota_C; c__Negativicutes
F7_S23_raw_R1	0	2.7	0.21	class	Root; d__Bacteria; p__Bacillota_I; c__Bacilli_A
F7_S23_raw_R1	0.28	0.28	0.02	order	Root; d__Bacteria; p__Actinomycetota; c__Coriobacteriia; o__Coriobacteriales
F7_S23_raw_R1	0	15.85	1.25	order	Root; d__Bacteria; p__Verrucomicrobiota; c__Verrucomicrobiae; o__Verrucomicrobiales
F7_S23_raw_R1	0.06	2.0	0.16	order	Root; d__Bacteria; p__Pseudomonadota; c__Gammaproteobacteria; o__Enterobacterales
F7_S23_raw_R1	0.34	0.34	0.03	order	Root; d__Bacteria; p__Pseudomonadota; c__Alphaproteobacteria; o__Rhizobiales
F7_S23_raw_R1	6.39	486.77	38.49	order	Root; d__Bacteria; p__Bacteroidota; c__Bacteroidia; o__Bacteroidales
F7_S23_raw_R1	28.35	610.6	48.28	order	Root; d__Bacteria; p__Bacillota_A; c__Clostridia; o__Oscillospirales
F7_S23_raw_R1	0.34	2.11	0.17	order	Root; d__Bacteria; p__Bacillota_A; c__Clostridia; o__Christensenellales
F7_S23_raw_R1	0.28	45.36	3.59	order	Root; d__Bacteria; p__Bacillota_A; c__Clostridia; o__Lachnospirales
F7_S23_raw_R1	0.29	7.75	0.61	order	Root; d__Bacteria; p__Bacillota_A; c__Clostridia; o__Peptostreptococcales
F7_S23_raw_R1	0	2.95	0.23	order	Root; d__Bacteria; p__Bacillota_A; c__Clostridia; o__Monoglobales
F7_S23_raw_R1	0	7.07	0.56	order	Root; d__Bacteria; p__Bacillota_A; c__Clostridia; o__Eubacteriales
F7_S23_raw_R1	0	33.11	2.62	order	Root; d__Bacteria; p__Bacillota_A; c__Clostridia; o__Clostridiales
F7_S23_raw_R1	0	0.79	0.06	order	Root; d__Bacteria; p__Bacillota_A; c__Clostridia; o__UBA1381
F7_S23_raw_R1	0.28	23.47	1.86	order	Root; d__Bacteria; p__Bacillota_C; c__Negativicutes; o__Veillonellales
F7_S23_raw_R1	0.11	2.7	0.21	order	Root; d__Bacteria; p__Bacillota_I; c__Bacilli_A; o__Erysipelotrichales
F7_S23_raw_R1	0	15.85	1.25	family	Root; d__Bacteria; p__Verrucomicrobiota; c__Verrucomicrobiae; o__Verrucomicrobiales; f__Akkermansiaceae
F7_S23_raw_R1	0	1.14	0.09	family	Root; d__Bacteria; p__Pseudomonadota; c__Gammaproteobacteria; o__Enterobacterales; f__Pasteurellaceae
F7_S23_raw_R1	0	0.8	0.06	family	Root; d__Bacteria; p__Pseudomonadota; c__Gammaproteobacteria; o__Enterobacterales; f__Enterobacteriaceae
F7_S23_raw_R1	5.84	458.01	36.22	family	Root; d__Bacteria; p__Bacteroidota; c__Bacteroidia; o__Bacteroidales; f__Bacteroidaceae
F7_S23_raw_R1	0.23	13.2	1.04	family	Root; d__Bacteria; p__Bacteroidota; c__Bacteroidia; o__Bacteroidales; f__Tannerellaceae
F7_S23_raw_R1	0	4.7	0.37	family	Root; d__Bacteria; p__Bacteroidota; c__Bacteroidia; o__Bacteroidales; f__Rikenellaceae
F7_S23_raw_R1	0	4.47	0.35	family	Root; d__Bacteria; p__Bacteroidota; c__Bacteroidia; o__Bacteroidales; f__Marinifilaceae
F7_S23_raw_R1	10.9	434.73	34.37	family	Root; d__Bacteria; p__Bacillota_A; c__Clostridia; o__Oscillospirales; f__Ruminococcaceae
F7_S23_raw_R1	8.16	86.76	6.86	family	Root; d__Bacteria; p__Bacillota_A; c__Clostridia; o__Oscillospirales; f__Acutalibacteraceae
F7_S23_raw_R1	6.15	60.36	4.77	family	Root; d__Bacteria; p__Bacillota_A; c__Clostridia; o__Oscillospirales; f__Oscillospiraceae
F7_S23_raw_R1	0	0.4	0.03	family	Root; d__Bacteria; p__Bacillota_A; c__Clostridia; o__Oscillospirales; f__Butyricicoccaceae
F7_S23_raw_R1	0.46	0.46	0.04	family	Root; d__Bacteria; p__Bacillota_A; c__Clostridia; o__Christensenellales; f__Christensenellaceae
F7_S23_raw_R1	0.17	0.91	0.07	family	Root; d__Bacteria; p__Bacillota_A; c__Clostridia; o__Christensenellales; f__Aristaeellaceae
F7_S23_raw_R1	0	0.4	0.03	family	Root; d__Bacteria; p__Bacillota_A; c__Clostridia; o__Christensenellales; f__QAND01
F7_S23_raw_R1	5.12	15.92	1.26	family	Root; d__Bacteria; p__Bacillota_A; c__Clostridia; o__Lachnospirales; f__Lachnospiraceae
F7_S23_raw_R1	0.74	29.16	2.31	family	Root; d__Bacteria; p__Bacillota_A; c__Clostridia; o__Lachnospirales; f__Anaerotignaceae
F7_S23_raw_R1	0.11	7.46	0.59	family	Root; d__Bacteria; p__Bacillota_A; c__Clostridia; o__Peptostreptococcales; f__Peptostreptococcaceae
F7_S23_raw_R1	0.23	2.95	0.23	family	Root; d__Bacteria; p__Bacillota_A; c__Clostridia; o__Monoglobales; f__Monoglobaceae
F7_S23_raw_R1	0.11	7.07	0.56	family	Root; d__Bacteria; p__Bacillota_A; c__Clostridia; o__Eubacteriales; f__Eubacteriaceae
F7_S23_raw_R1	0	33.11	2.62	family	Root; d__Bacteria; p__Bacillota_A; c__Clostridia; o__Clostridiales; f__Clostridiaceae
F7_S23_raw_R1	0	0.79	0.06	family	Root; d__Bacteria; p__Bacillota_A; c__Clostridia; o__UBA1381; f__UBA1381
F7_S23_raw_R1	0.06	23.19	1.83	family	Root; d__Bacteria; p__Bacillota_C; c__Negativicutes; o__Veillonellales; f__Dialisteraceae
F7_S23_raw_R1	0.06	2.59	0.2	family	Root; d__Bacteria; p__Bacillota_I; c__Bacilli_A; o__Erysipelotrichales; f__Erysipelotrichaceae
F7_S23_raw_R1	0.53	15.85	1.25	genus	Root; d__Bacteria; p__Verrucomicrobiota; c__Verrucomicrobiae; o__Verrucomicrobiales; f__Akkermansiaceae; g__Akkermansia
F7_S23_raw_R1	1.14	1.14	0.09	genus	Root; d__Bacteria; p__Pseudomonadota; c__Gammaproteobacteria; o__Enterobacterales; f__Pasteurellaceae; g__Haemophilus_D
F7_S23_raw_R1	0.15	0.8	0.06	genus	Root; d__Bacteria; p__Pseudomonadota; c__Gammaproteobacteria; o__Enterobacterales; f__Enterobacteriaceae; g__Escherichia
F7_S23_raw_R1	4.9	267.54	21.15	genus	Root; d__Bacteria; p__Bacteroidota; c__Bacteroidia; o__Bacteroidales; f__Bacteroidaceae; g__Bacteroides
F7_S23_raw_R1	0	184.63	14.6	genus	Root; d__Bacteria; p__Bacteroidota; c__Bacteroidia; o__Bacteroidales; f__Bacteroidaceae; g__Phocaeicola
F7_S23_raw_R1	1.66	12.97	1.03	genus	Root; d__Bacteria; p__Bacteroidota; c__Bacteroidia; o__Bacteroidales; f__Tannerellaceae; g__Parabacteroides
F7_S23_raw_R1	0	4.7	0.37	genus	Root; d__Bacteria; p__Bacteroidota; c__Bacteroidia; o__Bacteroidales; f__Rikenellaceae; g__Alistipes
F7_S23_raw_R1	0	4.47	0.35	genus	Root; d__Bacteria; p__Bacteroidota; c__Bacteroidia; o__Bacteroidales; f__Marinifilaceae; g__Odoribacter
F7_S23_raw_R1	0.06	7.58	0.6	genus	Root; d__Bacteria; p__Bacillota_A; c__Clostridia; o__Oscillospirales; f__Ruminococcaceae; g__Ruthenibacterium
F7_S23_raw_R1	0.21	3.57	0.28	genus	Root; d__Bacteria; p__Bacillota_A; c__Clostridia; o__Oscillospirales; f__Ruminococcaceae; g__Gemmiger
F7_S23_raw_R1	0.02	1.34	0.11	genus	Root; d__Bacteria; p__Bacillota_A; c__Clostridia; o__Oscillospirales; f__Ruminococcaceae; g__Harryflintia
F7_S23_raw_R1	0.01	1.46	0.12	genus	Root; d__Bacteria; p__Bacillota_A; c__Clostridia; o__Oscillospirales; f__Ruminococcaceae; g__Negativibacillus
F7_S23_raw_R1	42.44	342.94	27.12	genus	Root; d__Bacteria; p__Bacillota_A; c__Clostridia; o__Oscillospirales; f__Ruminococcaceae; g__Faecalibacterium
F7_S23_raw_R1	0.04	1.43	0.11	genus	Root; d__Bacteria; p__Bacillota_A; c__Clostridia; o__Oscillospirales; f__Ruminococcaceae; g__Pseudoruminococcus_B
F7_S23_raw_R1	0.41	0.41	0.03	genus	Root; d__Bacteria; p__Bacillota_A; c__Clostridia; o__Oscillospirales; f__Ruminococcaceae; g__Metaruminococcus_A
F7_S23_raw_R1	0.35	0.35	0.03	genus	Root; d__Bacteria; p__Bacillota_A; c__Clostridia; o__Oscillospirales; f__Ruminococcaceae; g__Zongyangia
F7_S23_raw_R1	0	61.86	4.89	genus	Root; d__Bacteria; p__Bacillota_A; c__Clostridia; o__Oscillospirales; f__Ruminococcaceae; g__Anaerotruncus
F7_S23_raw_R1	0	2.89	0.23	genus	Root; d__Bacteria; p__Bacillota_A; c__Clostridia; o__Oscillospirales; f__Ruminococcaceae; g__Schneewindia
F7_S23_raw_R1	47.97	55.69	4.4	genus	Root; d__Bacteria; p__Bacillota_A; c__Clostridia; o__Oscillospirales; f__Acutalibacteraceae; g__Anaeromassilibacillus
F7_S23_raw_R1	1.93	5.79	0.46	genus	Root; d__Bacteria; p__Bacillota_A; c__Clostridia; o__Oscillospirales; f__Acutalibacteraceae; g__CAKTXU01
F7_S23_raw_R1	0.43	0.43	0.03	genus	Root; d__Bacteria; p__Bacillota_A; c__Clostridia; o__Oscillospirales; f__Acutalibacteraceae; g__Clostridium_A
F7_S23_raw_R1	0.02	0.46	0.04	genus	Root; d__Bacteria; p__Bacillota_A; c__Clostridia; o__Oscillospirales; f__Acutalibacteraceae; g__RGIG7067
F7_S23_raw_R1	0.76	0.76	0.06	genus	Root; d__Bacteria; p__Bacillota_A; c__Clostridia; o__Oscillospirales; f__Acutalibacteraceae; g__Timburyella
F7_S23_raw_R1	0.08	2.67	0.21	genus	Root; d__Bacteria; p__Bacillota_A; c__Clostridia; o__Oscillospirales; f__Acutalibacteraceae; g__Scatavimonas
F7_S23_raw_R1	0.48	5.0	0.4	genus	Root; d__Bacteria; p__Bacillota_A; c__Clostridia; o__Oscillospirales; f__Acutalibacteraceae; g__CAJFUH01
F7_S23_raw_R1	0.03	0.79	0.06	genus	Root; d__Bacteria; p__Bacillota_A; c__Clostridia; o__Oscillospirales; f__Acutalibacteraceae; g__Eubacterium_R
F7_S23_raw_R1	0.14	1.16	0.09	genus	Root; d__Bacteria; p__Bacillota_A; c__Clostridia; o__Oscillospirales; f__Acutalibacteraceae; g__UMGS856
F7_S23_raw_R1	0	5.85	0.46	genus	Root; d__Bacteria; p__Bacillota_A; c__Clostridia; o__Oscillospirales; f__Acutalibacteraceae; g__UMGS1623
F7_S23_raw_R1	3.22	7.98	0.63	genus	Root; d__Bacteria; p__Bacillota_A; c__Clostridia; o__Oscillospirales; f__Oscillospiraceae; g__Faecousia
F7_S23_raw_R1	1.01	3.8	0.3	genus	Root; d__Bacteria; p__Bacillota_A; c__Clostridia; o__Oscillospirales; f__Oscillospiraceae; g__Lawsonibacter
F7_S23_raw_R1	0.2	3.37	0.27	genus	Root; d__Bacteria; p__Bacillota_A; c__Clostridia; o__Oscillospirales; f__Oscillospiraceae; g__Dysosmobacter
F7_S23_raw_R1	0	20.06	1.59	genus	Root; d__Bacteria; p__Bacillota_A; c__Clostridia; o__Oscillospirales; f__Oscillospiraceae; g__Flavonifractor
F7_S23_raw_R1	0	17.72	1.4	genus	Root; d__Bacteria; p__Bacillota_A; c__Clostridia; o__Oscillospirales; f__Oscillospiraceae; g__Evtepia
F7_S23_raw_R1	0	1.28	0.1	genus	Root; d__Bacteria; p__Bacillota_A; c__Clostridia; o__Oscillospirales; f__Oscillospiraceae; g__DXTB01
F7_S23_raw_R1	0.4	0.4	0.03	genus	Root; d__Bacteria; p__Bacillota_A; c__Clostridia; o__Oscillospirales; f__Butyricicoccaceae; g__Agathobaculum
F7_S23_raw_R1	0	0.74	0.06	genus	Root; d__Bacteria; p__Bacillota_A; c__Clostridia; o__Christensenellales; f__Aristaeellaceae; g__Onthenecus
F7_S23_raw_R1	0	0.4	0.03	genus	Root; d__Bacteria; p__Bacillota_A; c__Clostridia; o__Christensenellales; f__QAND01; g__UMGS1975
F7_S23_raw_R1	1.14	1.14	0.09	genus	Root; d__Bacteria; p__Bacillota_A; c__Clostridia; o__Lachnospirales; f__Lachnospiraceae; g__Enterocloster
F7_S23_raw_R1	0.08	1.47	0.12	genus	Root; d__Bacteria; p__Bacillota_A; c__Clostridia; o__Lachnospirales; f__Lachnospiraceae; g__Roseburia
F7_S23_raw_R1	0.92	1.97	0.16	genus	Root; d__Bacteria; p__Bacillota_A; c__Clostridia; o__Lachnospirales; f__Lachnospiraceae; g__Blautia_A
F7_S23_raw_R1	0.05	1.19	0.09	genus	Root; d__Bacteria; p__Bacillota_A; c__Clostridia; o__Lachnospirales; f__Lachnospiraceae; g__Lachnospira
F7_S23_raw_R1	0	3.28	0.26	genus	Root; d__Bacteria; p__Bacillota_A; c__Clostridia; o__Lachnospirales; f__Lachnospiraceae; g__Mediterraneibacter
F7_S23_raw_R1	0	1.13	0.09	genus	Root; d__Bacteria; p__Bacillota_A; c__Clostridia; o__Lachnospirales; f__Lachnospiraceae; g__Brotaphodocola
F7_S23_raw_R1	0	0.62	0.05	genus	Root; d__Bacteria; p__Bacillota_A; c__Clostridia; o__Lachnospirales; f__Lachnospiraceae; g__Otoolea
F7_S23_raw_R1	0	26.32	2.08	genus	Root; d__Bacteria; p__Bacillota_A; c__Clostridia; o__Lachnospirales; f__Anaerotignaceae; g__Metalachnospira
F7_S23_raw_R1	0	1.53	0.12	genus	Root; d__Bacteria; p__Bacillota_A; c__Clostridia; o__Lachnospirales; f__Anaerotignaceae; g__JAGZLR01
F7_S23_raw_R1	0	0.57	0.05	genus	Root; d__Bacteria; p__Bacillota_A; c__Clostridia; o__Lachnospirales; f__Anaerotignaceae; g__JANFXS01
F7_S23_raw_R1	0	2.94	0.23	genus	Root; d__Bacteria; p__Bacillota_A; c__Clostridia; o__Peptostreptococcales; f__Peptostreptococcaceae; g__Intestinibacter
F7_S23_raw_R1	0	4.41	0.35	genus	Root; d__Bacteria; p__Bacillota_A; c__Clostridia; o__Peptostreptococcales; f__Peptostreptococcaceae; g__Romboutsia
F7_S23_raw_R1	0	0.57	0.05	genus	Root; d__Bacteria; p__Bacillota_A; c__Clostridia; o__Monoglobales; f__Monoglobaceae; g__CAJTWN01
F7_S23_raw_R1	0	2.15	0.17	genus	Root; d__Bacteria; p__Bacillota_A; c__Clostridia; o__Monoglobales; f__Monoglobaceae; g__Monoglobus
F7_S23_raw_R1	0	6.96	0.55	genus	Root; d__Bacteria; p__Bacillota_A; c__Clostridia; o__Eubacteriales; f__Eubacteriaceae; g__Eubacterium
F7_S23_raw_R1	0	33.11	2.62	genus	Root; d__Bacteria; p__Bacillota_A; c__Clostridia; o__Clostridiales; f__Clostridiaceae; g__Clostridium
F7_S23_raw_R1	0	0.79	0.06	genus	Root; d__Bacteria; p__Bacillota_A; c__Clostridia; o__UBA1381; f__UBA1381; g__Hominilimicola
F7_S23_raw_R1	0	23.13	1.83	genus	Root; d__Bacteria; p__Bacillota_C; c__Negativicutes; o__Veillonellales; f__Dialisteraceae; g__Dialister
F7_S23_raw_R1	0	2.53	0.2	genus	Root; d__Bacteria; p__Bacillota_I; c__Bacilli_A; o__Erysipelotrichales; f__Erysipelotrichaceae; g__Longicatena
F7_S23_raw_R1	14.22	14.22	1.12	species	Root; d__Bacteria; p__Verrucomicrobiota; c__Verrucomicrobiae; o__Verrucomicrobiales; f__Akkermansiaceae; g__Akkermansia; s__Akkermansia massiliensis
F7_S23_raw_R1	1.1	1.1	0.09	species	Root; d__Bacteria; p__Verrucomicrobiota; c__Verrucomicrobiae; o__Verrucomicrobiales; f__Akkermansiaceae; g__Akkermansia; s__Akkermansia muciniphila_F
F7_S23_raw_R1	0.65	0.65	0.05	species	Root; d__Bacteria; p__Pseudomonadota; c__Gammaproteobacteria; o__Enterobacterales; f__Enterobacteriaceae; g__Escherichia; s__Escherichia coli
F7_S23_raw_R1	117.75	117.75	9.31	species	Root; d__Bacteria; p__Bacteroidota; c__Bacteroidia; o__Bacteroidales; f__Bacteroidaceae; g__Bacteroides; s__Bacteroides uniformis
F7_S23_raw_R1	26.75	26.75	2.12	species	Root; d__Bacteria; p__Bacteroidota; c__Bacteroidia; o__Bacteroidales; f__Bacteroidaceae; g__Bacteroides; s__Bacteroides stercoris_A
F7_S23_raw_R1	80.96	80.96	6.4	species	Root; d__Bacteria; p__Bacteroidota; c__Bacteroidia; o__Bacteroidales; f__Bacteroidaceae; g__Bacteroides; s__Bacteroides stercoris
F7_S23_raw_R1	37.18	37.18	2.94	species	Root; d__Bacteria; p__Bacteroidota; c__Bacteroidia; o__Bacteroidales; f__Bacteroidaceae; g__Bacteroides; s__Bacteroides thetaiotaomicron
F7_S23_raw_R1	23.41	23.41	1.85	species	Root; d__Bacteria; p__Bacteroidota; c__Bacteroidia; o__Bacteroidales; f__Bacteroidaceae; g__Phocaeicola; s__Phocaeicola sp900760795
F7_S23_raw_R1	82.72	82.72	6.54	species	Root; d__Bacteria; p__Bacteroidota; c__Bacteroidia; o__Bacteroidales; f__Bacteroidaceae; g__Phocaeicola; s__Phocaeicola massiliensis
F7_S23_raw_R1	78.5	78.5	6.21	species	Root; d__Bacteria; p__Bacteroidota; c__Bacteroidia; o__Bacteroidales; f__Bacteroidaceae; g__Phocaeicola; s__Phocaeicola vulgatus
F7_S23_raw_R1	11.31	11.31	0.89	species	Root; d__Bacteria; p__Bacteroidota; c__Bacteroidia; o__Bacteroidales; f__Tannerellaceae; g__Parabacteroides; s__Parabacteroides merdae
F7_S23_raw_R1	4.7	4.7	0.37	species	Root; d__Bacteria; p__Bacteroidota; c__Bacteroidia; o__Bacteroidales; f__Rikenellaceae; g__Alistipes; s__Alistipes shahii
F7_S23_raw_R1	4.47	4.47	0.35	species	Root; d__Bacteria; p__Bacteroidota; c__Bacteroidia; o__Bacteroidales; f__Marinifilaceae; g__Odoribacter; s__Odoribacter splanchnicus
F7_S23_raw_R1	7.52	7.52	0.59	species	Root; d__Bacteria; p__Bacillota_A; c__Clostridia; o__Oscillospirales; f__Ruminococcaceae; g__Ruthenibacterium; s__Ruthenibacterium merdipullorum
F7_S23_raw_R1	3.36	3.36	0.27	species	Root; d__Bacteria; p__Bacillota_A; c__Clostridia; o__Oscillospirales; f__Ruminococcaceae; g__Gemmiger; s__Gemmiger formicilis
F7_S23_raw_R1	1.32	1.32	0.1	species	Root; d__Bacteria; p__Bacillota_A; c__Clostridia; o__Oscillospirales; f__Ruminococcaceae; g__Harryflintia; s__Harryflintia acetispora
F7_S23_raw_R1	1.45	1.45	0.11	species	Root; d__Bacteria; p__Bacillota_A; c__Clostridia; o__Oscillospirales; f__Ruminococcaceae; g__Negativibacillus; s__Negativibacillus sp000435195
F7_S23_raw_R1	255.37	255.37	20.19	species	Root; d__Bacteria; p__Bacillota_A; c__Clostridia; o__Oscillospirales; f__Ruminococcaceae; g__Faecalibacterium; s__Faecalibacterium longum
F7_S23_raw_R1	45.13	45.13	3.57	species	Root; d__Bacteria; p__Bacillota_A; c__Clostridia; o__Oscillospirales; f__Ruminococcaceae; g__Faecalibacterium; s__Faecalibacterium sp934514285
F7_S23_raw_R1	1.39	1.39	0.11	species	Root; d__Bacteria; p__Bacillota_A; c__Clostridia; o__Oscillospirales; f__Ruminococcaceae; g__Pseudoruminococcus_B; s__Pseudoruminococcus_B merdavium
F7_S23_raw_R1	61.86	61.86	4.89	species	Root; d__Bacteria; p__Bacillota_A; c__Clostridia; o__Oscillospirales; f__Ruminococcaceae; g__Anaerotruncus; s__Anaerotruncus colihominis
F7_S23_raw_R1	2.89	2.89	0.23	species	Root; d__Bacteria; p__Bacillota_A; c__Clostridia; o__Oscillospirales; f__Ruminococcaceae; g__Schneewindia; s__Schneewindia gallinarum
F7_S23_raw_R1	4.88	4.88	0.39	species	Root; d__Bacteria; p__Bacillota_A; c__Clostridia; o__Oscillospirales; f__Acutalibacteraceae; g__Anaeromassilibacillus; s__Anaeromassilibacillus sp001305115
F7_S23_raw_R1	2.84	2.84	0.22	species	Root; d__Bacteria; p__Bacillota_A; c__Clostridia; o__Oscillospirales; f__Acutalibacteraceae; g__Anaeromassilibacillus; s__Anaeromassilibacillus stercoravium
F7_S23_raw_R1	3.86	3.86	0.31	species	Root; d__Bacteria; p__Bacillota_A; c__Clostridia; o__Oscillospirales; f__Acutalibacteraceae; g__CAKTXU01; s__CAKTXU01 sp934615635
F7_S23_raw_R1	0.44	0.44	0.03	species	Root; d__Bacteria; p__Bacillota_A; c__Clostridia; o__Oscillospirales; f__Acutalibacteraceae; g__RGIG7067; s__RGIG7067 sp944384895
F7_S23_raw_R1	2.59	2.59	0.2	species	Root; d__Bacteria; p__Bacillota_A; c__Clostridia; o__Oscillospirales; f__Acutalibacteraceae; g__Scatavimonas; s__Scatavimonas sp900540275
F7_S23_raw_R1	4.52	4.52	0.36	species	Root; d__Bacteria; p__Bacillota_A; c__Clostridia; o__Oscillospirales; f__Acutalibacteraceae; g__CAJFUH01; s__CAJFUH01 sp904420155
F7_S23_raw_R1	0.76	0.76	0.06	species	Root; d__Bacteria; p__Bacillota_A; c__Clostridia; o__Oscillospirales; f__Acutalibacteraceae; g__Eubacterium_R; s__Eubacterium_R sp000436835
F7_S23_raw_R1	1.02	1.02	0.08	species	Root; d__Bacteria; p__Bacillota_A; c__Clostridia; o__Oscillospirales; f__Acutalibacteraceae; g__UMGS856; s__UMGS856 sp900546265
F7_S23_raw_R1	5.85	5.85	0.46	species	Root; d__Bacteria; p__Bacillota_A; c__Clostridia; o__Oscillospirales; f__Acutalibacteraceae; g__UMGS1623; s__UMGS1623 sp934647945
F7_S23_raw_R1	4.76	4.76	0.38	species	Root; d__Bacteria; p__Bacillota_A; c__Clostridia; o__Oscillospirales; f__Oscillospiraceae; g__Faecousia; s__Faecousia gallistercoris
F7_S23_raw_R1	1.68	1.68	0.13	species	Root; d__Bacteria; p__Bacillota_A; c__Clostridia; o__Oscillospirales; f__Oscillospiraceae; g__Lawsonibacter; s__Lawsonibacter sp900066825
F7_S23_raw_R1	1.11	1.11	0.09	species	Root; d__Bacteria; p__Bacillota_A; c__Clostridia; o__Oscillospirales; f__Oscillospiraceae; g__Lawsonibacter; s__Lawsonibacter aceti
F7_S23_raw_R1	1.88	1.88	0.15	species	Root; d__Bacteria; p__Bacillota_A; c__Clostridia; o__Oscillospirales; f__Oscillospiraceae; g__Dysosmobacter; s__Dysosmobacter faecalis
F7_S23_raw_R1	1.29	1.29	0.1	species	Root; d__Bacteria; p__Bacillota_A; c__Clostridia; o__Oscillospirales; f__Oscillospiraceae; g__Dysosmobacter; s__Dysosmobacter welbionis
F7_S23_raw_R1	20.06	20.06	1.59	species	Root; d__Bacteria; p__Bacillota_A; c__Clostridia; o__Oscillospirales; f__Oscillospiraceae; g__Flavonifractor; s__Flavonifractor plautii
F7_S23_raw_R1	17.72	17.72	1.4	species	Root; d__Bacteria; p__Bacillota_A; c__Clostridia; o__Oscillospirales; f__Oscillospiraceae; g__Evtepia; s__Evtepia excrementipullorum
F7_S23_raw_R1	1.28	1.28	0.1	species	Root; d__Bacteria; p__Bacillota_A; c__Clostridia; o__Oscillospirales; f__Oscillospiraceae; g__DXTB01; s__DXTB01 sp019410105
F7_S23_raw_R1	0.74	0.74	0.06	species	Root; d__Bacteria; p__Bacillota_A; c__Clostridia; o__Christensenellales; f__Aristaeellaceae; g__Onthenecus; s__Onthenecus sp900199405
F7_S23_raw_R1	0.4	0.4	0.03	species	Root; d__Bacteria; p__Bacillota_A; c__Clostridia; o__Christensenellales; f__QAND01; g__UMGS1975; s__UMGS1975 sp900546685
F7_S23_raw_R1	1.39	1.39	0.11	species	Root; d__Bacteria; p__Bacillota_A; c__Clostridia; o__Lachnospirales; f__Lachnospiraceae; g__Roseburia; s__Roseburia intestinalis
F7_S23_raw_R1	1.05	1.05	0.08	species	Root; d__Bacteria; p__Bacillota_A; c__Clostridia; o__Lachnospirales; f__Lachnospiraceae; g__Blautia_A; s__Blautia_A caecimuris
F7_S23_raw_R1	0.54	0.54	0.04	species	Root; d__Bacteria; p__Bacillota_A; c__Clostridia; o__Lachnospirales; f__Lachnospiraceae; g__Lachnospira; s__Lachnospira eligens
F7_S23_raw_R1	0.6	0.6	0.05	species	Root; d__Bacteria; p__Bacillota_A; c__Clostridia; o__Lachnospirales; f__Lachnospiraceae; g__Lachnospira; s__Lachnospira eligens_A
F7_S23_raw_R1	3.28	3.28	0.26	species	Root; d__Bacteria; p__Bacillota_A; c__Clostridia; o__Lachnospirales; f__Lachnospiraceae; g__Mediterraneibacter; s__Mediterraneibacter torques
F7_S23_raw_R1	1.13	1.13	0.09	species	Root; d__Bacteria; p__Bacillota_A; c__Clostridia; o__Lachnospirales; f__Lachnospiraceae; g__Brotaphodocola; s__Brotaphodocola sp900538475
F7_S23_raw_R1	0.62	0.62	0.05	species	Root; d__Bacteria; p__Bacillota_A; c__Clostridia; o__Lachnospirales; f__Lachnospiraceae; g__Otoolea; s__Otoolea sp000435655
F7_S23_raw_R1	26.32	26.32	2.08	species	Root; d__Bacteria; p__Bacillota_A; c__Clostridia; o__Lachnospirales; f__Anaerotignaceae; g__Metalachnospira; s__Metalachnospira sp902406135
F7_S23_raw_R1	1.53	1.53	0.12	species	Root; d__Bacteria; p__Bacillota_A; c__Clostridia; o__Lachnospirales; f__Anaerotignaceae; g__JAGZLR01; s__JAGZLR01 sp018364635
F7_S23_raw_R1	0.57	0.57	0.05	species	Root; d__Bacteria; p__Bacillota_A; c__Clostridia; o__Lachnospirales; f__Anaerotignaceae; g__JANFXS01; s__JANFXS01 sp024460105
F7_S23_raw_R1	2.94	2.94	0.23	species	Root; d__Bacteria; p__Bacillota_A; c__Clostridia; o__Peptostreptococcales; f__Peptostreptococcaceae; g__Intestinibacter; s__Intestinibacter bartlettii
F7_S23_raw_R1	4.41	4.41	0.35	species	Root; d__Bacteria; p__Bacillota_A; c__Clostridia; o__Peptostreptococcales; f__Peptostreptococcaceae; g__Romboutsia; s__Romboutsia timonensis
F7_S23_raw_R1	0.57	0.57	0.05	species	Root; d__Bacteria; p__Bacillota_A; c__Clostridia; o__Monoglobales; f__Monoglobaceae; g__CAJTWN01; s__CAJTWN01 sp910580105
F7_S23_raw_R1	2.15	2.15	0.17	species	Root; d__Bacteria; p__Bacillota_A; c__Clostridia; o__Monoglobales; f__Monoglobaceae; g__Monoglobus; s__Monoglobus pectinilyticus
F7_S23_raw_R1	6.96	6.96	0.55	species	Root; d__Bacteria; p__Bacillota_A; c__Clostridia; o__Eubacteriales; f__Eubacteriaceae; g__Eubacterium; s__Eubacterium callanderi
F7_S23_raw_R1	33.11	33.11	2.62	species	Root; d__Bacteria; p__Bacillota_A; c__Clostridia; o__Clostridiales; f__Clostridiaceae; g__Clostridium; s__Clostridium sp900540255
F7_S23_raw_R1	0.79	0.79	0.06	species	Root; d__Bacteria; p__Bacillota_A; c__Clostridia; o__UBA1381; f__UBA1381; g__Hominilimicola; s__Hominilimicola fabiformis
F7_S23_raw_R1	23.13	23.13	1.83	species	Root; d__Bacteria; p__Bacillota_C; c__Negativicutes; o__Veillonellales; f__Dialisteraceae; g__Dialister; s__Dialister invisus
F7_S23_raw_R1	2.53	2.53	0.2	species	Root; d__Bacteria; p__Bacillota_I; c__Bacilli_A; o__Erysipelotrichales; f__Erysipelotrichaceae; g__Longicatena; s__Longicatena caecimuris
