F4_S20_contig_13777	F4_S20_contig_13777,F5_S21_contig_14742,F3_S19_contig_3920,F6_S22_contig_11358,F8_S24_contig_14777,GP3_S28_contig_5294,GP5_S30_contig_5207,GP4_S29_contig_2809,F7_S23_contig_369,M2_S26_contig_8244,M3_S27_contig_25209,M1_S25_contig_3145,M2_S26_contig_6371|provirus_22542_35299,M3_S27_contig_10403|provirus_3_12760,M1_S25_contig_8052|provirus_20984_33651,M1_S25_contig_14430
F7_S23_contig_15766	F7_S23_contig_15766,F8_S24_contig_14638,F5_S21_contig_12370,F6_S22_contig_3410,F4_S20_contig_2985,F3_S19_contig_9460,M1_S25_contig_20552|provirus_107293_159620,M2_S26_contig_29612|provirus_107293_159620,M3_S27_contig_15217|provirus_107734_160061,GP5_S30_contig_1715,GP3_S28_contig_1841,GP4_S29_contig_1311,GP3_S28_contig_4995,GP5_S30_contig_3217,GP4_S29_contig_3290
GP4_S29_contig_4216|provirus_1_51411	GP4_S29_contig_4216|provirus_1_51411,GP5_S30_contig_2410,GP3_S28_contig_2769,F3_S19_contig_12121|provirus_31745_81660,F4_S20_contig_12270|provirus_31745_81660,F5_S21_contig_6831|provirus_31745_81660,F6_S22_contig_3172|provirus_31745_81660,F7_S23_contig_8512|provirus_31745_81660,F8_S24_contig_6524|provirus_31745_81660,M3_S27_contig_30702,M1_S25_contig_21499|provirus_21496_51358,M1_S25_contig_8656|provirus_2_20042,M3_S27_contig_16759|provirus_11_14813,M2_S26_contig_32133,M2_S26_contig_17408
F3_S19_contig_5192	F3_S19_contig_5192,F4_S20_contig_1083,F5_S21_contig_1616,F6_S22_contig_14683,F7_S23_contig_207,F8_S24_contig_11231,GP3_S28_contig_5335,GP4_S29_contig_4434,GP5_S30_contig_5292,M1_S25_contig_10331,M2_S26_contig_30268,M3_S27_contig_26789,M1_S25_contig_24304|provirus_3_16568,M2_S26_contig_28578|provirus_3_16568,M3_S27_contig_13761|provirus_3_16568
M1_S25_contig_33292|provirus_25729_62019	M1_S25_contig_33292|provirus_25729_62019,F3_S19_contig_1255,F4_S20_contig_5165,F5_S21_contig_5824,F6_S22_contig_2085,F7_S23_contig_2709,F8_S24_contig_1191,M3_S27_contig_5893|provirus_13495_43517,M2_S26_contig_31257,GP5_S30_contig_1967,GP3_S28_contig_1991,GP4_S29_contig_904,GP3_S28_contig_1295,GP4_S29_contig_4440,GP5_S30_contig_2727
F7_S23_contig_428	F7_S23_contig_428,F3_S19_contig_7671,F4_S20_contig_6905,F5_S21_contig_7294,GP3_S28_contig_3380,GP4_S29_contig_4217,GP5_S30_contig_4569,M1_S25_contig_43338,F8_S24_contig_4218,M2_S26_contig_22938,F6_S22_contig_5006,M3_S27_contig_22160,F8_S24_contig_14706,F6_S22_contig_8788
F8_S24_contig_7266	F8_S24_contig_7266,GP4_S29_contig_1908,F3_S19_contig_8917,F4_S20_contig_779,F5_S21_contig_9712,F6_S22_contig_3535,F7_S23_contig_12676,GP5_S30_contig_4795,GP3_S28_contig_5261,M2_S26_contig_37298,M3_S27_contig_37176,M1_S25_contig_25815,M3_S27_contig_23874,M1_S25_contig_37410
F3_S19_contig_2899	F3_S19_contig_2899,F4_S20_contig_1494,F5_S21_contig_10764,F6_S22_contig_3709,F7_S23_contig_12214,F8_S24_contig_1331,GP3_S28_contig_5322,GP4_S29_contig_4353,GP5_S30_contig_2154,M1_S25_contig_7293,M1_S25_contig_13227,M3_S27_contig_6366,M2_S26_contig_34246,M3_S27_contig_20691
F6_S22_contig_10060	F6_S22_contig_10060,F4_S20_contig_531,F5_S21_contig_12422,F7_S23_contig_2409,F3_S19_contig_9915,M1_S25_contig_14154|provirus_55149_116278,M2_S26_contig_15230|provirus_108960_170089,M3_S27_contig_6848|provirus_106161_167290,GP4_S29_contig_2159,GP3_S28_contig_468,GP5_S30_contig_632,F8_S24_contig_3917,F8_S24_contig_1329,GP5_S30_contig_1237
F8_S24_contig_3918|provirus_1_76820	F8_S24_contig_3918|provirus_1_76820,F4_S20_contig_6291,F6_S22_contig_905,M3_S27_contig_12320,F5_S21_contig_2539,F3_S19_contig_753,M2_S26_contig_5124,GP3_S28_contig_246,GP5_S30_contig_831,M1_S25_contig_9669,GP4_S29_contig_2542,GP4_S29_contig_605,F7_S23_contig_2208,F7_S23_contig_1175
M2_S26_contig_21889	M2_S26_contig_21889,M1_S25_contig_19765,F6_S22_contig_7461,F5_S21_contig_3045,F4_S20_contig_13243,F8_S24_contig_15021,F7_S23_contig_192,F3_S19_contig_2575,GP5_S30_contig_3727,GP4_S29_contig_2774,GP3_S28_contig_417,M3_S27_contig_11031,M3_S27_contig_19459
F3_S19_contig_14295	F3_S19_contig_14295,F5_S21_contig_563,F4_S20_contig_14413,F6_S22_contig_5416,F7_S23_contig_13404,F8_S24_contig_2732,GP5_S30_contig_1597,GP3_S28_contig_2729,M2_S26_contig_25603|provirus_145441_178903,M3_S27_contig_23864|provirus_145441_178903,GP4_S29_contig_3138,M1_S25_contig_9189|provirus_28202_49458,M1_S25_contig_29778|provirus_145441_157772
M2_S26_contig_379|provirus_743_71857	M2_S26_contig_379|provirus_743_71857,F3_S19_contig_14150,F4_S20_contig_14472,F5_S21_contig_14557,F6_S22_contig_14143,F7_S23_contig_15623,F8_S24_contig_14301,GP3_S28_contig_5331,GP4_S29_contig_2186,M1_S25_contig_17233|provirus_36673_100242,M3_S27_contig_24135|provirus_3_63572,GP5_S30_contig_4255,GP5_S30_contig_4068
M1_S25_contig_14021	M1_S25_contig_14021,F4_S20_contig_11279,M3_S27_contig_15703,F7_S23_contig_5778,F5_S21_contig_14447,F6_S22_contig_5061,F8_S24_contig_1365,GP3_S28_contig_2289,GP4_S29_contig_150,GP5_S30_contig_3521,F3_S19_contig_10526,M2_S26_contig_38745,M2_S26_contig_3006
GP4_S29_contig_2637	GP4_S29_contig_2637,F3_S19_contig_10874,F4_S20_contig_6028,F5_S21_contig_7381,F6_S22_contig_3030,F7_S23_contig_12632,F8_S24_contig_6938,GP3_S28_contig_1916,GP5_S30_contig_450,M1_S25_contig_24909,M2_S26_contig_23027,M1_S25_contig_4677,M1_S25_contig_7091
F3_S19_contig_5582	F3_S19_contig_5582,F4_S20_contig_14511,F5_S21_contig_14559,F6_S22_contig_13898,F7_S23_contig_15681,F8_S24_contig_14851,GP5_S30_contig_3672,M1_S25_contig_11171,M2_S26_contig_30583,M3_S27_contig_21815,GP3_S28_contig_1682,GP4_S29_contig_729
M1_S25_contig_12369	M1_S25_contig_12369,M3_S27_contig_34759,M2_S26_contig_29455,F3_S19_contig_3635,F5_S21_contig_14401,F4_S20_contig_11938,F7_S23_contig_7748,F6_S22_contig_2651,F8_S24_contig_8748,GP3_S28_contig_812,GP5_S30_contig_1942,GP4_S29_contig_4105
F3_S19_contig_4256	F3_S19_contig_4256,F4_S20_contig_2865,F5_S21_contig_3983,F6_S22_contig_825,F7_S23_contig_2992,F8_S24_contig_10371,GP3_S28_contig_5079,GP5_S30_contig_5074,GP4_S29_contig_156,M3_S27_contig_11478,M1_S25_contig_8842,GP4_S29_contig_2686
M1_S25_contig_5104|provirus_57339_105492	M1_S25_contig_5104|provirus_57339_105492,M3_S27_contig_25873|provirus_57339_105492,F6_S22_contig_424,GP3_S28_contig_1422,GP5_S30_contig_2434,M2_S26_contig_16765,F3_S19_contig_4616,F4_S20_contig_4272,F5_S21_contig_1043,F7_S23_contig_10969,F8_S24_contig_4595,GP4_S29_contig_1412
F3_S19_contig_8874	F3_S19_contig_8874,F4_S20_contig_1639,F5_S21_contig_534,F6_S22_contig_12440,F7_S23_contig_3491,F8_S24_contig_7103,GP3_S28_contig_1358,GP4_S29_contig_471,GP5_S30_contig_4347,M1_S25_contig_26348|provirus_367093_401731,M2_S26_contig_27598|provirus_367093_401731,M3_S27_contig_40132|provirus_367092_401730
F4_S20_contig_1288	F4_S20_contig_1288,F7_S23_contig_7715,F3_S19_contig_2916,F5_S21_contig_3890,F6_S22_contig_8013,M1_S25_contig_18755,M2_S26_contig_15227,M3_S27_contig_37280,F8_S24_contig_6575|provirus_124888_141135,GP5_S30_contig_2700,GP4_S29_contig_3095,GP3_S28_contig_1034
M2_S26_contig_38028|provirus_22850_63980	M2_S26_contig_38028|provirus_22850_63980,M1_S25_contig_21807|provirus_129340_169916,M3_S27_contig_4775|provirus_130719_171295,F3_S19_contig_3384,F4_S20_contig_1777,F5_S21_contig_5249,F6_S22_contig_937,F7_S23_contig_15502,F8_S24_contig_2527,GP3_S28_contig_2158,GP4_S29_contig_628,GP5_S30_contig_4732
F3_S19_contig_8563	F3_S19_contig_8563,F5_S21_contig_2282,F6_S22_contig_1659,F7_S23_contig_4551,F8_S24_contig_5179,M1_S25_contig_43047,M2_S26_contig_32691,M3_S27_contig_37981,GP3_S28_contig_792,GP4_S29_contig_607,GP5_S30_contig_1774,F4_S20_contig_368
M2_S26_contig_20475|provirus_107198_152019	M2_S26_contig_20475|provirus_107198_152019,M1_S25_contig_12219|provirus_153479_197749,M3_S27_contig_38038|provirus_107201_151471,F3_S19_contig_9942,F4_S20_contig_14401,F5_S21_contig_10071,F7_S23_contig_15772,F8_S24_contig_14747,GP3_S28_contig_5333,GP4_S29_contig_4443,GP5_S30_contig_5240,F6_S22_contig_14912
F3_S19_contig_5541	F3_S19_contig_5541,F4_S20_contig_2522,F5_S21_contig_3865,F6_S22_contig_583,F7_S23_contig_14788,F8_S24_contig_3913,GP3_S28_contig_2961,GP4_S29_contig_1533,GP5_S30_contig_209,M1_S25_contig_6899|provirus_26456_53522,M2_S26_contig_4399|provirus_26456_53522,M3_S27_contig_172|provirus_26456_53522
F3_S19_contig_7771	F3_S19_contig_7771,F4_S20_contig_1643,F6_S22_contig_655,F5_S21_contig_14031,F7_S23_contig_1884,F8_S24_contig_12660,GP5_S30_contig_1741,GP4_S29_contig_2531,M3_S27_contig_37972|provirus_3_20033,GP3_S28_contig_113,M1_S25_contig_24734,GP3_S28_contig_926
F3_S19_contig_10047	F3_S19_contig_10047,F4_S20_contig_2360,F5_S21_contig_1902,F6_S22_contig_14264,F7_S23_contig_4782,F8_S24_contig_8337,GP3_S28_contig_3157,GP4_S29_contig_2290,GP5_S30_contig_1141,M1_S25_contig_28756|provirus_138_38980,M2_S26_contig_22794|provirus_138_38980,M3_S27_contig_1000|provirus_138_38980
F3_S19_contig_2046	F3_S19_contig_2046,GP4_S29_contig_1732,M3_S27_contig_41072,GP3_S28_contig_5314,F6_S22_contig_1712,GP5_S30_contig_5395,M2_S26_contig_32502,M1_S25_contig_731,F5_S21_contig_6024,F7_S23_contig_3089,F8_S24_contig_4405,F4_S20_contig_11658
GP3_S28_contig_869	GP3_S28_contig_869,GP5_S30_contig_201,M2_S26_contig_11928,M3_S27_contig_34590,GP4_S29_contig_1099,F3_S19_contig_10182,F4_S20_contig_10333,F5_S21_contig_6155,F6_S22_contig_6914,F7_S23_contig_5976,F8_S24_contig_1005,M1_S25_contig_3842
GP4_S29_contig_1966	GP4_S29_contig_1966,F8_S24_contig_5230,F6_S22_contig_9326,GP5_S30_contig_5151,F7_S23_contig_4374,M1_S25_contig_173,F5_S21_contig_10638,F3_S19_contig_1550,F4_S20_contig_2791,M2_S26_contig_14637,M3_S27_contig_1681,GP3_S28_contig_1307
F6_S22_contig_6039	F6_S22_contig_6039,GP4_S29_contig_747,F4_S20_contig_5422|provirus_32767_105442,M1_S25_contig_45444,F8_S24_contig_4467,M2_S26_contig_42349,M3_S27_contig_12642,F7_S23_contig_2559,F3_S19_contig_200,F5_S21_contig_4892,GP5_S30_contig_4967,GP3_S28_contig_3386
GP4_S29_contig_477	GP4_S29_contig_477,F3_S19_contig_13144,F4_S20_contig_1939,F5_S21_contig_11266,F6_S22_contig_10153,F7_S23_contig_2497,F8_S24_contig_8690,M1_S25_contig_30657,M3_S27_contig_18455,GP5_S30_contig_4602,GP3_S28_contig_1434,M2_S26_contig_26005
F3_S19_contig_13715	F3_S19_contig_13715,F4_S20_contig_563,F5_S21_contig_2986,F6_S22_contig_385,F7_S23_contig_120,F8_S24_contig_1096,GP3_S28_contig_191,GP4_S29_contig_987,GP5_S30_contig_2722,M1_S25_contig_16607|provirus_88045_129860,M2_S26_contig_31652|provirus_214010_255825,M3_S27_contig_13410|provirus_323139_364954
F7_S23_contig_3274	F7_S23_contig_3274,F8_S24_contig_2467,F4_S20_contig_14237,F5_S21_contig_1405,F6_S22_contig_11363,M3_S27_contig_1463,F3_S19_contig_764,F3_S19_contig_205,M1_S25_contig_2042,M1_S25_contig_18542,GP3_S28_contig_1965,M2_S26_contig_36984
M1_S25_contig_20527|provirus_3613_42685	M1_S25_contig_20527|provirus_3613_42685,M2_S26_contig_19492|provirus_3613_42685,M3_S27_contig_7768|provirus_3613_42685,F5_S21_contig_12719,F3_S19_contig_14568,F4_S20_contig_14394,F6_S22_contig_14191,F7_S23_contig_15662,F8_S24_contig_586,GP3_S28_contig_5332,GP4_S29_contig_3021,GP5_S30_contig_3111
F4_S20_contig_767	F4_S20_contig_767,F8_S24_contig_328,GP3_S28_contig_2261,F7_S23_contig_580,F5_S21_contig_8366,M1_S25_contig_2634,M2_S26_contig_20627,M3_S27_contig_32175,GP4_S29_contig_3662,GP5_S30_contig_526,F6_S22_contig_8822,F3_S19_contig_2018
F3_S19_contig_938	F3_S19_contig_938,F4_S20_contig_8681,F5_S21_contig_3360,F6_S22_contig_7925,F7_S23_contig_8135,F8_S24_contig_14737,GP4_S29_contig_3649,GP3_S28_contig_392,GP5_S30_contig_1217,M1_S25_contig_11417,M3_S27_contig_21590,M2_S26_contig_34305
M2_S26_contig_7833	M2_S26_contig_7833,F5_S21_contig_8919|provirus_7803_28561,F4_S20_contig_144|provirus_2_20757,M3_S27_contig_2562|provirus_7803_28198,F3_S19_contig_480|provirus_1_20348,F6_S22_contig_2538|provirus_1_20222,F8_S24_contig_452,M1_S25_contig_17989,F7_S23_contig_481,GP5_S30_contig_1654,GP3_S28_contig_2018,GP4_S29_contig_934
F4_S20_contig_249	F4_S20_contig_249,F5_S21_contig_14420,F6_S22_contig_268,F7_S23_contig_2034,F8_S24_contig_236,M1_S25_contig_38772,M3_S27_contig_40974,GP3_S28_contig_676,GP4_S29_contig_547,GP5_S30_contig_615,M2_S26_contig_42236,F3_S19_contig_2888|provirus_132_95257
F3_S19_contig_3387|provirus_2_39110	F3_S19_contig_3387|provirus_2_39110,F5_S21_contig_12180|provirus_2_39110,F6_S22_contig_4098|provirus_23287_62395,F7_S23_contig_13164|provirus_2_39110,F8_S24_contig_11464|provirus_2_39110,F4_S20_contig_3847|provirus_2_20423,M1_S25_contig_6383,GP3_S28_contig_2208,M3_S27_contig_38024,M2_S26_contig_36332,GP5_S30_contig_1800,GP4_S29_contig_4115
F6_S22_contig_10347	F6_S22_contig_10347,F4_S20_contig_7874,F8_S24_contig_189,GP5_S30_contig_3644,F7_S23_contig_975,F5_S21_contig_12617,GP4_S29_contig_665,GP3_S28_contig_1143,F3_S19_contig_10836,F3_S19_contig_4720,GP3_S28_contig_608
F8_S24_contig_2863|provirus_6875_44880	F8_S24_contig_2863|provirus_6875_44880,GP3_S28_contig_2902,F5_S21_contig_4319,F7_S23_contig_1746,GP5_S30_contig_5196,M2_S26_contig_36900,M1_S25_contig_9039,F6_S22_contig_11532,F3_S19_contig_7564,F4_S20_contig_3496,GP4_S29_contig_4251
GP4_S29_contig_830	GP4_S29_contig_830,F7_S23_contig_1069|provirus_23829_45034,GP3_S28_contig_2454,GP5_S30_contig_4391,F8_S24_contig_7857,F5_S21_contig_2948|provirus_23829_40121,F3_S19_contig_7190|provirus_23829_39806,F4_S20_contig_87|provirus_23828_39805,F6_S22_contig_7035|provirus_23829_39806,M3_S27_contig_18596|provirus_2284_18261,M1_S25_contig_14002
F3_S19_contig_14370	F3_S19_contig_14370,F4_S20_contig_14369,F5_S21_contig_14549,F7_S23_contig_15699,F8_S24_contig_14729,F6_S22_contig_13846,GP3_S28_contig_665,GP4_S29_contig_2984,GP5_S30_contig_1082,GP5_S30_contig_3195,GP3_S28_contig_2347
F8_S24_contig_3716	F8_S24_contig_3716,F3_S19_contig_11396,F4_S20_contig_7159,F5_S21_contig_8920,F6_S22_contig_11676,F7_S23_contig_1762,M3_S27_contig_6013|provirus_24012_61062,M1_S25_contig_15003|provirus_23349_58072,M2_S26_contig_36884|provirus_23349_58072,GP5_S30_contig_262,GP3_S28_contig_1061
F3_S19_contig_4068	F3_S19_contig_4068,F4_S20_contig_9380,F5_S21_contig_1227,F6_S22_contig_11464,F7_S23_contig_15067,F8_S24_contig_14295,M1_S25_contig_6555,M2_S26_contig_23619,M3_S27_contig_23959,GP5_S30_contig_605,GP4_S29_contig_4238
F4_S20_contig_645	F4_S20_contig_645,GP3_S28_contig_1494,F3_S19_contig_11315,F6_S22_contig_10040,F8_S24_contig_6139,M1_S25_contig_17033,M2_S26_contig_39322,M3_S27_contig_21792,F5_S21_contig_4820,F7_S23_contig_1289,GP5_S30_contig_806
GP3_S28_contig_81	GP3_S28_contig_81,GP5_S30_contig_741,F8_S24_contig_3674,F4_S20_contig_2559,F5_S21_contig_11684,F6_S22_contig_1866,M1_S25_contig_42948,F3_S19_contig_658,M3_S27_contig_32392,M2_S26_contig_11807
F3_S19_contig_14407	F3_S19_contig_14407,F4_S20_contig_14491,F5_S21_contig_14572,F6_S22_contig_14302,F7_S23_contig_15747,F8_S24_contig_14366,GP5_S30_contig_2740,GP3_S28_contig_3352,GP4_S29_contig_1201,GP3_S28_contig_3475
F3_S19_contig_1373|provirus_104805_129947	F3_S19_contig_1373|provirus_104805_129947,F4_S20_contig_3163|provirus_160257_185399,F5_S21_contig_14163|provirus_160257_185399,F6_S22_contig_10790|provirus_160391_185533,F7_S23_contig_3516|provirus_2_25144,F8_S24_contig_7882|provirus_160257_185399,GP3_S28_contig_2561,GP5_S30_contig_883,GP4_S29_contig_123,GP5_S30_contig_1950
F3_S19_contig_4091|provirus_17236_70027	F3_S19_contig_4091|provirus_17236_70027,F4_S20_contig_3003|provirus_17236_70027,F5_S21_contig_3306|provirus_17236_70027,F6_S22_contig_4240|provirus_17236_70027,F7_S23_contig_2440|provirus_17236_70027,F8_S24_contig_1789|provirus_17236_70027,GP4_S29_contig_448|provirus_221_53012,GP5_S30_contig_1883|provirus_221_53012,GP3_S28_contig_5022|provirus_1_38457,GP3_S28_contig_5176
F7_S23_contig_1773	F7_S23_contig_1773,F8_S24_contig_8376,F3_S19_contig_5558,F4_S20_contig_10631,F6_S22_contig_3703,F5_S21_contig_4420,M1_S25_contig_27340,M2_S26_contig_41198,M3_S27_contig_36188,GP4_S29_contig_1576
F3_S19_contig_14623	F3_S19_contig_14623,F5_S21_contig_1408,M1_S25_contig_1201|provirus_11758_45076,M2_S26_contig_21521|provirus_11758_45076,M3_S27_contig_38157|provirus_11758_45076,F6_S22_contig_2871,F7_S23_contig_5019,F4_S20_contig_2348,F8_S24_contig_6033,F8_S24_contig_12290
GP5_S30_contig_3950	GP5_S30_contig_3950,F3_S19_contig_8045,F7_S23_contig_3308,F6_S22_contig_6505,F8_S24_contig_15132,F4_S20_contig_3907,F5_S21_contig_4776,GP4_S29_contig_1396,GP3_S28_contig_4337
F6_S22_contig_5920	F6_S22_contig_5920,F4_S20_contig_4664,F3_S19_contig_8116,M3_S27_contig_35421,F7_S23_contig_14566,F5_S21_contig_1986,F8_S24_contig_12573,M1_S25_contig_23809,M2_S26_contig_31
M3_S27_contig_23315	M3_S27_contig_23315,F7_S23_contig_15250,F5_S21_contig_9914,F3_S19_contig_3034,F4_S20_contig_10613,F8_S24_contig_8277,M2_S26_contig_5765,F6_S22_contig_12733,M1_S25_contig_3649
F3_S19_contig_7909	F3_S19_contig_7909,F4_S20_contig_13595,F5_S21_contig_9729,F6_S22_contig_11028,F7_S23_contig_15712,F8_S24_contig_14545,GP3_S28_contig_3602,GP4_S29_contig_4032,GP5_S30_contig_1416
F3_S19_contig_6055|provirus_201_22580	F3_S19_contig_6055|provirus_201_22580,F4_S20_contig_11224|provirus_201_22580,F5_S21_contig_9472|provirus_201_22580,F6_S22_contig_4660|provirus_201_22580,F7_S23_contig_14759|provirus_201_22580,F8_S24_contig_15190|provirus_201_22580,M1_S25_contig_4707|provirus_201_22580,M2_S26_contig_2148|provirus_201_22580,M3_S27_contig_6514|provirus_201_22580
M2_S26_contig_17817|provirus_203917_232117	M2_S26_contig_17817|provirus_203917_232117,M1_S25_contig_23782|provirus_20301_46976,F3_S19_contig_3717|provirus_87162_111727,F4_S20_contig_14093|provirus_393_24958,F5_S21_contig_370|provirus_88675_113240,F6_S22_contig_9708|provirus_97702_122267,F8_S24_contig_270|provirus_83513_108078,M3_S27_contig_1984|provirus_9405_33970,F7_S23_contig_12889|provirus_88755_106891
F3_S19_contig_9800	F3_S19_contig_9800,F4_S20_contig_11873,F5_S21_contig_14398,F6_S22_contig_6538,F7_S23_contig_217,F8_S24_contig_3746,GP3_S28_contig_5214,GP4_S29_contig_1299,GP5_S30_contig_2306
GP5_S30_contig_4052	GP5_S30_contig_4052,GP4_S29_contig_3322,GP3_S28_contig_4719,F8_S24_contig_9833,F3_S19_contig_9802,F4_S20_contig_9512,F7_S23_contig_2902,F6_S22_contig_6892,F5_S21_contig_11399
F8_S24_contig_13457	F8_S24_contig_13457,F3_S19_contig_1960,F6_S22_contig_6921,F4_S20_contig_13163,F7_S23_contig_1507,F5_S21_contig_14379,GP4_S29_contig_3941,GP5_S30_contig_856,GP3_S28_contig_3099
F4_S20_contig_1120	F4_S20_contig_1120,F5_S21_contig_490,F7_S23_contig_599,F8_S24_contig_1066,F6_S22_contig_2972,GP3_S28_contig_2636,F3_S19_contig_3179,GP5_S30_contig_5066,GP4_S29_contig_1524
F3_S19_contig_10324	F3_S19_contig_10324,F7_S23_contig_179,F8_S24_contig_884,F4_S20_contig_2831,F6_S22_contig_5020,F5_S21_contig_11629,M3_S27_contig_6989,M2_S26_contig_30408,M1_S25_contig_1555
M3_S27_contig_18679|provirus_98368_148407	M3_S27_contig_18679|provirus_98368_148407,M1_S25_contig_5604,M2_S26_contig_4988,F4_S20_contig_10092,F5_S21_contig_13796,F6_S22_contig_12287,F7_S23_contig_9550,F8_S24_contig_8827,F3_S19_contig_10455
F7_S23_contig_8116	F7_S23_contig_8116,F5_S21_contig_8617,GP5_S30_contig_522,F3_S19_contig_1820,GP3_S28_contig_658,F4_S20_contig_2956,F6_S22_contig_9363,GP4_S29_contig_2333,F8_S24_contig_6026
GP3_S28_contig_1961|provirus_5979_36618	GP3_S28_contig_1961|provirus_5979_36618,F3_S19_contig_3794|provirus_2_29681,F4_S20_contig_4928|provirus_2_29681,F5_S21_contig_14627|provirus_2_29681,F6_S22_contig_8572|provirus_2_29681,F7_S23_contig_4267|provirus_3_29682,F8_S24_contig_12459|provirus_2_29681,GP4_S29_contig_2427|provirus_18776_34377,GP5_S30_contig_4747|provirus_3934_19535
F7_S23_contig_13307	F7_S23_contig_13307,F8_S24_contig_1253,F4_S20_contig_8900,F3_S19_contig_9749,F5_S21_contig_2524,F6_S22_contig_13567,GP5_S30_contig_1860,GP3_S28_contig_295,GP4_S29_contig_613
F3_S19_contig_2159	F3_S19_contig_2159,F4_S20_contig_6053,F7_S23_contig_12746,F8_S24_contig_7819,F6_S22_contig_10469,M1_S25_contig_2413|provirus_9413_40604,F5_S21_contig_14626|provirus_112_30483,M2_S26_contig_12391|provirus_19646_49839,M3_S27_contig_17882|provirus_11802_41995
F4_S20_contig_1318	F4_S20_contig_1318,F5_S21_contig_4194,M2_S26_contig_42514,F8_S24_contig_50,F3_S19_contig_10741,M3_S27_contig_8180|provirus_73_11618,F6_S22_contig_6616|provirus_17702_29195,M1_S25_contig_2280,F7_S23_contig_8388
GP3_S28_contig_4398	GP3_S28_contig_4398,GP4_S29_contig_690,GP5_S30_contig_4128,F3_S19_contig_7595,F4_S20_contig_7748,F5_S21_contig_12047,F6_S22_contig_9060,F7_S23_contig_8611,F8_S24_contig_10664
F3_S19_contig_1017	F3_S19_contig_1017,F5_S21_contig_8662,F7_S23_contig_11858,F4_S20_contig_1093,F6_S22_contig_4987,F8_S24_contig_11311,GP3_S28_contig_2211,GP5_S30_contig_4041,GP4_S29_contig_377
F3_S19_contig_237|provirus_36829_60606	F3_S19_contig_237|provirus_36829_60606,F4_S20_contig_9276|provirus_36830_60607,F5_S21_contig_4427|provirus_36830_60607,F6_S22_contig_13523|provirus_98_23875,F7_S23_contig_2465|provirus_36830_60607,F8_S24_contig_10300|provirus_98_23875,M3_S27_contig_4703|provirus_36829_60606,M2_S26_contig_33121,M1_S25_contig_19914
GP4_S29_contig_237	GP4_S29_contig_237,GP3_S28_contig_3258,F3_S19_contig_14478,F4_S20_contig_11719,F5_S21_contig_5047,F6_S22_contig_13020,F7_S23_contig_12378,F8_S24_contig_14671,GP5_S30_contig_2920|provirus_22360_34539
F3_S19_contig_14469	F3_S19_contig_14469,F8_S24_contig_8763,F7_S23_contig_4197,F5_S21_contig_8532,F6_S22_contig_1771,F4_S20_contig_11315,GP4_S29_contig_2567,GP3_S28_contig_4760,GP3_S28_contig_5293
F3_S19_contig_304|provirus_96642_152318	F3_S19_contig_304|provirus_96642_152318,M3_S27_contig_24486|provirus_114286_169962,F5_S21_contig_13250|provirus_146506_199571,M2_S26_contig_8369|provirus_180981_234046,M1_S25_contig_22501|provirus_180981_233242,F4_S20_contig_830|provirus_56531_104474,F7_S23_contig_12396,F6_S22_contig_6240,F8_S24_contig_1498|provirus_2_16475
F3_S19_contig_14260	F3_S19_contig_14260,F4_S20_contig_14482,F5_S21_contig_14536,F6_S22_contig_13546,F7_S23_contig_710,F8_S24_contig_14877,GP3_S28_contig_5304,GP5_S30_contig_3163,GP4_S29_contig_2955
F7_S23_contig_15429	F7_S23_contig_15429,F5_S21_contig_14560,F4_S20_contig_7351,F6_S22_contig_2491,GP3_S28_contig_4659,F3_S19_contig_14218,F8_S24_contig_14582,GP4_S29_contig_4406,GP5_S30_contig_752
M3_S27_contig_8979	M3_S27_contig_8979,M2_S26_contig_1902,M1_S25_contig_3416|provirus_3532_39437,F8_S24_contig_7041,F5_S21_contig_5204,F3_S19_contig_14197,F6_S22_contig_8017,F7_S23_contig_4942,F4_S20_contig_5449
M1_S25_contig_19664|provirus_83145_137182	M1_S25_contig_19664|provirus_83145_137182,M2_S26_contig_9268|provirus_107230_158991,F3_S19_contig_701|provirus_107230_158246,F4_S20_contig_8170|provirus_107230_158246,F5_S21_contig_3721|provirus_107230_158246,F7_S23_contig_3140|provirus_107230_158246,F8_S24_contig_3329|provirus_46017_97033,M3_S27_contig_5676|provirus_77947_128963,F6_S22_contig_3647|provirus_107230_151665
GP4_S29_contig_3177	GP4_S29_contig_3177,F4_S20_contig_475,F5_S21_contig_2717,GP3_S28_contig_229,F8_S24_contig_7000,F7_S23_contig_2378,F6_S22_contig_6594,GP5_S30_contig_1261,F3_S19_contig_1425
F6_S22_contig_5786|provirus_57689_107408	F6_S22_contig_5786|provirus_57689_107408,F3_S19_contig_1190|provirus_35775_82933,F5_S21_contig_3086|provirus_35707_82865,F7_S23_contig_3840|provirus_35704_82862,F8_S24_contig_15352|provirus_212337_259495,M1_S25_contig_28274|provirus_35704_82862,M2_S26_contig_6814|provirus_35704_82862,M3_S27_contig_11057|provirus_35704_82862,F4_S20_contig_8614|provirus_10392_43217
F7_S23_contig_859	F7_S23_contig_859,F4_S20_contig_8549,F8_S24_contig_13078,F6_S22_contig_4613,GP3_S28_contig_4100,F5_S21_contig_12061|provirus_13926_54711,GP5_S30_contig_2305,F3_S19_contig_13525,GP4_S29_contig_3371
F3_S19_contig_2295|provirus_9895_24513	F3_S19_contig_2295|provirus_9895_24513,F4_S20_contig_1035|provirus_10415_25033,F5_S21_contig_1570|provirus_9895_24513,F6_S22_contig_14232|provirus_10415_25033,F7_S23_contig_9113|provirus_7769_22387,F8_S24_contig_6239|provirus_27816_42434,M1_S25_contig_26267|provirus_8052_22670,M2_S26_contig_17920|provirus_9895_24513,M3_S27_contig_8702|provirus_27377_41995
F3_S19_contig_12287	F3_S19_contig_12287,F4_S20_contig_8693,F5_S21_contig_3137,F6_S22_contig_12717,F7_S23_contig_3317,F8_S24_contig_12011,GP3_S28_contig_4469,GP4_S29_contig_1947,GP5_S30_contig_151
GP4_S29_contig_864|provirus_16296_61692	GP4_S29_contig_864|provirus_16296_61692,GP3_S28_contig_3154|provirus_15953_61348,F3_S19_contig_12221,F4_S20_contig_5518,F5_S21_contig_14473,F6_S22_contig_5215,F7_S23_contig_3775,F8_S24_contig_6243,GP5_S30_contig_3220
F4_S20_contig_812	F4_S20_contig_812,F5_S21_contig_13501,F6_S22_contig_14022,F3_S19_contig_3317,F8_S24_contig_7929,F7_S23_contig_5247,M3_S27_contig_29458,GP3_S28_contig_2382,GP5_S30_contig_2665
F4_S20_contig_2277	F4_S20_contig_2277,F6_S22_contig_1175,F3_S19_contig_14579,F7_S23_contig_13593,F8_S24_contig_10929,F5_S21_contig_5142,GP3_S28_contig_134,GP4_S29_contig_676,GP5_S30_contig_435
F3_S19_contig_7376	F3_S19_contig_7376,F5_S21_contig_12348,GP3_S28_contig_3739,F4_S20_contig_10452,F6_S22_contig_4288,F7_S23_contig_6880,F8_S24_contig_11563,GP4_S29_contig_4387,GP5_S30_contig_5164
F6_S22_contig_9420	F6_S22_contig_9420,F3_S19_contig_3895,F4_S20_contig_217,F5_S21_contig_10902,F7_S23_contig_13557,F8_S24_contig_14858,GP5_S30_contig_4342,GP4_S29_contig_3666,GP3_S28_contig_3579
F5_S21_contig_7729	F5_S21_contig_7729,F3_S19_contig_6200,F4_S20_contig_933,F6_S22_contig_12200,F7_S23_contig_10476,F8_S24_contig_5420,GP5_S30_contig_4585,GP3_S28_contig_1464,GP4_S29_contig_4054
F4_S20_contig_11896	F4_S20_contig_11896,F5_S21_contig_12967,F6_S22_contig_13648,GP4_S29_contig_332,GP3_S28_contig_4176,GP5_S30_contig_3248,F3_S19_contig_3408,F7_S23_contig_14440,F8_S24_contig_7426
F3_S19_contig_4941	F3_S19_contig_4941,F6_S22_contig_13559,F4_S20_contig_7590,F7_S23_contig_154,GP5_S30_contig_3987,GP4_S29_contig_235,F8_S24_contig_3470,F5_S21_contig_5420,GP3_S28_contig_2581
F3_S19_contig_9108|provirus_35608_52988	F3_S19_contig_9108|provirus_35608_52988,F4_S20_contig_5237|provirus_35720_53100,F6_S22_contig_400|provirus_35720_53100,F7_S23_contig_10237|provirus_35720_53100,F8_S24_contig_439|provirus_35720_53100,M2_S26_contig_36870|provirus_2_17382,M3_S27_contig_12997|provirus_2_17382,F5_S21_contig_4973|provirus_35720_53098,M1_S25_contig_42978
F3_S19_contig_7600|provirus_11884_26046	F3_S19_contig_7600|provirus_11884_26046,F4_S20_contig_12273|provirus_11884_26046,F5_S21_contig_5997|provirus_11884_26046,F6_S22_contig_4550|provirus_11884_26046,F7_S23_contig_4073|provirus_11884_26046,F8_S24_contig_6251|provirus_11884_26046,GP4_S29_contig_3423,GP5_S30_contig_1678,GP3_S28_contig_905
GP4_S29_contig_1828	GP4_S29_contig_1828,F3_S19_contig_12893|provirus_7138_34158,F4_S20_contig_2045|provirus_7138_34158,F6_S22_contig_1916|provirus_7138_34158,F7_S23_contig_920|provirus_7138_34158,F8_S24_contig_1944|provirus_7138_34158,GP3_S28_contig_5035|provirus_2_27022,GP5_S30_contig_2653|provirus_7138_34158,F5_S21_contig_6534|provirus_7138_33790
GP3_S28_contig_1678	GP3_S28_contig_1678,F3_S19_contig_7453|provirus_316_42912,F4_S20_contig_8075|provirus_316_42912,F5_S21_contig_7853|provirus_316_42912,F6_S22_contig_1305|provirus_316_42912,F7_S23_contig_7413|provirus_316_42912,F8_S24_contig_7045|provirus_316_42912,GP5_S30_contig_178,GP4_S29_contig_3604
F3_S19_contig_5204	F3_S19_contig_5204,F7_S23_contig_9915,F4_S20_contig_13076,F8_S24_contig_11214,F5_S21_contig_12379,F6_S22_contig_4861,GP3_S28_contig_4076,GP5_S30_contig_1243,GP4_S29_contig_1841
F8_S24_contig_2835	F8_S24_contig_2835,F3_S19_contig_4917,F4_S20_contig_8173,F7_S23_contig_6727,F5_S21_contig_335,F6_S22_contig_6448,GP5_S30_contig_3119,GP4_S29_contig_1758,GP3_S28_contig_1512
GP3_S28_contig_2268	GP3_S28_contig_2268,F4_S20_contig_11798,F5_S21_contig_171,F7_S23_contig_14038,F8_S24_contig_1049,F3_S19_contig_7794|provirus_136_28100,F6_S22_contig_2050|provirus_136_28100,GP5_S30_contig_5369,GP4_S29_contig_1805
F3_S19_contig_6654	F3_S19_contig_6654,F4_S20_contig_8392,F8_S24_contig_4389,GP4_S29_contig_481,F5_S21_contig_7256,F6_S22_contig_9806,F7_S23_contig_4887,GP3_S28_contig_2066,GP5_S30_contig_580
M1_S25_contig_15607|provirus_129_96683	M1_S25_contig_15607|provirus_129_96683,M2_S26_contig_10009|provirus_21780_107770,M3_S27_contig_28728|provirus_21763_107753,F6_S22_contig_10037,F5_S21_contig_10174,F3_S19_contig_6891,F4_S20_contig_13216,F7_S23_contig_12728,F8_S24_contig_6888
F5_S21_contig_5346	F5_S21_contig_5346,F6_S22_contig_730,M1_S25_contig_12221,M2_S26_contig_19007,M3_S27_contig_18119,F7_S23_contig_12887,F3_S19_contig_588,F4_S20_contig_1812,F8_S24_contig_10467
F8_S24_contig_10663	F8_S24_contig_10663,F7_S23_contig_2299,F6_S22_contig_12684,F5_S21_contig_7743,F3_S19_contig_6929,F4_S20_contig_4560,M1_S25_contig_18792|provirus_266957_303528,M2_S26_contig_17077|provirus_266957_303528,M3_S27_contig_30618|provirus_266957_303528
F4_S20_contig_1983	F4_S20_contig_1983,F6_S22_contig_9513,GP3_S28_contig_909,F8_S24_contig_1179,F3_S19_contig_3630,F5_S21_contig_6551,GP5_S30_contig_1748,F7_S23_contig_4542,GP4_S29_contig_2680
F3_S19_contig_3988	F3_S19_contig_3988,F4_S20_contig_14412,F5_S21_contig_14591,F6_S22_contig_13955,F7_S23_contig_15767,F8_S24_contig_14820,GP3_S28_contig_4576,GP5_S30_contig_4192,GP4_S29_contig_2760
M1_S25_contig_10074	M1_S25_contig_10074,M2_S26_contig_6146|provirus_14089_29726,F3_S19_contig_6529|provirus_293_15459,F4_S20_contig_2258|provirus_293_15459,F5_S21_contig_14319|provirus_293_15459,F6_S22_contig_11457|provirus_293_15459,F7_S23_contig_14844|provirus_56145_71311,F8_S24_contig_8507|provirus_293_15459,M3_S27_contig_28776|provirus_293_15459
F6_S22_contig_5100	F6_S22_contig_5100,F3_S19_contig_13262,F4_S20_contig_3214,F5_S21_contig_14748,F7_S23_contig_606,F8_S24_contig_10972,GP5_S30_contig_4935,GP3_S28_contig_3192
M2_S26_contig_1221	M2_S26_contig_1221,F3_S19_contig_11420,F4_S20_contig_1506,F5_S21_contig_8646,F6_S22_contig_13794,F7_S23_contig_14113,F8_S24_contig_1313,M3_S27_contig_1766
F5_S21_contig_6370	F5_S21_contig_6370,F7_S23_contig_1050,F8_S24_contig_4960,F3_S19_contig_1440,F4_S20_contig_2919,F6_S22_contig_4775,GP4_S29_contig_1392,GP5_S30_contig_394
F3_S19_contig_12072	F3_S19_contig_12072,GP4_S29_contig_2371,GP5_S30_contig_4652,F6_S22_contig_7376,F7_S23_contig_7793,F4_S20_contig_11516,F8_S24_contig_7297,F5_S21_contig_12737
F4_S20_contig_14522	F4_S20_contig_14522,F5_S21_contig_14604,GP3_S28_contig_245,GP4_S29_contig_4382,GP5_S30_contig_1670,F3_S19_contig_12595,F7_S23_contig_10558,F8_S24_contig_6098
F8_S24_contig_14507	F8_S24_contig_14507,F6_S22_contig_6517,F4_S20_contig_14013,F5_S21_contig_8555,F7_S23_contig_956,F3_S19_contig_11389,F3_S19_contig_1591,F7_S23_contig_9849
F4_S20_contig_1014	F4_S20_contig_1014,M1_S25_contig_35073,M2_S26_contig_17993,M3_S27_contig_24999,F5_S21_contig_6687,F8_S24_contig_1416,F6_S22_contig_2088,F7_S23_contig_8403
F5_S21_contig_1936	F5_S21_contig_1936,F7_S23_contig_14992,F3_S19_contig_5117,F4_S20_contig_11609,F6_S22_contig_14451,F8_S24_contig_8188,GP3_S28_contig_2760,GP5_S30_contig_5002
F6_S22_contig_14237	F6_S22_contig_14237,F8_S24_contig_14977,F7_S23_contig_8048,GP4_S29_contig_726,F3_S19_contig_8875,F3_S19_contig_4822,F5_S21_contig_8719,GP5_S30_contig_3230
F6_S22_contig_10076	F6_S22_contig_10076,F7_S23_contig_5997,F8_S24_contig_7580,F4_S20_contig_1864,F5_S21_contig_7964,F3_S19_contig_1824,F5_S21_contig_11997,F3_S19_contig_9821
M2_S26_contig_28638|provirus_6170_23148	M2_S26_contig_28638|provirus_6170_23148,F3_S19_contig_7248|provirus_71541_86886,F4_S20_contig_2341|provirus_71541_86886,F5_S21_contig_7726|provirus_71541_86886,F6_S22_contig_308|provirus_71541_86886,F7_S23_contig_7083|provirus_71541_86886,F8_S24_contig_4555|provirus_71541_86886,M1_S25_contig_20700|provirus_6939_22284
F6_S22_contig_11477	F6_S22_contig_11477,F4_S20_contig_10867,F5_S21_contig_2695,F7_S23_contig_8854,F3_S19_contig_811,F8_S24_contig_11771,GP4_S29_contig_692,GP5_S30_contig_2176
GP5_S30_contig_1133	GP5_S30_contig_1133,F3_S19_contig_4294,F4_S20_contig_6206,F5_S21_contig_938,GP3_S28_contig_5067,GP4_S29_contig_249,F7_S23_contig_11490,F7_S23_contig_12421
F3_S19_contig_14447	F3_S19_contig_14447,F4_S20_contig_14526,F5_S21_contig_14622,F6_S22_contig_14251,F7_S23_contig_15768,F8_S24_contig_14992,GP3_S28_contig_2412,GP4_S29_contig_1963
F7_S23_contig_3580	F7_S23_contig_3580,M2_S26_contig_9027,F8_S24_contig_7586,F5_S21_contig_8242,F6_S22_contig_7714,M3_S27_contig_32740,M1_S25_contig_9372,F3_S19_contig_8676
F7_S23_contig_3261	F7_S23_contig_3261,F5_S21_contig_4096,F6_S22_contig_370,F4_S20_contig_845,F8_S24_contig_15431,GP3_S28_contig_2028,GP5_S30_contig_2823,GP4_S29_contig_1726
F4_S20_contig_1298	F4_S20_contig_1298,F7_S23_contig_15002|provirus_11375_56443,F6_S22_contig_6066,M2_S26_contig_25418|provirus_3_27696,M3_S27_contig_9300|provirus_151976_179654,M1_S25_contig_29427,F3_S19_contig_8025,F5_S21_contig_9366|provirus_40124_53003
F7_S23_contig_3723	F7_S23_contig_3723,F4_S20_contig_8932,F5_S21_contig_3857,F6_S22_contig_1388,F3_S19_contig_3935,F8_S24_contig_8619,GP5_S30_contig_3540
M1_S25_contig_11226|provirus_209363_232950	M1_S25_contig_11226|provirus_209363_232950,M3_S27_contig_35275|provirus_21581_45168,M2_S26_contig_16593,F8_S24_contig_11830,F5_S21_contig_6140,F4_S20_contig_4498,F3_S19_contig_3865
GP3_S28_contig_366	GP3_S28_contig_366,GP4_S29_contig_936,F5_S21_contig_6621,F3_S19_contig_5040,F4_S20_contig_11839,F7_S23_contig_990,F8_S24_contig_3903
F6_S22_contig_7158	F6_S22_contig_7158,M2_S26_contig_17635|provirus_168_20433,F3_S19_contig_1488|provirus_17963_37015,F5_S21_contig_8290|provirus_17216_36268,M1_S25_contig_19869|provirus_28925_47977,M3_S27_contig_2858|provirus_20734_39786,F7_S23_contig_1469|provirus_916_19962
F5_S21_contig_9453	F5_S21_contig_9453,F7_S23_contig_5405|provirus_90972_117300,F3_S19_contig_14497|provirus_90972_117267,F4_S20_contig_1118|provirus_90972_117267,F6_S22_contig_12332|provirus_90972_117267,F8_S24_contig_7382|provirus_90972_117267,GP3_S28_contig_890
F8_S24_contig_6574	F8_S24_contig_6574,F3_S19_contig_14191,F4_S20_contig_14389,F7_S23_contig_5258,F5_S21_contig_11701,F6_S22_contig_3690,M2_S26_contig_32478
F4_S20_contig_14407	F4_S20_contig_14407,F3_S19_contig_3328,F8_S24_contig_3809,F7_S23_contig_4018,F6_S22_contig_13814,F5_S21_contig_2663,F5_S21_contig_5103
F3_S19_contig_2920|provirus_3_41438	F3_S19_contig_2920|provirus_3_41438,F3_S19_contig_2920|provirus_55519_96954,F4_S20_contig_3537|provirus_195_41320,F5_S21_contig_7470|provirus_7123_48248,F7_S23_contig_2934|provirus_7145_48270,F8_S24_contig_13891,F6_S22_contig_3099
F5_S21_contig_5571	F5_S21_contig_5571,F3_S19_contig_7247,F7_S23_contig_7968,F4_S20_contig_9562,F8_S24_contig_11059,F6_S22_contig_11139,M3_S27_contig_6353
F6_S22_contig_1835	F6_S22_contig_1835,M3_S27_contig_20079,F3_S19_contig_3689|provirus_17703_32894,F4_S20_contig_6432|provirus_17510_32701,F5_S21_contig_8097|provirus_17703_32894,F8_S24_contig_2963|provirus_2_15154,F7_S23_contig_10524|provirus_2_15064
F5_S21_contig_10906|provirus_2_29545	F5_S21_contig_10906|provirus_2_29545,F3_S19_contig_5746|provirus_53789_83182,F4_S20_contig_6485|provirus_53554_82947,F6_S22_contig_3044|provirus_53965_83358,F8_S24_contig_5545|provirus_53635_83028,F7_S23_contig_414|provirus_53747_82794,GP5_S30_contig_696|provirus_6959_17415
GP5_S30_contig_5094	GP5_S30_contig_5094,F3_S19_contig_6267,F4_S20_contig_2005,F5_S21_contig_4276,F6_S22_contig_1153,F7_S23_contig_11088,F8_S24_contig_9042
F3_S19_contig_5162|provirus_175_14171	F3_S19_contig_5162|provirus_175_14171,F4_S20_contig_248|provirus_4386_18382,F5_S21_contig_5110|provirus_22027_36023,F6_S22_contig_5222|provirus_224_14220,F7_S23_contig_11498|provirus_4386_18382,F8_S24_contig_12420|provirus_4386_18382
F3_S19_contig_6343|provirus_57350_87884	F3_S19_contig_6343|provirus_57350_87884,F4_S20_contig_4154|provirus_57123_87657,F5_S21_contig_10776|provirus_57350_87884,F6_S22_contig_5810|provirus_57350_87884,F7_S23_contig_3728|provirus_57350_87884,F8_S24_contig_5284|provirus_56884_87418
F3_S19_contig_5916|provirus_45654_76704	F3_S19_contig_5916|provirus_45654_76704,F6_S22_contig_5509|provirus_41712_72762,F8_S24_contig_1333|provirus_85312_116362,F4_S20_contig_5265|provirus_170101_190108,F5_S21_contig_12801|provirus_162432_180781,F7_S23_contig_11518|provirus_3_17195
F3_S19_contig_14180|provirus_9740_24317	F3_S19_contig_14180|provirus_9740_24317,F4_S20_contig_14273|provirus_9740_24317,F5_S21_contig_10322|provirus_3_14580,F6_S22_contig_11141|provirus_3_14580,F7_S23_contig_5793|provirus_3_14580,F8_S24_contig_11580|provirus_9740_24317
F5_S21_contig_3217|provirus_361_73598	F5_S21_contig_3217|provirus_361_73598,F8_S24_contig_1333|provirus_361_73598,F3_S19_contig_5916|provirus_1196_33940,F4_S20_contig_3688|provirus_24216_56960,F6_S22_contig_5509|provirus_84476_117220,F7_S23_contig_3411|provirus_1196_33940
F3_S19_contig_5855|provirus_3_13705	F3_S19_contig_5855|provirus_3_13705,F4_S20_contig_225|provirus_3_13705,F5_S21_contig_1032|provirus_3_13705,F6_S22_contig_306|provirus_3_13705,F7_S23_contig_5544|provirus_3_13705,F8_S24_contig_1449|provirus_3_13705
F3_S19_contig_13178|provirus_30152_137958	F3_S19_contig_13178|provirus_30152_137958,F4_S20_contig_8087|provirus_30152_137958,F5_S21_contig_12212|provirus_30152_137958,F6_S22_contig_7801|provirus_30152_137958,F7_S23_contig_7600|provirus_30152_137958,F8_S24_contig_6206|provirus_30152_137958
F3_S19_contig_14585	F3_S19_contig_14585,F4_S20_contig_14425,F5_S21_contig_14600,F7_S23_contig_15769,F8_S24_contig_14886,F6_S22_contig_2590
F3_S19_contig_663|provirus_270_24229	F3_S19_contig_663|provirus_270_24229,F4_S20_contig_1514,F7_S23_contig_1163,F8_S24_contig_1646,F5_S21_contig_2172,F6_S22_contig_14897
F7_S23_contig_387	F7_S23_contig_387,F3_S19_contig_183,F4_S20_contig_7003,F5_S21_contig_1953,F6_S22_contig_3164,F8_S24_contig_4033
F3_S19_contig_2349|provirus_26296_56056	F3_S19_contig_2349|provirus_26296_56056,F5_S21_contig_12080|provirus_26296_56056,F8_S24_contig_10526|provirus_26296_56056,F4_S20_contig_6036|provirus_26296_50794,F6_S22_contig_14176|provirus_26296_50794,F7_S23_contig_6039|provirus_26296_50004
F3_S19_contig_2617|provirus_52207_63756	F3_S19_contig_2617|provirus_52207_63756,F4_S20_contig_10091|provirus_52207_63756,F5_S21_contig_10676|provirus_52207_63756,F6_S22_contig_6811|provirus_52207_63756,F7_S23_contig_4889|provirus_52207_63756,F8_S24_contig_10338|provirus_52207_63756
F3_S19_contig_11409|provirus_68890_79729	F3_S19_contig_11409|provirus_68890_79729,F4_S20_contig_7315|provirus_68890_79729,F5_S21_contig_6391|provirus_16734_27573,F6_S22_contig_13705|provirus_68890_79729,F7_S23_contig_8558|provirus_68890_79729,F8_S24_contig_277|provirus_68889_79728
F7_S23_contig_13920	F7_S23_contig_13920,F3_S19_contig_933|provirus_2_11492,F4_S20_contig_2766|provirus_2_11492,F5_S21_contig_1850|provirus_2_11492,F6_S22_contig_1250|provirus_2_11492,F8_S24_contig_628|provirus_2_11492
F4_S20_contig_8769	F4_S20_contig_8769,F6_S22_contig_4234|provirus_138754_189682,F3_S19_contig_1012|provirus_138754_189679,F5_S21_contig_3533|provirus_138754_189679,F7_S23_contig_8760|provirus_138557_189482,F8_S24_contig_7200|provirus_138754_189679
F3_S19_contig_4085|provirus_47329_90805	F3_S19_contig_4085|provirus_47329_90805,F4_S20_contig_3600|provirus_47329_90805,F5_S21_contig_3150|provirus_47329_90805,F6_S22_contig_12886|provirus_47329_90805,F7_S23_contig_3602|provirus_47329_90805,F8_S24_contig_8711|provirus_47329_90805
F6_S22_contig_4133|provirus_5248_28852	F6_S22_contig_4133|provirus_5248_28852,F4_S20_contig_2646|provirus_5248_27037,F5_S21_contig_5865|provirus_3_21636,F3_S19_contig_8071|provirus_2_20126,F7_S23_contig_6537|provirus_27940_48064,F8_S24_contig_7634|provirus_27940_48064
F4_S20_contig_13458	F4_S20_contig_13458,F5_S21_contig_10697,F3_S19_contig_8705|provirus_9208_21551,F6_S22_contig_1933|provirus_9208_21551,F7_S23_contig_6373|provirus_9209_21552,F8_S24_contig_5315|provirus_9208_21551
F4_S20_contig_1481|provirus_31718_51823	F4_S20_contig_1481|provirus_31718_51823,F3_S19_contig_3717|provirus_31343_50354,F5_S21_contig_370|provirus_32856_51867,F6_S22_contig_9708|provirus_41883_60894,F7_S23_contig_12889|provirus_32936_51947,F8_S24_contig_270|provirus_27694_46705
F5_S21_contig_2127	F5_S21_contig_2127,F3_S19_contig_700,F4_S20_contig_14391,F6_S22_contig_7162,F7_S23_contig_8365,F8_S24_contig_5267
F3_S19_contig_1906|provirus_2_16885	F3_S19_contig_1906|provirus_2_16885,F4_S20_contig_2086|provirus_22598_39481,F5_S21_contig_7443|provirus_29727_46610,F6_S22_contig_2448|provirus_83224_100107,F8_S24_contig_6388|provirus_2_16885,F7_S23_contig_11376|provirus_146_16725
F3_S19_contig_1939|provirus_105707_121283	F3_S19_contig_1939|provirus_105707_121283,F4_S20_contig_9547|provirus_105707_121283,F5_S21_contig_865|provirus_105707_121283,F6_S22_contig_4769|provirus_105707_121283,F7_S23_contig_8612|provirus_105707_121283,M2_S26_contig_4789
F3_S19_contig_10031|provirus_73247_93598	F3_S19_contig_10031|provirus_73247_93598,F4_S20_contig_2750|provirus_72944_93295,F5_S21_contig_9226|provirus_12779_33130,F6_S22_contig_5116|provirus_73119_93470,F7_S23_contig_4616|provirus_73247_93598,F8_S24_contig_4306|provirus_73247_93598
F4_S20_contig_12483|provirus_68244_86609	F4_S20_contig_12483|provirus_68244_86609,F5_S21_contig_2180|provirus_3_18368,F6_S22_contig_10941|provirus_3_18368,F7_S23_contig_12441|provirus_3_18368,F8_S24_contig_8135|provirus_3_18368,F3_S19_contig_7776|provirus_132_11664
F4_S20_contig_1595|provirus_107_51252	F4_S20_contig_1595|provirus_107_51252,F3_S19_contig_3927,F7_S23_contig_6418,F8_S24_contig_6502|provirus_107_34638,F5_S21_contig_4646,F6_S22_contig_7656
F3_S19_contig_14518	F3_S19_contig_14518,F4_S20_contig_14437,F5_S21_contig_14534,F6_S22_contig_13748,F7_S23_contig_15727,F8_S24_contig_11269
M3_S27_contig_33170|provirus_134816_165826	M3_S27_contig_33170|provirus_134816_165826,M2_S26_contig_34178|provirus_42694_73703,F5_S21_contig_7838|provirus_5606_30484,M1_S25_contig_8939|provirus_342_19640,M1_S25_contig_45490|provirus_20534_32085,F4_S20_contig_13854
F6_S22_contig_5341	F6_S22_contig_5341,F8_S24_contig_9308,F3_S19_contig_6642,F4_S20_contig_13379,F7_S23_contig_5810,F5_S21_contig_4026
F3_S19_contig_6212	F3_S19_contig_6212,F8_S24_contig_5651,F4_S20_contig_597,F5_S21_contig_3450,F6_S22_contig_11251,F7_S23_contig_3903
F7_S23_contig_5784	F7_S23_contig_5784,F5_S21_contig_3520,F6_S22_contig_1619,F8_S24_contig_11552,F4_S20_contig_1236,F3_S19_contig_7361
F4_S20_contig_6550	F4_S20_contig_6550,F5_S21_contig_8197,F3_S19_contig_6096,F7_S23_contig_4462,F8_S24_contig_719,F6_S22_contig_1549
F4_S20_contig_7902	F4_S20_contig_7902,F5_S21_contig_8026,F3_S19_contig_5364,F6_S22_contig_11897,F8_S24_contig_6468,F7_S23_contig_10692
F5_S21_contig_10766	F5_S21_contig_10766,F7_S23_contig_5471,F6_S22_contig_610,F4_S20_contig_8181,F8_S24_contig_1412,F3_S19_contig_9340
F3_S19_contig_14486	F3_S19_contig_14486,F4_S20_contig_14421,F5_S21_contig_14577,F7_S23_contig_15644,F8_S24_contig_14682,F6_S22_contig_13675
F3_S19_contig_2056	F3_S19_contig_2056,F4_S20_contig_1866,F8_S24_contig_3539,F7_S23_contig_6900,F6_S22_contig_6004|provirus_2725_23822,M1_S25_contig_45611|provirus_1_20071
F6_S22_contig_4685	F6_S22_contig_4685,F3_S19_contig_5055,F4_S20_contig_10031,GP5_S30_contig_3476,GP4_S29_contig_1722,GP4_S29_contig_398
F3_S19_contig_3850	F3_S19_contig_3850,F5_S21_contig_13942,F7_S23_contig_4559,F4_S20_contig_9118,F8_S24_contig_9848,F6_S22_contig_12710
F3_S19_contig_10666	F3_S19_contig_10666,F4_S20_contig_8376,F6_S22_contig_9608,F5_S21_contig_4874,F7_S23_contig_379,F8_S24_contig_3287
F3_S19_contig_4405	F3_S19_contig_4405,F7_S23_contig_1281,F6_S22_contig_3872,F5_S21_contig_682,F4_S20_contig_12493,F8_S24_contig_7622
F3_S19_contig_11035	F3_S19_contig_11035,F4_S20_contig_14455,F5_S21_contig_14618,F6_S22_contig_13468,F7_S23_contig_15736,F8_S24_contig_14412
F3_S19_contig_6226	F3_S19_contig_6226,F4_S20_contig_6087,F5_S21_contig_7097,F6_S22_contig_13760,F7_S23_contig_3350,F8_S24_contig_13750
F7_S23_contig_8978	F7_S23_contig_8978,F3_S19_contig_4382,F8_S24_contig_539,F6_S22_contig_8547,F5_S21_contig_13632,F4_S20_contig_8235
F4_S20_contig_8479|provirus_13187_34423	F4_S20_contig_8479|provirus_13187_34423,F5_S21_contig_1225|provirus_13187_34423,F6_S22_contig_5814|provirus_13187_34423,F7_S23_contig_546|provirus_13187_34423,F8_S24_contig_7163|provirus_13187_34423,F3_S19_contig_11701
F3_S19_contig_12167	F3_S19_contig_12167,F4_S20_contig_12975,F5_S21_contig_7430,F6_S22_contig_339,F7_S23_contig_10154,F8_S24_contig_3192
F3_S19_contig_14430	F3_S19_contig_14430,F4_S20_contig_14521,F5_S21_contig_14543,F6_S22_contig_14048,F8_S24_contig_14962,F7_S23_contig_1811
F4_S20_contig_1462	F4_S20_contig_1462,F6_S22_contig_8347,F3_S19_contig_1333,F5_S21_contig_8982,F7_S23_contig_12841,F8_S24_contig_10189
F4_S20_contig_2328	F4_S20_contig_2328,F8_S24_contig_13037,F5_S21_contig_6371,F6_S22_contig_14790,F3_S19_contig_3909,F7_S23_contig_5602
F5_S21_contig_6850	F5_S21_contig_6850,GP5_S30_contig_1712,F6_S22_contig_8327,M1_S25_contig_31383,M2_S26_contig_15482,M3_S27_contig_25913
F3_S19_contig_14077	F3_S19_contig_14077,F6_S22_contig_14226,F7_S23_contig_15758,F8_S24_contig_14931,F5_S21_contig_8698,F4_S20_contig_8274
F6_S22_contig_4361	F6_S22_contig_4361,F7_S23_contig_7852,F8_S24_contig_7386,F4_S20_contig_10347,F3_S19_contig_13808,F5_S21_contig_8927
F4_S20_contig_9464	F4_S20_contig_9464,F3_S19_contig_13609,F6_S22_contig_477,F5_S21_contig_5493,F8_S24_contig_4925,F7_S23_contig_6547
F3_S19_contig_4263	F3_S19_contig_4263,F7_S23_contig_6774,F8_S24_contig_14139,F5_S21_contig_13084,F6_S22_contig_682,F4_S20_contig_485
F4_S20_contig_1909	F4_S20_contig_1909,F6_S22_contig_6816,F8_S24_contig_9152,F7_S23_contig_14077,F3_S19_contig_13412,F5_S21_contig_3849
F3_S19_contig_1426	F3_S19_contig_1426,F6_S22_contig_4663,F8_S24_contig_8467,F5_S21_contig_2933,F7_S23_contig_13470,F4_S20_contig_4135
F3_S19_contig_13004	F3_S19_contig_13004,F8_S24_contig_12078,F5_S21_contig_10853,F4_S20_contig_1292,F7_S23_contig_1942,F6_S22_contig_7664
F3_S19_contig_12735	F3_S19_contig_12735,F4_S20_contig_7543,F5_S21_contig_2288,F6_S22_contig_3456,F7_S23_contig_11439,F8_S24_contig_4553
F6_S22_contig_10732	F6_S22_contig_10732,F3_S19_contig_12379,F4_S20_contig_2704,F5_S21_contig_668,F8_S24_contig_435,F7_S23_contig_12150
F6_S22_contig_13439|provirus_25496_60412	F6_S22_contig_13439|provirus_25496_60412,F8_S24_contig_7030,F5_S21_contig_3178,F3_S19_contig_6339,F7_S23_contig_5419,F4_S20_contig_3389
F4_S20_contig_1918	F4_S20_contig_1918,GP3_S28_contig_4677,F7_S23_contig_2927,F6_S22_contig_13459,F5_S21_contig_5955
M3_S27_contig_40358|provirus_237_37281	M3_S27_contig_40358|provirus_237_37281,M2_S26_contig_24275|provirus_11713_43588,M1_S25_contig_19755|provirus_1_27730,F7_S23_contig_3560,F5_S21_contig_9784
F4_S20_contig_2135	F4_S20_contig_2135,F8_S24_contig_4623,M3_S27_contig_17502,F3_S19_contig_5658,F7_S23_contig_6348
F5_S21_contig_1827	F5_S21_contig_1827,M1_S25_contig_12516,M2_S26_contig_10998,M3_S27_contig_26245,GP5_S30_contig_3546
F8_S24_contig_6526|provirus_11671_45128	F8_S24_contig_6526|provirus_11671_45128,F6_S22_contig_1858,M2_S26_contig_27732,M3_S27_contig_19712,M1_S25_contig_8619
F7_S23_contig_1957	F7_S23_contig_1957,F5_S21_contig_2205,F8_S24_contig_8665,F3_S19_contig_9091,F4_S20_contig_8484
F8_S24_contig_12314	F8_S24_contig_12314,F7_S23_contig_12137,F6_S22_contig_2115,F5_S21_contig_7761,F4_S20_contig_1257
F3_S19_contig_10312	F3_S19_contig_10312,F5_S21_contig_9049,F7_S23_contig_2343,F4_S20_contig_240,F6_S22_contig_12978
F3_S19_contig_10629	F3_S19_contig_10629,F4_S20_contig_311,F5_S21_contig_4630,F7_S23_contig_15263,F8_S24_contig_6318
M3_S27_contig_1646	M3_S27_contig_1646,F4_S20_contig_10712,F3_S19_contig_13536,GP4_S29_contig_1049,F6_S22_contig_8230
GP4_S29_contig_803	GP4_S29_contig_803,F3_S19_contig_1378,GP3_S28_contig_1330,F6_S22_contig_2719,GP5_S30_contig_754
F6_S22_contig_9658|provirus_10822_29046	F6_S22_contig_9658|provirus_10822_29046,F7_S23_contig_13461|provirus_10822_29046,F8_S24_contig_5030|provirus_10821_29045,F5_S21_contig_5605
GP3_S28_contig_1249	GP3_S28_contig_1249,GP4_S29_contig_802,GP5_S30_contig_4280,F5_S21_contig_13372
GP5_S30_contig_2604	GP5_S30_contig_2604,GP3_S28_contig_4294,F5_S21_contig_5379,F6_S22_contig_620
F8_S24_contig_9219	F8_S24_contig_9219,F5_S21_contig_5570,F4_S20_contig_6141,F7_S23_contig_12282
M3_S27_contig_17475	M3_S27_contig_17475,F8_S24_contig_6252,F7_S23_contig_28,F5_S21_contig_782
F4_S20_contig_14503	F4_S20_contig_14503,F7_S23_contig_15667,F5_S21_contig_7486,F8_S24_contig_11576
F6_S22_contig_2883	F6_S22_contig_2883,M2_S26_contig_40636,M1_S25_contig_12024,F8_S24_contig_9246
GP5_S30_contig_5318	GP5_S30_contig_5318,GP3_S28_contig_823,F5_S21_contig_9005,F6_S22_contig_13157
F5_S21_contig_6057	F5_S21_contig_6057,F8_S24_contig_5241,F4_S20_contig_7087,F6_S22_contig_11236
M3_S27_contig_12175	M3_S27_contig_12175,M1_S25_contig_17062,M2_S26_contig_40953,F3_S19_contig_115
F3_S19_contig_9822|provirus_3_16544	F3_S19_contig_9822|provirus_3_16544,F6_S22_contig_2738|provirus_3_16544,F8_S24_contig_11979|provirus_3_16544,F5_S21_contig_323|provirus_3_16400
F5_S21_contig_5815	F5_S21_contig_5815,F7_S23_contig_1111,F6_S22_contig_1394,F3_S19_contig_10972
F7_S23_contig_12434	F7_S23_contig_12434,F8_S24_contig_4450,F3_S19_contig_2721,GP5_S30_contig_3411
F6_S22_contig_2010	F6_S22_contig_2010,F3_S19_contig_3070,F4_S20_contig_3150,F7_S23_contig_1818
F8_S24_contig_1463	F8_S24_contig_1463,F7_S23_contig_9858,F6_S22_contig_3252,F3_S19_contig_6899
M1_S25_contig_44684|provirus_50_34921	M1_S25_contig_44684|provirus_50_34921,M2_S26_contig_12790|provirus_50_34921,M3_S27_contig_37950|provirus_50_34921,F3_S19_contig_8994
F5_S21_contig_2980	F5_S21_contig_2980,F3_S19_contig_9416,F7_S23_contig_9864,F4_S20_contig_8501
M3_S27_contig_26061	M3_S27_contig_26061,M2_S26_contig_13114,M1_S25_contig_42781,M1_S25_contig_24232
F3_S19_contig_12363	F3_S19_contig_12363,F5_S21_contig_13166,F6_S22_contig_11551,F7_S23_contig_9304
M3_S27_contig_16352	M3_S27_contig_16352,F5_S21_contig_1624,F4_S20_contig_11452
F5_S21_contig_13256	F5_S21_contig_13256,F3_S19_contig_4072,F4_S20_contig_11345
F8_S24_contig_1848	F8_S24_contig_1848,F7_S23_contig_3492,F6_S22_contig_6962
F7_S23_contig_11960	F7_S23_contig_11960,F3_S19_contig_1379,F4_S20_contig_7789
F6_S22_contig_6219	F6_S22_contig_6219,F8_S24_contig_1568,F4_S20_contig_5008
F7_S23_contig_1155	F7_S23_contig_1155,F5_S21_contig_14732,F6_S22_contig_8149
F7_S23_contig_6423	F7_S23_contig_6423,F3_S19_contig_3423,F5_S21_contig_663
F8_S24_contig_11305	F8_S24_contig_11305,F5_S21_contig_9717,F7_S23_contig_1947
F3_S19_contig_4190	F3_S19_contig_4190,F4_S20_contig_10480,F7_S23_contig_4800
F3_S19_contig_11686	F3_S19_contig_11686,F7_S23_contig_5946|provirus_2_12672,F8_S24_contig_11921|provirus_2_12672
F8_S24_contig_4286	F8_S24_contig_4286,F5_S21_contig_10296,F4_S20_contig_7198
F7_S23_contig_10066	F7_S23_contig_10066,F5_S21_contig_2303,F6_S22_contig_12737
F6_S22_contig_13532	F6_S22_contig_13532,M3_S27_contig_31537,F4_S20_contig_4493
GP5_S30_contig_1792	GP5_S30_contig_1792,F5_S21_contig_1374,F8_S24_contig_12609
F4_S20_contig_11368	F4_S20_contig_11368,M3_S27_contig_14034,F5_S21_contig_13078
F7_S23_contig_3411|provirus_46011_60576	F7_S23_contig_3411|provirus_46011_60576,F5_S21_contig_3217|provirus_85669_99518,F4_S20_contig_3688|provirus_2_12145
M1_S25_contig_987	M1_S25_contig_987,M3_S27_contig_34709,F6_S22_contig_13126
F7_S23_contig_9951	F7_S23_contig_9951,F8_S24_contig_2961,F6_S22_contig_10599
F7_S23_contig_385|provirus_92538_121215	F7_S23_contig_385|provirus_92538_121215,F8_S24_contig_926,F6_S22_contig_3346
M1_S25_contig_5870|provirus_24216_63606	M1_S25_contig_5870|provirus_24216_63606,M2_S26_contig_876|provirus_24342_63732,M3_S27_contig_16871|provirus_24216_63606
M1_S25_contig_8083|provirus_45445_55908	M1_S25_contig_8083|provirus_45445_55908,M2_S26_contig_6849|provirus_10134_20597,M3_S27_contig_7774|provirus_10226_20689
M1_S25_contig_9670	M1_S25_contig_9670,M2_S26_contig_13021,M3_S27_contig_35288
M1_S25_contig_2702|provirus_66386_101056	M1_S25_contig_2702|provirus_66386_101056,M2_S26_contig_32038|provirus_66294_100964,M3_S27_contig_19350|provirus_66386_101056
M1_S25_contig_7706	M1_S25_contig_7706,M2_S26_contig_29502,M3_S27_contig_7820
M3_S27_contig_28795	M3_S27_contig_28795,M1_S25_contig_7050,M2_S26_contig_12641
M1_S25_contig_3065|provirus_52464_83223	M1_S25_contig_3065|provirus_52464_83223,M2_S26_contig_10696|provirus_52464_83223,M3_S27_contig_18679|provirus_21137_51896
M2_S26_contig_2449|provirus_73065_122060	M2_S26_contig_2449|provirus_73065_122060,M3_S27_contig_16141|provirus_9972_58967,M1_S25_contig_4373|provirus_12753_24095
M1_S25_contig_6495	M1_S25_contig_6495,M2_S26_contig_10592,M3_S27_contig_18942
M1_S25_contig_6473	M1_S25_contig_6473,M2_S26_contig_2058,M3_S27_contig_35244
M1_S25_contig_5464|provirus_2_39897	M1_S25_contig_5464|provirus_2_39897,M2_S26_contig_11067|provirus_2_39897,M3_S27_contig_9906|provirus_2_39897
M1_S25_contig_6380|provirus_55811_94266	M1_S25_contig_6380|provirus_55811_94266,M2_S26_contig_9447|provirus_139863_178318,M3_S27_contig_24401|provirus_139863_178318
M1_S25_contig_6720|provirus_50_20224	M1_S25_contig_6720|provirus_50_20224,M2_S26_contig_7180|provirus_43941_64115,M3_S27_contig_15559|provirus_42957_63131
M1_S25_contig_9233|provirus_2_13023	M1_S25_contig_9233|provirus_2_13023,M2_S26_contig_798|provirus_3_13024,M3_S27_contig_3617|provirus_2_13023
M1_S25_contig_20271|provirus_75698_133928	M1_S25_contig_20271|provirus_75698_133928,M2_S26_contig_24601|provirus_73776_131687,M3_S27_contig_21686|provirus_73776_131687
M1_S25_contig_4417	M1_S25_contig_4417,M2_S26_contig_15391,M3_S27_contig_4071
M1_S25_contig_9306|provirus_3_11988	M1_S25_contig_9306|provirus_3_11988,M2_S26_contig_25745|provirus_3_11988,M3_S27_contig_23053|provirus_3_11988
M1_S25_contig_9724|provirus_66_15637	M1_S25_contig_9724|provirus_66_15637,M2_S26_contig_28201|provirus_66_15637,M3_S27_contig_33989|provirus_48599_64170
M1_S25_contig_10212|provirus_615_10829	M1_S25_contig_10212|provirus_615_10829,M2_S26_contig_19991|provirus_569_10783,M3_S27_contig_11944|provirus_577_10791
M2_S26_contig_3955|provirus_85611_117887	M2_S26_contig_3955|provirus_85611_117887,M1_S25_contig_10396|provirus_52856_85129,M3_S27_contig_4317|provirus_85638_117911
M1_S25_contig_11233|provirus_2_26973	M1_S25_contig_11233|provirus_2_26973,M2_S26_contig_7370|provirus_342_25683,M3_S27_contig_4537|provirus_3433_28774
M1_S25_contig_11347|provirus_911_37529	M1_S25_contig_11347|provirus_911_37529,M2_S26_contig_28393|provirus_911_37529,M3_S27_contig_20171|provirus_911_37529
M1_S25_contig_13890|provirus_48152_94671	M1_S25_contig_13890|provirus_48152_94671,M2_S26_contig_18598|provirus_47277_93796,M3_S27_contig_31579|provirus_61042_107561
M1_S25_contig_14887|provirus_2_17124	M1_S25_contig_14887|provirus_2_17124,M2_S26_contig_492|provirus_10905_28027,M3_S27_contig_7094|provirus_2_17124
M2_S26_contig_19375|provirus_1_17155	M2_S26_contig_19375|provirus_1_17155,M1_S25_contig_16646|provirus_250_17152,M3_S27_contig_25215|provirus_250_17152
M3_S27_contig_1621|provirus_36529_86612	M3_S27_contig_1621|provirus_36529_86612,M2_S26_contig_2610|provirus_91_47626,M1_S25_contig_17493|provirus_1_45404
M1_S25_contig_2275|provirus_250_24739	M1_S25_contig_2275|provirus_250_24739,M2_S26_contig_9446|provirus_250_24739,M3_S27_contig_9095|provirus_250_24739
M1_S25_contig_1524|provirus_641_45509	M1_S25_contig_1524|provirus_641_45509,M2_S26_contig_20984|provirus_543_45411,M3_S27_contig_2295|provirus_543_45411
M1_S25_contig_969|provirus_2_11838	M1_S25_contig_969|provirus_2_11838,M2_S26_contig_29020|provirus_2_11838,M3_S27_contig_27350|provirus_2_11838
M1_S25_contig_614|provirus_32184_61415	M1_S25_contig_614|provirus_32184_61415,M2_S26_contig_10697|provirus_32184_61415,M3_S27_contig_28054|provirus_32184_61415
M3_S27_contig_4949	M3_S27_contig_4949,M1_S25_contig_20968,M2_S26_contig_29736
M1_S25_contig_22710	M1_S25_contig_22710,M3_S27_contig_22867,M2_S26_contig_32971
M1_S25_contig_23530	M1_S25_contig_23530,M2_S26_contig_3089,M3_S27_contig_5205
M1_S25_contig_17533	M1_S25_contig_17533,M2_S26_contig_31518,M3_S27_contig_42843
M1_S25_contig_26556	M1_S25_contig_26556,M2_S26_contig_40137,M3_S27_contig_35727
M1_S25_contig_28270	M1_S25_contig_28270,M2_S26_contig_30683,M3_S27_contig_27575
M1_S25_contig_28564	M1_S25_contig_28564,M2_S26_contig_7058,M3_S27_contig_12564
M3_S27_contig_39117	M3_S27_contig_39117,M1_S25_contig_28682,M2_S26_contig_12611
M2_S26_contig_13556	M2_S26_contig_13556,M3_S27_contig_11851,M1_S25_contig_16760
M1_S25_contig_16750	M1_S25_contig_16750,M2_S26_contig_7906,M3_S27_contig_8545
M3_S27_contig_40777	M3_S27_contig_40777,M1_S25_contig_28770,M2_S26_contig_42311|provirus_3_66636
M2_S26_contig_35756	M2_S26_contig_35756,M3_S27_contig_38049,M1_S25_contig_29959
M1_S25_contig_30599	M1_S25_contig_30599,M2_S26_contig_32015,M3_S27_contig_3767
M1_S25_contig_15807	M1_S25_contig_15807,M2_S26_contig_16294,M3_S27_contig_1133
M1_S25_contig_36040	M1_S25_contig_36040,M3_S27_contig_2438,M2_S26_contig_813
M3_S27_contig_26920|provirus_33_33948	M3_S27_contig_26920|provirus_33_33948,M2_S26_contig_643,M1_S25_contig_37490
M2_S26_contig_7837|provirus_3_30345	M2_S26_contig_7837|provirus_3_30345,M3_S27_contig_10614|provirus_3_30345,M1_S25_contig_38070
M1_S25_contig_38080	M1_S25_contig_38080,M2_S26_contig_30891,M3_S27_contig_5063
M1_S25_contig_40167	M1_S25_contig_40167,M2_S26_contig_23564,M3_S27_contig_39451
M1_S25_contig_44323	M1_S25_contig_44323,M2_S26_contig_37068,M3_S27_contig_42423
M3_S27_contig_34944|provirus_1815_45454	M3_S27_contig_34944|provirus_1815_45454,M2_S26_contig_26908|provirus_72_16385,M1_S25_contig_136|provirus_14322_27348
M1_S25_contig_13452	M1_S25_contig_13452,M3_S27_contig_13937|provirus_3_11548,M2_S26_contig_12213|provirus_47899_59443
M1_S25_contig_398|provirus_16310_56569	M1_S25_contig_398|provirus_16310_56569,M2_S26_contig_12264|provirus_16310_56569,M3_S27_contig_6376|provirus_16310_56569
M1_S25_contig_18555|provirus_133784_171225	M1_S25_contig_18555|provirus_133784_171225,M2_S26_contig_39804|provirus_133420_170861,M3_S27_contig_17562|provirus_133784_171225
M1_S25_contig_16496|provirus_9696_22059	M1_S25_contig_16496|provirus_9696_22059,M2_S26_contig_26259|provirus_9698_22061,M3_S27_contig_37228|provirus_9696_22059
M1_S25_contig_24893|provirus_127_35529	M1_S25_contig_24893|provirus_127_35529,M3_S27_contig_35900|provirus_3_34115,M2_S26_contig_6602|provirus_3_17751
M1_S25_contig_40779|provirus_12665_51897	M1_S25_contig_40779|provirus_12665_51897,M2_S26_contig_1439|provirus_12665_51897,M3_S27_contig_31751|provirus_12665_51897
GP3_S28_contig_3646|provirus_68854_100287	GP3_S28_contig_3646|provirus_68854_100287,GP4_S29_contig_2743|provirus_68854_100287,GP5_S30_contig_2356|provirus_68854_100287
GP3_S28_contig_5346	GP3_S28_contig_5346,GP4_S29_contig_4389,GP5_S30_contig_5302
GP3_S28_contig_5345	GP3_S28_contig_5345,GP4_S29_contig_4451,GP5_S30_contig_575
GP3_S28_contig_5340	GP3_S28_contig_5340,GP4_S29_contig_4412,GP5_S30_contig_1100
GP3_S28_contig_4569	GP3_S28_contig_4569,GP4_S29_contig_2412,GP5_S30_contig_322
GP5_S30_contig_4158	GP5_S30_contig_4158,GP3_S28_contig_4104,GP4_S29_contig_3635
GP3_S28_contig_2741	GP3_S28_contig_2741,GP4_S29_contig_1610,GP5_S30_contig_733
GP4_S29_contig_1183	GP4_S29_contig_1183,GP3_S28_contig_2654,GP5_S30_contig_661
GP3_S28_contig_1973	GP3_S28_contig_1973,GP4_S29_contig_2468,GP5_S30_contig_1002
GP5_S30_contig_2061	GP5_S30_contig_2061,GP4_S29_contig_860,GP3_S28_contig_1736
GP3_S28_contig_731	GP3_S28_contig_731,GP4_S29_contig_4411,GP5_S30_contig_586
M2_S26_contig_25073	M2_S26_contig_25073,M1_S25_contig_1663,M3_S27_contig_25915
M1_S25_contig_44257|provirus_117_60219	M1_S25_contig_44257|provirus_117_60219,M2_S26_contig_28791|provirus_117_60219,M3_S27_contig_27300|provirus_117_60219
M2_S26_contig_16129|provirus_13207_57040	M2_S26_contig_16129|provirus_13207_57040,M3_S27_contig_37496|provirus_19613_60491,M1_S25_contig_41594|provirus_13208_52538
M1_S25_contig_20919	M1_S25_contig_20919,M2_S26_contig_1856,M3_S27_contig_43791
M1_S25_contig_40528|provirus_104132_121871	M1_S25_contig_40528|provirus_104132_121871,M2_S26_contig_1637|provirus_95951_113690,M3_S27_contig_20530|provirus_95916_113655
M3_S27_contig_5071|provirus_1_77415	M3_S27_contig_5071|provirus_1_77415,M1_S25_contig_27306|provirus_44_58180,M2_S26_contig_93
M1_S25_contig_33849|provirus_17677_60490	M1_S25_contig_33849|provirus_17677_60490,M3_S27_contig_38063,M2_S26_contig_28345
M1_S25_contig_33048|provirus_3_18317	M1_S25_contig_33048|provirus_3_18317,M2_S26_contig_17765|provirus_3_18317,M3_S27_contig_23031|provirus_3_18317
M2_S26_contig_6069	M2_S26_contig_6069,M3_S27_contig_40195|provirus_10260_27518,M1_S25_contig_32675|provirus_2_11304
M1_S25_contig_38584|provirus_66931_90056	M1_S25_contig_38584|provirus_66931_90056,M2_S26_contig_21402|provirus_120435_143560,M3_S27_contig_14105|provirus_98007_121132
M1_S25_contig_29161|provirus_27413_57357	M1_S25_contig_29161|provirus_27413_57357,M2_S26_contig_36376|provirus_27413_57357,M3_S27_contig_16006|provirus_27413_57357
M1_S25_contig_37448|provirus_82121_117752	M1_S25_contig_37448|provirus_82121_117752,M2_S26_contig_9469|provirus_108665_144296,M3_S27_contig_31943|provirus_82121_117752
M3_S27_contig_28191|provirus_1_12459	M3_S27_contig_28191|provirus_1_12459,M1_S25_contig_37170|provirus_1_11900,M2_S26_contig_15743|provirus_1_11714
M3_S27_contig_223	M3_S27_contig_223,M1_S25_contig_25456|provirus_3_16998,M2_S26_contig_829|provirus_3_10310
M1_S25_contig_40525|provirus_120160_156310	M1_S25_contig_40525|provirus_120160_156310,M2_S26_contig_32058|provirus_120160_156310,M3_S27_contig_1776|provirus_120160_156310
GP3_S28_contig_5354	GP3_S28_contig_5354,GP5_S30_contig_2644
M1_S25_contig_27700	M1_S25_contig_27700,M3_S27_contig_335
M1_S25_contig_20348	M1_S25_contig_20348,M3_S27_contig_7226
F3_S19_contig_11960|provirus_128_14807	F3_S19_contig_11960|provirus_128_14807,F5_S21_contig_1890|provirus_128_14807
F5_S21_contig_3258	F5_S21_contig_3258,F3_S19_contig_1865
M2_S26_contig_17582|provirus_2_16429	M2_S26_contig_17582|provirus_2_16429,M1_S25_contig_30901|provirus_44785_59256
M3_S27_contig_12192	M3_S27_contig_12192,M1_S25_contig_22662
F5_S21_contig_117	F5_S21_contig_117,F3_S19_contig_3134
GP4_S29_contig_668	GP4_S29_contig_668,GP3_S28_contig_2882
F8_S24_contig_7475	F8_S24_contig_7475,F3_S19_contig_1500
M1_S25_contig_31202	M1_S25_contig_31202,M2_S26_contig_8780
M2_S26_contig_26236|provirus_372_15971	M2_S26_contig_26236|provirus_372_15971,M1_S25_contig_32034
GP3_S28_contig_5343	GP3_S28_contig_5343,GP4_S29_contig_1037
GP4_S29_contig_1974	GP4_S29_contig_1974,GP3_S28_contig_1594
F7_S23_contig_1368	F7_S23_contig_1368,F3_S19_contig_11205
M3_S27_contig_21009	M3_S27_contig_21009,M2_S26_contig_12865
F5_S21_contig_3128	F5_S21_contig_3128,F3_S19_contig_10892
M3_S27_contig_9074|provirus_12655_34354	M3_S27_contig_9074|provirus_12655_34354,M1_S25_contig_39858|provirus_3123_20626
M2_S26_contig_1169	M2_S26_contig_1169,M3_S27_contig_24933
M2_S26_contig_2329	M2_S26_contig_2329,M3_S27_contig_43654
GP3_S28_contig_4510	GP3_S28_contig_4510,F5_S21_contig_3820
M2_S26_contig_5057	M2_S26_contig_5057,M3_S27_contig_10237
M2_S26_contig_8176	M2_S26_contig_8176,M3_S27_contig_1938
M2_S26_contig_8763	M2_S26_contig_8763,M3_S27_contig_31436
M3_S27_contig_8203	M3_S27_contig_8203,M2_S26_contig_19701
M2_S26_contig_13552|provirus_9081_28675	M2_S26_contig_13552|provirus_9081_28675,M1_S25_contig_38357|provirus_6973_18135
F3_S19_contig_9408	F3_S19_contig_9408,F5_S21_contig_3024
M2_S26_contig_2961|provirus_2_26141	M2_S26_contig_2961|provirus_2_26141,M3_S27_contig_26126
M3_S27_contig_6593|provirus_160587_184010	M3_S27_contig_6593|provirus_160587_184010,M2_S26_contig_8355|provirus_160587_180410
M2_S26_contig_12192|provirus_28991_44848	M2_S26_contig_12192|provirus_28991_44848,M3_S27_contig_10716
M2_S26_contig_36314|provirus_69541_80246	M2_S26_contig_36314|provirus_69541_80246,M3_S27_contig_25986|provirus_69541_80246
M1_S25_contig_43711	M1_S25_contig_43711,M2_S26_contig_29123
M1_S25_contig_41212	M1_S25_contig_41212,M3_S27_contig_8120
F5_S21_contig_14602	F5_S21_contig_14602,F3_S19_contig_5779
M3_S27_contig_15253	M3_S27_contig_15253,M2_S26_contig_28561
F8_S24_contig_6138|provirus_8_27451	F8_S24_contig_6138|provirus_8_27451,M3_S27_contig_20283
GP4_S29_contig_902	GP4_S29_contig_902,F4_S20_contig_12813
F5_S21_contig_9106	F5_S21_contig_9106,F7_S23_contig_14304
F8_S24_contig_13368	F8_S24_contig_13368,M3_S27_contig_36977
F4_S20_contig_7804|provirus_15111_32200	F4_S20_contig_7804|provirus_15111_32200,F5_S21_contig_12359
F8_S24_contig_6789	F8_S24_contig_6789,F6_S22_contig_13983
F8_S24_contig_11371	F8_S24_contig_11371,F6_S22_contig_10666
F8_S24_contig_2318	F8_S24_contig_2318,GP3_S28_contig_5213
F7_S23_contig_6085|provirus_49773_61550	F7_S23_contig_6085|provirus_49773_61550,F8_S24_contig_14049|provirus_1_11778
F7_S23_contig_13082	F7_S23_contig_13082,F5_S21_contig_5959
GP4_S29_contig_3217	GP4_S29_contig_3217,F6_S22_contig_8821
F6_S22_contig_8465	F6_S22_contig_8465,F8_S24_contig_14823
GP4_S29_contig_3052	GP4_S29_contig_3052,F8_S24_contig_14743
F8_S24_contig_7801	F8_S24_contig_7801,F5_S21_contig_11486
F5_S21_contig_12860	F5_S21_contig_12860,F6_S22_contig_448
M1_S25_contig_4791	M1_S25_contig_4791,M3_S27_contig_36703
F6_S22_contig_619	F6_S22_contig_619,F8_S24_contig_9005
F6_S22_contig_5228	F6_S22_contig_5228,F8_S24_contig_5533
F7_S23_contig_11722	F7_S23_contig_11722,F6_S22_contig_1941
F7_S23_contig_13583	F7_S23_contig_13583,F6_S22_contig_4782
M2_S26_contig_35951	M2_S26_contig_35951,M1_S25_contig_3895
F5_S21_contig_6938	F5_S21_contig_6938,F4_S20_contig_11408
F7_S23_contig_15533	F7_S23_contig_15533,F6_S22_contig_3159
F4_S20_contig_5981	F4_S20_contig_5981,F5_S21_contig_11650
F7_S23_contig_10913	F7_S23_contig_10913,F4_S20_contig_1368
F4_S20_contig_5247	F4_S20_contig_5247,F6_S22_contig_1375
M2_S26_contig_14139	M2_S26_contig_14139,M1_S25_contig_17929
M3_S27_contig_5039	M3_S27_contig_5039
M3_S27_contig_25655	M3_S27_contig_25655
M2_S26_contig_42311|provirus_73064_179506	M2_S26_contig_42311|provirus_73064_179506
M3_S27_contig_20361	M3_S27_contig_20361
M3_S27_contig_20484	M3_S27_contig_20484
F7_S23_contig_14652	F7_S23_contig_14652
M2_S26_contig_20809|provirus_6889_28155	M2_S26_contig_20809|provirus_6889_28155
M2_S26_contig_13759|provirus_3_12335	M2_S26_contig_13759|provirus_3_12335
M2_S26_contig_12853|provirus_10725_32709	M2_S26_contig_12853|provirus_10725_32709
F7_S23_contig_14175	F7_S23_contig_14175
F7_S23_contig_14066	F7_S23_contig_14066
F7_S23_contig_14063	F7_S23_contig_14063
M2_S26_contig_41341	M2_S26_contig_41341
M3_S27_contig_32302	M3_S27_contig_32302
M3_S27_contig_19399	M3_S27_contig_19399
F3_S19_contig_4432	F3_S19_contig_4432
M3_S27_contig_35789	M3_S27_contig_35789
M2_S26_contig_41052	M2_S26_contig_41052
M3_S27_contig_35797	M3_S27_contig_35797
M2_S26_contig_38177	M2_S26_contig_38177
M3_S27_contig_42763	M3_S27_contig_42763
M2_S26_contig_37732	M2_S26_contig_37732
M2_S26_contig_32178	M2_S26_contig_32178
M3_S27_contig_20317	M3_S27_contig_20317
M3_S27_contig_678	M3_S27_contig_678
M3_S27_contig_5263	M3_S27_contig_5263
M3_S27_contig_9730	M3_S27_contig_9730
F3_S19_contig_6304	F3_S19_contig_6304
M3_S27_contig_6335	M3_S27_contig_6335
M3_S27_contig_6419	M3_S27_contig_6419
M3_S27_contig_6997	M3_S27_contig_6997
M3_S27_contig_7511	M3_S27_contig_7511
M3_S27_contig_8311	M3_S27_contig_8311
F3_S19_contig_5952	F3_S19_contig_5952
M3_S27_contig_4704	M3_S27_contig_4704
F7_S23_contig_15195	F7_S23_contig_15195
F3_S19_contig_5734	F3_S19_contig_5734
F3_S19_contig_5648	F3_S19_contig_5648
M3_S27_contig_17953	M3_S27_contig_17953
M3_S27_contig_1784|provirus_19300_29937	M3_S27_contig_1784|provirus_19300_29937
M3_S27_contig_12525	M3_S27_contig_12525
M3_S27_contig_13029	M3_S27_contig_13029
M3_S27_contig_14338	M3_S27_contig_14338
M3_S27_contig_15645	M3_S27_contig_15645
F3_S19_contig_5256	F3_S19_contig_5256
M3_S27_contig_16283	M3_S27_contig_16283
M3_S27_contig_16380	M3_S27_contig_16380
M3_S27_contig_17465	M3_S27_contig_17465
M3_S27_contig_1006	M3_S27_contig_1006
M1_S25_contig_18379	M1_S25_contig_18379
M3_S27_contig_32767|provirus_125_24152	M3_S27_contig_32767|provirus_125_24152
M3_S27_contig_7502|provirus_2_10458	M3_S27_contig_7502|provirus_2_10458
GP4_S29_contig_3945	GP4_S29_contig_3945
F8_S24_contig_14503	F8_S24_contig_14503
GP4_S29_contig_95	GP4_S29_contig_95
GP4_S29_contig_865	GP4_S29_contig_865
F3_S19_contig_1707	F3_S19_contig_1707
GP4_S29_contig_929	GP4_S29_contig_929
GP4_S29_contig_1764	GP4_S29_contig_1764
GP4_S29_contig_2981	GP4_S29_contig_2981
GP4_S29_contig_3076	GP4_S29_contig_3076
GP4_S29_contig_3251	GP4_S29_contig_3251
GP4_S29_contig_3415	GP4_S29_contig_3415
GP4_S29_contig_3931	GP4_S29_contig_3931
GP5_S30_contig_323	GP5_S30_contig_323
F8_S24_contig_13319	F8_S24_contig_13319
GP5_S30_contig_363	GP5_S30_contig_363
GP5_S30_contig_448	GP5_S30_contig_448
GP5_S30_contig_479	GP5_S30_contig_479
GP5_S30_contig_1379	GP5_S30_contig_1379
GP5_S30_contig_1786	GP5_S30_contig_1786
GP5_S30_contig_3598	GP5_S30_contig_3598
GP5_S30_contig_3878	GP5_S30_contig_3878
F3_S19_contig_501	F3_S19_contig_501
GP5_S30_contig_3903	GP5_S30_contig_3903
GP5_S30_contig_3963	GP5_S30_contig_3963
GP5_S30_contig_4444	GP5_S30_contig_4444
F8_S24_contig_13617	F8_S24_contig_13617
F8_S24_contig_12911	F8_S24_contig_12911
M3_S27_contig_7596|provirus_9462_22478	M3_S27_contig_7596|provirus_9462_22478
F8_S24_contig_4645	F8_S24_contig_4645
M3_S27_contig_9171|provirus_20191_31970	M3_S27_contig_9171|provirus_20191_31970
M3_S27_contig_17444|provirus_15465_30416	M3_S27_contig_17444|provirus_15465_30416
F7_S23_contig_13340	F7_S23_contig_13340
M3_S27_contig_44395|provirus_20_11390	M3_S27_contig_44395|provirus_20_11390
GP3_S28_contig_640	GP3_S28_contig_640
F7_S23_contig_15420	F7_S23_contig_15420
GP3_S28_contig_881	GP3_S28_contig_881
GP3_S28_contig_1286	GP3_S28_contig_1286
F8_S24_contig_3103	F8_S24_contig_3103
GP3_S28_contig_2639	GP3_S28_contig_2639
F8_S24_contig_3460	F8_S24_contig_3460
F8_S24_contig_4813	F8_S24_contig_4813
F3_S19_contig_2071	F3_S19_contig_2071
GP3_S28_contig_3243	GP3_S28_contig_3243
GP3_S28_contig_3270	GP3_S28_contig_3270
GP3_S28_contig_3588	GP3_S28_contig_3588
F8_S24_contig_5522	F8_S24_contig_5522
GP3_S28_contig_3688	GP3_S28_contig_3688
GP3_S28_contig_4073	GP3_S28_contig_4073
F8_S24_contig_5942	F8_S24_contig_5942
GP3_S28_contig_4438	GP3_S28_contig_4438
F8_S24_contig_9400	F8_S24_contig_9400
F8_S24_contig_9505	F8_S24_contig_9505
F8_S24_contig_9591	F8_S24_contig_9591
M2_S26_contig_30637	M2_S26_contig_30637
M2_S26_contig_16624	M2_S26_contig_16624
M2_S26_contig_28282	M2_S26_contig_28282
M1_S25_contig_44737	M1_S25_contig_44737
M1_S25_contig_36109	M1_S25_contig_36109
M1_S25_contig_36550	M1_S25_contig_36550
F4_S20_contig_12736	F4_S20_contig_12736
M1_S25_contig_15157	M1_S25_contig_15157
M1_S25_contig_38412	M1_S25_contig_38412
M1_S25_contig_38741	M1_S25_contig_38741
M1_S25_contig_38760	M1_S25_contig_38760
M1_S25_contig_15090	M1_S25_contig_15090
M1_S25_contig_14497	M1_S25_contig_14497
M1_S25_contig_43543	M1_S25_contig_43543
F4_S20_contig_4216|provirus_88_26925	F4_S20_contig_4216|provirus_88_26925
F5_S21_contig_140	F5_S21_contig_140
M1_S25_contig_35532	M1_S25_contig_35532
M1_S25_contig_13205	M1_S25_contig_13205
M1_S25_contig_12978	M1_S25_contig_12978
M1_S25_contig_12555	M1_S25_contig_12555
F5_S21_contig_2966	F5_S21_contig_2966
F3_S19_contig_14717	F3_S19_contig_14717
F3_S19_contig_14709	F3_S19_contig_14709
M1_S25_contig_10417	M1_S25_contig_10417
F5_S21_contig_8105	F5_S21_contig_8105
F5_S21_contig_9652	F5_S21_contig_9652
F8_S24_contig_15400	F8_S24_contig_15400
F5_S21_contig_12540	F5_S21_contig_12540
F4_S20_contig_11646	F4_S20_contig_11646
M1_S25_contig_34748	M1_S25_contig_34748
M2_S26_contig_25941	M2_S26_contig_25941
M1_S25_contig_24882	M1_S25_contig_24882
F4_S20_contig_284	F4_S20_contig_284
F4_S20_contig_1498	F4_S20_contig_1498
M1_S25_contig_22533	M1_S25_contig_22533
F4_S20_contig_1921	F4_S20_contig_1921
F4_S20_contig_1986	F4_S20_contig_1986
F4_S20_contig_3155	F4_S20_contig_3155
M1_S25_contig_23170	M1_S25_contig_23170
F4_S20_contig_3725	F4_S20_contig_3725
M1_S25_contig_23673	M1_S25_contig_23673
M1_S25_contig_24206	M1_S25_contig_24206
M1_S25_contig_24825	M1_S25_contig_24825
M1_S25_contig_24929	M1_S25_contig_24929
M1_S25_contig_34052	M1_S25_contig_34052
M1_S25_contig_24994	M1_S25_contig_24994
F4_S20_contig_4541	F4_S20_contig_4541
M1_S25_contig_17420	M1_S25_contig_17420
M1_S25_contig_17256	M1_S25_contig_17256
F4_S20_contig_8315	F4_S20_contig_8315
M1_S25_contig_28856	M1_S25_contig_28856
M1_S25_contig_29141	M1_S25_contig_29141
F4_S20_contig_8984	F4_S20_contig_8984
M1_S25_contig_16138	M1_S25_contig_16138
F4_S20_contig_11437	F4_S20_contig_11437
M1_S25_contig_33240	M1_S25_contig_33240
F5_S21_contig_13219	F5_S21_contig_13219
M1_S25_contig_8375|provirus_124_37923	M1_S25_contig_8375|provirus_124_37923
F6_S22_contig_292	F6_S22_contig_292
M2_S26_contig_8991	M2_S26_contig_8991
F7_S23_contig_9728	F7_S23_contig_9728
M2_S26_contig_1442	M2_S26_contig_1442
F7_S23_contig_9901	F7_S23_contig_9901
F7_S23_contig_10566	F7_S23_contig_10566
M2_S26_contig_7453	M2_S26_contig_7453
F7_S23_contig_10709	F7_S23_contig_10709
M2_S26_contig_8232	M2_S26_contig_8232
F3_S19_contig_10258	F3_S19_contig_10258
M2_S26_contig_8324	M2_S26_contig_8324
M2_S26_contig_8378	M2_S26_contig_8378
F7_S23_contig_11001	F7_S23_contig_11001
M2_S26_contig_12108	M2_S26_contig_12108
F6_S22_contig_1286	F6_S22_contig_1286
F7_S23_contig_11164	F7_S23_contig_11164
M1_S25_contig_19795	M1_S25_contig_19795
F3_S19_contig_9737	F3_S19_contig_9737
F3_S19_contig_9654	F3_S19_contig_9654
F3_S19_contig_9559	F3_S19_contig_9559
M2_S26_contig_18885	M2_S26_contig_18885
F7_S23_contig_11442	F7_S23_contig_11442
F7_S23_contig_12046	F7_S23_contig_12046
M2_S26_contig_21429	M2_S26_contig_21429
F3_S19_contig_9183	F3_S19_contig_9183
M2_S26_contig_25404	M2_S26_contig_25404
F7_S23_contig_7991	F7_S23_contig_7991
F7_S23_contig_5679	F7_S23_contig_5679
F3_S19_contig_10949	F3_S19_contig_10949
F7_S23_contig_5002	F7_S23_contig_5002
M1_S25_contig_4117	M1_S25_contig_4117
F6_S22_contig_2018	F6_S22_contig_2018
GP5_S30_contig_5309	GP5_S30_contig_5309
F6_S22_contig_6162	F6_S22_contig_6162
F6_S22_contig_6283	F6_S22_contig_6283
M1_S25_contig_23050|provirus_9743_49015	M1_S25_contig_23050|provirus_9743_49015
F6_S22_contig_6572	F6_S22_contig_6572
F6_S22_contig_7364	F6_S22_contig_7364
F6_S22_contig_8388	F6_S22_contig_8388
F3_S19_contig_12482	F3_S19_contig_12482
M1_S25_contig_49	M1_S25_contig_49
F6_S22_contig_12722	F6_S22_contig_12722
M1_S25_contig_45	M1_S25_contig_45
F3_S19_contig_12082	F3_S19_contig_12082
F6_S22_contig_14705	F6_S22_contig_14705
F3_S19_contig_11926	F3_S19_contig_11926
F7_S23_contig_504	F7_S23_contig_504
F7_S23_contig_1153	F7_S23_contig_1153
F7_S23_contig_1649	F7_S23_contig_1649
F7_S23_contig_3015	F7_S23_contig_3015
F7_S23_contig_3537	F7_S23_contig_3537
F7_S23_contig_4736	F7_S23_contig_4736
M1_S25_contig_41285|provirus_6164_17411	M1_S25_contig_41285|provirus_6164_17411
GP5_S30_contig_5330	GP5_S30_contig_5330
