Contig	GP3_S28-mda_virome_Genomad_mapped Mean	GP3_S28-mda_virome_Genomad_mapped Trimmed Mean	GP3_S28-mda_virome_Genomad_mapped Covered Bases	GP3_S28-mda_virome_Genomad_mapped Variance	GP3_S28-mda_virome_Genomad_mapped RPKM	GP3_S28-mda_virome_Genomad_mapped TPM	GP4_S29-mda_virome_Genomad_mapped Mean	GP4_S29-mda_virome_Genomad_mapped Trimmed Mean	GP4_S29-mda_virome_Genomad_mapped Covered Bases	GP4_S29-mda_virome_Genomad_mapped Variance	GP4_S29-mda_virome_Genomad_mapped RPKM	GP4_S29-mda_virome_Genomad_mapped TPM	GP5_S30-mda_virome_Genomad_mapped Mean	GP5_S30-mda_virome_Genomad_mapped Trimmed Mean	GP5_S30-mda_virome_Genomad_mapped Covered Bases	GP5_S30-mda_virome_Genomad_mapped Variance	GP5_S30-mda_virome_Genomad_mapped RPKM	GP5_S30-mda_virome_Genomad_mapped TPM
GP3_S28_contig_81	9300.771	8992.833	13985	52025304	560.84357	3112.2585	7422.0386	7169.598	13953	33289536	466.4566	2307.8657	8604.437	8344.221	13928	41964372	545.8017	2891.0605
GP3_S28_contig_134	535948.75	529207.1	4632	44986900000	31478.268	174680.66	657472.3	648183	4632	67980755000	40244.832	199117.52	680337.25	670052.2	4632	75404214000	42032.938	222644.47
GP3_S28_contig_191	6870.1685	6544.579	43261	10268620	413.29944	2293.5	5447.4893	5181.63	43261	6655168.5	341.4993	1689.62	6202.749	5913.5938	43261	7596885.5	392.52963	2079.1929
GP3_S28_contig_245	94125.9	94512.99	6510	90669920	5596.001	31053.582	104102.484	104515.74	6510	110125220	6449.209	31908.438	49916.58	50100.99	6510	26017968	3121.213	16532.78
GP3_S28_contig_246	30433.852	30118.092	59622	58393436	1834.5507	10180.368	21747.146	21491.35	59622	29861574	1366.2684	6759.8203	25519.455	25216.182	59622	39203950	1618.4202	8572.619
GP3_S28_contig_366	113316.34	101944.25	3195	21604344000	6514.5254	36150.688	104717.63	94358.16	3195	18067184000	6274.5938	31044.506	76332.445	68644.88	3195	9772641000	4616.7773	24454.645
GP3_S28_contig_640	21919.738	14513.811	1755	2173675500	1193.4136	6622.543	26497.363	17673.387	1725	3100578800	1505.0669	7446.547	27947.703	18648.836	1697	3448696800	1602.8412	8490.104
GP3_S28_contig_665	8.279324	8.0565195	29876	23.639194	0.5003809	2.7767365	5.121804	4.915736	29048	10.743173	0.3209701	1.5880488	6.6668544	6.471169	29740	15.94645	0.42282316	2.2396553
GP3_S28_contig_676	16897.965	16654.297	95571	19249380	1018.44635	5651.6084	13824.377	13610.98	95571	12537719	868.3216	4296.154	15137.966	14903.947	95571	14282980	959.819	5084.0713
GP3_S28_contig_731	1628.8397	1616.3665	6453	105657.64	97.04531	538.5283	1392.5994	1383.7012	6453	65598.94	86.46716	427.80948	1333.3752	1322.6395	6453	72757.03	83.64459	443.0578
GP3_S28_contig_792	2873.457	2903.038	12246	1363600.3	172.86226	959.25494	2181.9905	2205.448	12246	734196.56	136.83603	677.0172	3166.916	3189.262	12246	1494483.6	200.50551	1062.0592
GP3_S28_contig_812	35.356964	33.707222	37235	361.98932	2.126816	11.802216	25.823622	24.632832	37168	193.01698	1.6188854	8.009683	31.31843	30.216915	37177	238.39403	1.9821848	10.499451
GP3_S28_contig_869	94.848595	81.27262	35046	12533.307	5.7061996	31.665106	77.97862	67.17385	35087	8187.0195	4.886116	24.174809	89.61098	78.055176	35082	9449.2	5.6675286	30.020374
GP3_S28_contig_881	43.156948	43.19503	3100	80.919716	2.64648	14.685966	34.760677	34.74812	3100	60.44795	2.2282512	11.0246105	30.77017	30.95256	3100	38.049595	1.9718025	10.444453
GP3_S28_contig_890	10.290021	10.047361	10401	21.979975	0.61455405	3.4103115	7.6253047	7.460713	10265	15.682323	0.4825082	2.3872836	8.114818	7.609732	10368	27.150818	0.52107507	2.7600849
GP3_S28_contig_909	25.505424	24.81324	29741	130.73778	1.5447663	8.572287	20.291372	19.689032	29741	90.39267	1.2791559	6.3288183	25.278835	24.771486	29741	126.23897	1.6068789	8.511493
GP3_S28_contig_926	8.287232	7.875751	10481	38.1381	0.5158325	2.8624816	6.939154	6.516631	9822	25.525324	0.45540896	2.2532055	7.421769	7.139592	10183	25.640213	0.48524246	2.5702837
GP3_S28_contig_1249	4884.525	4853.5854	2815	354371.16	312.84204	1736.0365	3298.2656	3277.5244	2815	175529.39	220.39218	1090.4237	3679.935	3656.0034	2815	242000.23	247.48958	1310.9291
GP3_S28_contig_1286	12.602196	12.481837	24108	32.840366	0.7598614	4.216658	10.719116	10.519733	24067	25.716162	0.6759522	3.3443756	12.204766	12.051807	24076	27.924753	0.7756649	4.108626
GP3_S28_contig_1358	68.183975	65.24577	43134	1071.6207	4.102678	22.766771	50.84343	48.981594	43134	600.2388	3.1899917	15.782962	58.059116	55.915165	43134	651.74146	3.674159	19.461681
GP3_S28_contig_1422	2602.298	2371.5847	42412	3140000.3	156.30699	867.3856	2022.2174	1840.8297	42372	1873480.8	126.553696	626.1437	2645.9412	2434.1885	42410	2745233.5	167.18813	885.57996
GP3_S28_contig_1494	5315.5977	5255.6294	13158	2975021.3	320.2689	1777.2504	3790.4185	3741.8308	13158	1631994.5	238.0572	1177.8245	5412.3984	5352.82	13158	3100637.8	343.0269	1816.982
GP3_S28_contig_1678	21.896358	21.555292	45122	93.165596	1.318296	7.3155446	18.114716	17.863203	45014	71.0883	1.1384653	5.6327324	21.242151	21.086224	45086	92.566185	1.3477384	7.1388464
GP3_S28_contig_1965	7.3610287	7.1760883	14340	14.706846	0.4419724	2.4526124	5.8349543	5.722753	14037	9.857455	0.36963108	1.8288059	5.4905567	5.389289	14089	9.091143	0.35345277	1.8722069
GP3_S28_contig_1973	9.166302	8.927304	3279	30.134306	0.5285775	2.933207	12.705293	12.6	3279	45.11331	0.77309847	3.8250246	11.420608	11.394087	3249	32.03825	0.7012935	3.7146883
GP3_S28_contig_1991	13.905768	13.4817095	21929	83.99934	0.842507	4.675278	11.471433	11.005655	21797	60.666496	0.72717524	3.5978115	11.930163	11.369064	21894	68.60351	0.76034784	4.02749
GP3_S28_contig_2028	14.4550085	14.124878	11530	58.11372	0.8632344	4.7902994	10.036116	9.818199	11502	27.910547	0.6365906	3.149628	13.5129175	13.297598	11530	42.37113	0.8767172	4.6438875
GP3_S28_contig_2158	789.41077	781.29926	34334	49700.5	47.484497	263.50308	636.6025	630.0076	34334	33354.35	39.898945	197.40607	750.9666	743.8807	34334	44356.62	47.51078	251.66022
GP3_S28_contig_2208	22.280619	21.65463	11197	233.8336	1.3253089	7.3544655	16.68127	16.145731	11157	114.59395	1.0323856	5.107887	17.37087	16.84894	11197	106.81165	1.0875876	5.7608504
GP3_S28_contig_2211	25.992619	25.752775	40382	156.5012	1.5670266	8.695812	21.066216	20.846369	39969	119.863045	1.3237631	6.549518	24.118587	23.948605	40074	152.8045	1.5313196	8.111258
GP3_S28_contig_2261	35871.313	36084.66	22295	168896780	2177.9854	12086.172	29104.559	29283.148	22295	110502410	1841.4874	9111.04	33126.36	33303.098	22295	146905100	2115.708	11206.706
GP3_S28_contig_2268	16.776844	15.981732	29040	102.844696	1.0235552	5.679959	14.275112	13.919699	28790	67.098045	0.9048552	4.476908	14.869539	14.252172	28950	81.77241	0.9527549	5.0466547
GP3_S28_contig_2289	630.881	619.5007	40243	71779.87	37.875195	210.17876	529.7562	520.7584	40243	48470.85	33.15374	164.0332	767.9323	757.01227	40243	95176.805	48.52311	257.0225
GP3_S28_contig_2347	8.46231	8.344849	11198	16.747017	0.5064878	2.8106253	6.939624	6.599217	11049	18.580284	0.43411794	2.1478636	7.7501807	7.2958426	11094	27.673462	0.49091545	2.6003335
GP3_S28_contig_2382	7.920618	7.801487	12256	10.919352	0.47887394	2.657387	7.7439284	7.5698423	12228	13.108478	0.4884602	2.4167328	10.349414	10.270374	12202	15.114746	0.66137594	3.5032446
GP3_S28_contig_2412	9.234804	9.152798	12045	15.968823	0.55387765	3.0736022	6.3762083	6.178388	11936	11.103369	0.41040954	2.0305643	7.8600254	7.726721	12019	12.740878	0.5059033	2.6797214
GP3_S28_contig_2561	21.133993	19.058237	23981	331.87115	1.2931813	7.1761775	17.386433	15.876356	23914	213.10219	1.1050564	5.4674344	20.270708	18.490992	23999	334.31772	1.2966619	6.868295
GP3_S28_contig_2636	251.89081	250.86885	21618	1244.0215	15.308971	84.953186	208.08092	207.95694	21618	1119.602	13.165466	65.13816	222.58054	222.01517	21618	1368.0175	14.236077	75.40718
GP3_S28_contig_2639	17.589516	16.969908	17281	88.07096	1.1352172	6.299595	16.171328	15.306829	17281	88.15845	1.0893077	5.3895164	21.316912	20.293015	17281	146.99245	1.454415	7.7039013
GP3_S28_contig_2741	8926.011	8937.314	2829	264810.1	554.0968	3074.8193	5935.69	5950.5522	2829	140214.97	383.64313	1898.1323	6493.0703	6492.3555	2829	197962.75	423.79355	2244.795
GP3_S28_contig_2760	9.336076	8.853332	13641	39.094902	0.55846953	3.0990827	9.279371	8.750885	13393	43.400593	0.5842358	2.890597	9.457861	9.041753	13472	42.972637	0.5983999	3.1696692
GP3_S28_contig_2902	166.34767	154.35925	36057	18387.002	9.993866	55.458412	126.10622	117.09342	35886	10352.347	7.8938856	39.056202	149.72276	138.71962	35954	14542.256	9.464219	50.13108
GP3_S28_contig_2961	308.675	288.6701	40697	26397.195	18.60937	103.267944	243.19556	226.21286	40697	17308.645	15.282568	75.61285	273.34488	255.39789	40697	19684.473	17.338482	91.840355
GP3_S28_contig_3157	144.28941	137.30766	45076	4092.6572	8.691472	48.231102	117.19287	113.07565	45076	2150.467	7.358163	36.405632	131.54329	126.72263	45076	2611.4707	8.338522	44.168396
GP3_S28_contig_3192	6.1237264	6.0022235	11058	9.541602	0.37058794	2.0564837	4.1534753	4.08682	10725	4.958429	0.25979218	1.2853618	4.1594796	4.061856	10904	4.8419104	0.26408136	1.398815
GP3_S28_contig_3243	165299.39	166359.39	2557	10876163000	9668.087	53650.586	150832.36	151906.27	2557	9013118000	9193.665	45487.066	110735.555	111449	2557	4848757000	6813.6816	36091.438
GP3_S28_contig_3270	6567.799	4929.1157	1148	182740660	356.55133	1978.5908	7973.095	5984.2866	1133	270204640	449.50262	2223.9827	8433.943	6331.779	1128	301778370	479.79688	2541.4395
GP3_S28_contig_3352	7.9104757	7.699314	29945	15.182482	0.47497433	2.6357493	6.1157303	5.8488927	29828	12.406291	0.38123167	1.8862017	6.576773	6.386735	29719	11.929831	0.4151306	2.1989079
GP3_S28_contig_3380	19.996527	18.2868	49602	312.98544	1.2018828	6.669543	15.859136	14.507336	48916	200.91043	0.99372065	4.916584	22.591257	20.871506	49512	364.02112	1.4302353	7.5758247
GP3_S28_contig_3475	7.040866	6.8419476	11225	14.602752	0.41865584	2.3232229	5.2937846	5.2142286	10465	10.545049	0.33064803	1.6359311	5.2881265	5.1326084	11040	8.730772	0.3288917	1.7421091
GP3_S28_contig_3588	90.68625	91.16533	10259	812.80145	5.410343	30.023323	71.60951	71.9855	10247	584.72705	4.43851	21.96021	85.57204	86.526855	10161	841.29034	5.364051	28.41288
GP3_S28_contig_3602	260.15826	251.97401	37683	10487.58	15.643535	86.80977	191.08913	186.0101	37683	5560.151	11.982329	59.28443	227.70908	220.31136	37683	8078.8184	14.407035	76.31271
GP3_S28_contig_3688	10.068014	9.925848	12765	14.84538	0.613745	3.4058197	9.318272	9.21321	12747	16.762892	0.58751726	2.90683	9.924217	9.745134	12765	21.998692	0.63202953	3.3478026
GP3_S28_contig_3739	131.8383	128.34659	54966	2674.907	7.9508333	44.121117	94.1599	92.12816	54966	1183.2726	5.910937	29.245272	114.955124	112.543335	54966	1709.267	7.2923284	38.626778
GP3_S28_contig_4073	4.898816	4.934289	1079	3.2914743	0.26737297	1.4837179	0	0	0	0	0	0	0	0	0	0	0	0
GP3_S28_contig_4076	8.077584	7.804637	10439	14.4903555	0.48340157	2.6825135	6.630628	6.322778	10102	20.07816	0.41172484	2.0370717	7.8500485	7.687205	10354	20.356096	0.49175507	2.604781
GP3_S28_contig_4100	171.30353	164.9485	40802	9568.094	10.301893	57.16774	120.28948	115.863235	40644	4487.28	7.5323653	37.26751	144.31905	138.62398	40693	6099.08	9.128932	48.355125
GP3_S28_contig_4398	95.55645	90.92817	44003	2402.274	5.7738175	32.04032	75.37518	71.56303	44003	1460.6516	4.7474084	23.488527	86.221146	82.57235	44003	1760.4465	5.485769	29.057615
GP3_S28_contig_4469	198.43948	197.48712	11065	991.87976	12.253396	67.9971	158.42584	157.72865	11065	662.5307	10.1616335	50.276245	209.05681	207.38493	11065	1297.875	13.549865	71.772354
GP3_S28_contig_4510	252215.81	256295.92	1467	36673860000	14325.453	79495.46	299188.88	304020.5	1376	51621460000	17715.785	87651.56	314107.75	319191.84	1375	56839807000	18782.31	99488.14
GP3_S28_contig_4569	6285.376	6258.521	5392	788861	372.12604	2065.0183	6512.4365	6485.7803	5392	825541.3	402.0375	1989.1422	8287.852	8255.256	5392	1345328.5	516.227	2734.4058
GP3_S28_contig_4576	11.7417555	10.73496	39175	76.36951	0.7069703	3.9231522	9.120282	8.337557	38632	52.95821	0.57240045	2.83204	10.487277	9.876605	39027	44.6538	0.6624129	3.5087414
GP3_S28_contig_4659	47.362236	44.60156	40875	721.0627	16.257645	90.21762	33.322258	31.554716	40869	335.6646	19.54775	96.71547	43.991478	41.980576	40870	497.97556	22.721315	120.35263
GP3_S28_contig_4677	8.506392	8.323321	21933	15.845004	0.5099542	2.8298614	6.5621076	6.324645	21891	13.995696	0.4122747	2.0397913	6.1966095	5.921957	21320	16.151453	0.3969409	2.102559
GP3_S28_contig_4760	9.551805	8.962238	30921	39.016186	0.5750801	3.191259	6.3532453	6.0592985	30158	17.368042	0.3976419	1.9673941	7.0240364	6.599555	30864	22.07483	0.44401735	2.3519177
GP3_S28_contig_4995	12.908308	12.0931015	13956	98.50104	0.7700079	4.272963	8.842597	8.174465	13456	59.819252	0.5497008	2.7197282	11.605515	11.246663	13889	56.22948	0.7298091	3.8657308
GP3_S28_contig_5079	28.947977	25.153008	38841	806.8905	1.7524114	9.724556	20.416183	17.951092	38864	347.1611	1.2824665	6.3451962	24.07154	21.44379	38866	427.77988	1.5295719	8.101996
GP3_S28_contig_5213	9.916567	9.802063	10170	16.122992	0.604578	3.3549526	6.0302396	5.940785	10068	9.8470745	0.3955135	1.9568629	8.608184	8.578288	10133	12.9677305	0.5646426	2.9908597
GP3_S28_contig_5214	198.13516	195.9286	10700	9916.682	12.284648	68.170525	141.34085	139.65027	10700	5061.92	9.066938	44.86005	189.83669	188.80013	10700	8566.874	12.334639	65.33544
GP3_S28_contig_5294	18.253307	17.374355	41112	101.46535	1.1017169	6.1136956	13.26383	12.740655	40994	50.738396	0.8334635	4.1236877	16.188395	15.772229	41105	57.2705	1.027148	5.440709
GP3_S28_contig_5304	12.617847	12.291255	37936	32.64977	0.7633311	4.2359114	10.400969	10.1307335	37930	24.01926	0.6540198	3.2358646	11.201265	10.924488	37927	27.192497	0.71106905	3.7664669
GP3_S28_contig_5322	192.57622	176.89215	42821	19376.064	11.569107	64.19983	169.2962	155.78714	42821	14509.367	10.593757	52.41421	225.10403	207.52696	42821	25188.824	14.224871	75.3478
GP3_S28_contig_5331	19.829731	18.659195	65523	134.79982	1.1952672	6.632829	16.361433	15.5057535	65523	85.37764	1.028261	5.0874777	17.718767	16.767221	65478	97.40721	1.1235263	5.9512124
GP3_S28_contig_5332	15.807993	14.6196995	38546	126.94038	0.9499456	5.271481	13.985369	12.879549	38551	90.76331	0.8791189	4.3495755	14.726243	13.8218975	38557	76.02693	0.9336521	4.945467
GP3_S28_contig_5333	159.77255	154.60373	34030	5095.6846	9.602826	53.28843	123.744835	119.467896	34030	3302.8787	7.756788	38.377895	148.27312	143.42412	34030	4710.79	9.37975	49.68364
GP3_S28_contig_5335	95.03543	92.193474	56826	1663.2264	5.7277646	31.784763	78.14135	76.32811	56826	1008.0254	4.9186625	24.335829	84.76308	81.73082	56826	1371.1082	5.3741617	28.466448
GP3_S28_contig_5340	10.342205	10.276135	2254	13.551883	0.5999655	3.3293552	11.945818	11.922386	2185	23.292358	0.7088161	3.5069752	10.089354	10.108236	2254	8.071898	0.6190171	3.2788763
GP3_S28_contig_5343	7.757004	7.5211997	4949	19.233324	0.45290542	2.5132825	3.1023142	3.0559313	4618	3.523337	0.18885003	0.93436474	0	0	0	0	0	0
GP3_S28_contig_5345	37.25224	36.984283	2271	86.50852	2.1476777	11.917991	11.982555	12.040336	2269	13.3935585	0.7159249	3.5421474	18.09854	18.035622	2271	32.531322	1.0950234	5.8002386
GP3_S28_contig_5346	94.25605	93.58011	5399	224.79488	5.6173515	31.172071	158.20728	157.96889	5399	574.4074	9.786243	48.41895	100.05677	99.64211	5399	183.92397	6.235727	33.030064
GP3_S28_contig_5354	6.7066684	6.4828057	7265	18.486366	0.4011968	2.226339	0	0	0	0	0	0	2.6594846	2.5588548	6205	3.997918	0.16616318	0.8801509
GP3_S28_contig_1961|provirus_5979_36618	21.331125	21.072954	30640	69.47984	1.2917091	7.1680107	18.302328	18.136688	30640	49.03765	1.1569682	5.7242785	20.083633	19.882881	30640	51.421825	1.2818612	6.789902
GP3_S28_contig_3646|provirus_68854_100287	47.858875	47.248474	31434	286.2618	2.911088	16.154346	36.54015	36.225742	31434	150.44221	2.312593	11.441903	47.29296	47.027843	31434	232.11368	3.018022	15.986179
GP4_S29_contig_95	0	0	0	0	0	0	6.3840547	6.313006	2186	6.490563	0.37473035	1.8540356	0	0	0	0	0	0
GP4_S29_contig_237	110.70829	94.81118	33738	25603.746	7.894492	43.80846	82.28069	70.23142	33738	13787.41	6.1063194	30.211943	101.67313	86.90867	33738	18556.883	7.51411	39.801533
GP4_S29_contig_332	23.224295	22.649378	30816	116.965706	1.400114	7.769576	17.545347	17.144524	30824	70.4703	1.0985347	5.4351707	23.29605	22.617466	30738	130.03384	1.4746709	7.8111954
GP4_S29_contig_477	11.94547	11.460083	20399	37.823162	0.73399293	4.0731077	11.693841	11.062287	20414	41.811996	0.7444241	3.683152	11.772503	11.307818	20397	38.78573	0.767641	4.066122
GP4_S29_contig_481	224.40585	222.03885	19228	5512.142	13.548074	75.181564	162.7962	160.03482	19228	3653.9414	10.271498	50.819817	206.89963	204.69974	19228	4911.746	13.145476	69.63039
GP4_S29_contig_668	7.681747	7.504929	21428	18.745378	0.46794447	2.5967374	7.206516	6.9673443	21701	17.209581	0.4554547	2.253431	7.3989835	7.187205	21230	19.769358	0.47044164	2.4918864
GP4_S29_contig_676	255629.2	261874.08	2714	18247221000	14872.824	82532.94	311178.25	318581.78	2714	27053480000	18857.436	93300.03	319273.78	326708.25	2714	28403690000	19541.314	103508.53
GP4_S29_contig_726	0	0	0	0	0	0	6.0315504	6.016014	6289	7.4609613	0.3748056	1.8544087	2.644779	2.4679716	5240	4.954368	0.16774325	0.8885204
GP4_S29_contig_747	19929.145	18129.697	73070	241777710	1200.1824	6660.1045	15615.909	14138.859	73180	150814400	980.1534	4849.4575	16703.234	15088.893	73152	176346400	1058.2961	5605.6973
GP4_S29_contig_803	224.15686	210.31488	71560	18785.627	13.52864	75.07374	177.66968	167.7113	71560	11196.899	11.172877	55.27951	197.33238	187.46072	71560	12302.824	12.524503	66.3411
GP4_S29_contig_830	67.71317	62.586567	24742	2837.1077	4.085123	22.669342	54.58631	51.357765	24799	1443.8832	3.436875	17.004463	60.117245	56.309757	24695	1707.989	3.8186078	20.226816
GP4_S29_contig_865	1.635912	1.5957447	1440	0.94476056	0.121440105	0.67390066	4.9467707	4.9385343	1559	4.314636	0.28935677	1.4316374	0	0	0	0	0	0
GP4_S29_contig_902	12212.567	11172.466	12165	104688740	742.706	4121.457	9903.694	9068.089	12165	68416290	627.804	3106.1563	11357.498	10378.813	12165	91094620	726.6552	3849.0244
GP4_S29_contig_929	0	0	0	0	0	0	4.4131327	4.288754	1612	7.204975	0.26235297	1.2980314	0	0	0	0	0	0
GP4_S29_contig_936	26245.85	25139.906	2353	206840540	1503.5854	8343.763	24782.053	23886.486	2353	164784420	1479.179	7318.4653	17588.375	16975.025	2353	81048270	1059.0774	5609.8335
GP4_S29_contig_1037	5.5629935	5.361663	2355	12.702871	0.31757078	1.762278	3.083576	3.0919168	2263	2.7679706	0.1839152	0.9099485	0	0	0	0	0	0
GP4_S29_contig_1183	1971.0298	1967.1665	5215	84085.336	117.25313	650.66614	1596.4352	1593.5554	5215	60612.17	99.05364	490.0832	1203.7179	1201.0427	5215	37592.57	75.24478	398.56476
GP4_S29_contig_1392	87929.73	88309.484	2916	3120153900	5101.384	28308.82	80154	80411.02	2929	2597772800	4843.5625	23964.262	58585.34	58727.344	2923	1360593000	3572.5212	18923.316
GP4_S29_contig_1732	60.46678	59.16239	45683	639.6623	3.6507545	20.258923	52.432457	51.375053	45683	490.07697	3.291782	16.28659	85.24319	83.67233	45683	1216.1575	5.4022503	28.615223
GP4_S29_contig_1764	83641.71	81092.875	1936	4318489600	4681.908	25981.053	108977.94	105847.63	1936	7315611000	6354.627	31440.492	107643.5	104330.9	1936	7186809300	6335.4736	33558.41
GP4_S29_contig_1828	20.26091	19.883892	30168	62.479095	1.2258521	6.8025537	17.011793	16.72322	30168	37.318237	1.0750705	5.3190765	21.754913	21.52909	30168	52.48246	1.3837192	7.3294344
GP4_S29_contig_1908	152.35724	153.3361	60081	2843.8496	9.160041	50.831303	123.70968	124.03458	60245	1904.0697	7.753385	38.36107	147.15904	148.20288	60245	2562.9841	9.307105	49.29888
GP4_S29_contig_1966	13657.702	12848.683	26983	104031270	821.13324	4556.6694	9636.927	9059.682	26983	51590364	603.8381	2987.5815	13212.203	12447.392	26983	91557016	835.8866	4427.613
GP4_S29_contig_1974	7.1872973	6.909954	15962	17.653944	0.43243995	2.3997145	5.4232593	5.160058	16109	10.727062	0.33925524	1.6785171	6.2623534	6.117219	15837	11.631111	0.39895448	2.1132255
GP4_S29_contig_2159	724.7394	732.1598	57731	77648.484	43.766174	242.8692	570.233	574.33325	57734	46861.973	35.896725	177.60457	650.988	656.88086	57733	56775.37	41.359642	219.07825
GP4_S29_contig_2371	8.236175	7.994329	11886	15.903881	0.51121056	2.8368328	9.399609	9.137997	11865	20.288097	0.6102743	3.0194268	8.330525	8.157184	11843	17.54879	0.54059994	2.8635085
GP4_S29_contig_2531	7.921776	7.4927297	26133	30.415613	0.48074502	2.6677725	7.0524616	6.863464	26472	16.34079	0.44016752	2.1777961	7.652267	7.5657682	26091	16.885712	0.4838353	2.5628304
GP4_S29_contig_2567	9.066024	8.526693	30680	42.931618	0.5512533	3.0590394	6.647294	6.325732	30618	19.828676	0.42283604	2.0920465	7.118042	6.7849846	30209	24.05751	0.4535629	2.4024808
GP4_S29_contig_2637	556.907	554.9298	94312	26446.879	33.57156	186.29686	456.86688	454.3455	94312	18227.484	28.694736	141.97163	513.37866	510.1309	94312	21573.73	32.55213	172.42563
GP4_S29_contig_2686	14.043776	13.547737	10649	87.35279	0.8398469	4.660516	10.066755	9.362907	10640	59.521557	0.63351816	3.1344297	10.288482	9.964342	10625	41.622364	0.6487094	3.4361541
GP4_S29_contig_2981	123018.09	117574.27	1461	11968852000	6692.783	37139.89	154401.81	148094.33	1461	17912476000	8753.061	43307.1	155225.98	148630.14	1461	18458173000	8883.673	47055.996
GP4_S29_contig_2984	6.948049	6.821422	17635	15.6626215	0.4169154	2.3135653	4.2092032	4.038564	17600	6.52375	0.26295596	1.3010144	4.9809103	4.8441873	17142	9.504451	0.31510434	1.6690785
GP4_S29_contig_3052	7.067638	7.00138	17544	12.034612	0.4249824	2.3583324	6.1568427	6.057709	17744	9.87072	0.3861931	1.9107504	4.8515697	4.7242503	17412	7.6395903	0.30926597	1.6381526
GP4_S29_contig_3076	6.6296005	6.658558	1267	9.916775	0.36011386	1.9983591	0	0	0	0	0	0	0	0	0	0	0	0
GP4_S29_contig_3095	284.75656	285.1949	13223	11996.099	16.988497	94.27336	235.99664	236.01582	13275	8438.403	14.67939	72.628555	298.84326	299.3121	13223	13024.81	18.752247	99.32896
GP4_S29_contig_3177	189.25621	184.49557	49679	7845.4766	11.425284	63.401726	140.3659	137.02124	49679	4061.926	8.831863	43.697006	162.75786	159.88893	49679	5069.3096	10.344481	54.79375
GP4_S29_contig_3217	2.2362094	2.1428368	6102	3.4610445	0.13534027	0.7510359	7.1904335	6.996001	7927	12.786904	0.45051917	2.2290118	0	0	0	0	0	0
GP4_S29_contig_3251	20.036053	18.932764	10935	117.93299	1.2600248	6.992188	17.142262	16.508444	10897	54.04047	1.1193492	5.538153	22.048008	21.38056	10940	83.23693	1.4497675	7.679284
GP4_S29_contig_3290	12.012758	11.405997	12212	70.51873	0.71456635	3.9653032	10.513045	10.062062	12020	55.916294	0.6583279	3.2571783	10.819988	10.221899	11860	70.50391	0.6786832	3.5949235
GP4_S29_contig_3415	13.502731	12.701087	14813	100.7641	0.8313001	4.613086	12.783976	11.766205	14869	104.275665	0.8163774	4.0391526	14.27369	13.753765	14769	88.83065	0.9214649	4.8809147
GP4_S29_contig_3423	16.453936	16.348562	11732	52.32018	1.0129497	5.6211033	14.203441	14.110867	11775	34.961964	0.90907836	4.4978046	15.208172	15.193635	11775	36.27428	0.9801937	5.191997
GP4_S29_contig_3649	1710.301	1499.2042	125472	2439450	103.07004	571.96075	1331.0497	1172.5583	125472	1383465.3	83.59674	413.6077	1401.6613	1218.6973	125472	1770427.1	88.894745	470.86722
GP4_S29_contig_3931	0	0	0	0	0	0	6.494481	6.397059	1056	9.436986	0.3648871	1.8053342	1.8454746	1.7659314	0	2.6213994	0	0
GP4_S29_contig_3941	38.43957	38.11108	22833	296.4559	2.3052442	12.792357	30.010529	29.87425	22945	163.68492	1.8763366	9.283458	33.296555	33.294586	22850	230.06291	2.0985343	11.115741
GP4_S29_contig_3945	4.6244493	4.6100245	0	8.841166	0	0	3.0165198	2.9511003	935	5.076904	0.17765722	0.8789866	4.2004404	4.190709	864	6.332436	0.23325282	1.2355182
GP4_S29_contig_448|provirus_221_53012	66.788536	64.37583	52792	789.7142	4.041358	22.426485	44.814465	43.628582	52792	328.82596	2.8287482	13.99567	53.70415	51.85582	52792	497.55847	3.4191103	18.110706
GP4_S29_contig_864|provirus_16296_61692	67.52408	66.168724	45397	1356.9087	4.084442	22.66556	56.073196	54.97714	45397	927.3916	3.5418975	17.524076	61.30137	59.81023	45397	1107.2151	3.901011	20.663301
GP4_S29_contig_4216|provirus_1_51411	53.274986	53.184566	51352	258.31573	3.2248878	17.895699	43.76286	43.297302	51411	228.68123	2.7619653	13.665242	50.52568	50.22545	51275	274.7407	3.21039	17.005144
GP5_S30_contig_262	12.599218	11.9768505	13896	73.45853	0.75424737	4.1855035	10.992259	10.54031	13925	55.604263	0.6900749	3.4142523	16.56037	15.810787	13973	127.89924	1.0393002	5.5050735
GP5_S30_contig_323	108091.875	102764.33	1177	13647309000	5769.5356	32016.557	98046.07	93194.87	1162	11198342000	5455.2046	26990.46	72899.375	69275.05	1208	6162904600	4092.7559	21678.945
GP5_S30_contig_363	9.598146	8.851737	4465	87.26268	0.6178583	3.428645	10.495712	9.928185	4465	63.600525	0.69459397	3.4366097	12.269988	11.457658	4465	110.291725	0.8226759	4.357639
GP5_S30_contig_394	253116.92	253307.83	2743	19697371000	14595.49	80993.94	231732.45	231852.4	2743	16536484000	13924.371	68892.945	171223.11	171306.53	2743	9048553000	10386.505	55016.344
GP5_S30_contig_435	137278.05	136570.61	1337	14264400000	7912.282	43907.195	164156.19	163264.5	1337	20334684000	9859.162	48779.723	171625.48	170659.2	1337	21957446000	10402.285	55099.934
GP5_S30_contig_448	6.6094	6.5466075	3905	8.082449	0.40058577	2.2229488	5.9142327	5.8483777	3878	7.027702	0.3719868	1.840462	6.0732875	5.9902654	3916	7.615345	0.3926554	2.07986
GP5_S30_contig_479	92985.08	90859.26	976	5053838300	5445.147	30216.453	112751.875	110307.42	975	7336964600	6869.349	33987.156	117825.53	115122.72	1061	8075828000	7258.181	38445.91
GP5_S30_contig_522	27.380602	27.09522	20255	170.65659	1.6588843	9.205558	22.850237	22.200884	20255	124.63104	1.4406812	7.127989	25.73161	25.287815	20255	158.71469	1.634963	8.660251
GP5_S30_contig_605	10.382822	9.989911	17109	37.923363	0.62756854	3.482532	10.013939	9.682496	17269	30.486647	0.637495	3.1541035	11.369983	10.998651	17440	25.450062	0.7265643	3.848545
GP5_S30_contig_1082	6.6306067	6.4570656	16924	10.829083	0.40026343	2.2211602	4.4674745	4.317867	16057	8.751571	0.2827776	1.3990858	4.933583	4.81559	16628	7.064505	0.31185952	1.6518906
GP5_S30_contig_1133	90107.75	89126.31	12006	5095950300	5392.478	29924.176	117242.72	115553.48	12006	10512411000	7303.632	36135.832	106945.84	105653.85	12006	7877992400	6729.6113	35646.117
GP5_S30_contig_1243	17.993446	16.83223	9957	266.37866	1.0883491	6.039513	15.794976	14.935583	10074	173.87206	1.0058193	4.9764466	20.67385	19.187513	10215	319.77136	1.3213207	6.998913
GP5_S30_contig_1379	7.348264	7.1411858	19336	20.803625	0.44678414	2.4793158	6.6782384	6.515143	19577	14.333326	0.42062655	2.081114	6.703784	6.453843	19827	16.127964	0.42433798	2.247679
GP5_S30_contig_1597	42.55868	42.331852	33616	301.93228	2.5562818	14.185435	32.690685	32.711105	33674	168.85905	2.049194	10.138705	36.17147	36.25746	33695	179.9659	2.2887437	12.123267
GP5_S30_contig_1654	32.094624	30.231792	17171	695.64307	1.9250697	10.682678	24.752087	23.573708	17222	337.86084	1.5428687	7.6335826	30.675442	29.56009	17281	389.674	1.9306151	10.226286
GP5_S30_contig_1712	7098.628	5684.9043	12326	68034060	437.4447	2427.4868	5818.086	4664.7188	12326	45402996	373.82208	1849.5422	6600.966	5256.9736	12326	60784490	428.06284	2267.409
GP5_S30_contig_1715	11.205519	11.123361	21137	29.702457	0.6701241	3.718683	10.639454	10.439452	21056	36.10427	0.6631691	3.2811315	11.662115	11.544956	21243	22.35354	0.73366284	3.8861423
GP5_S30_contig_1741	8.58094	8.431027	27637	17.83383	0.51491165	2.8573704	7.590932	7.3340816	27526	18.20538	0.48011938	2.375465	8.368093	8.195656	27729	17.351969	0.5288243	2.801134
GP5_S30_contig_1792	43022.508	39701.74	1662	1694264400	2546.963	14133.718	55370.11	51597.957	1662	2576231000	3406.7627	16855.475	55010.723	51129.15	1667	2590036200	3423.4429	18133.658
GP5_S30_contig_1860	20.472574	19.530897	21048	149.50134	1.2337155	6.8461914	15.52356	15.002122	21052	75.46059	0.98181444	4.8576775	21.77109	20.991566	21097	147.42552	1.3803012	7.311325
GP5_S30_contig_1967	30.662838	28.093912	22083	905.5254	1.839211	10.206235	24.185472	22.175116	22173	517.1213	1.5075469	7.458821	26.722837	24.91756	22490	554.1791	1.6824428	8.911746
GP5_S30_contig_2061	273.21695	272.72052	4538	1347.8441	16.922405	93.90654	175.57794	173.65266	4538	881.2105	11.444186	56.621845	168.68869	168.58253	4538	648.21497	10.966161	58.086723
GP5_S30_contig_2604	180.40309	176.78459	48642	8917.855	10.917107	60.581722	142.72154	140.16591	48642	5274.146	8.999476	44.526276	163.92238	160.28197	48642	6905.4087	10.434863	55.2725
GP5_S30_contig_2700	352.05814	348.5486	15289	15971.868	21.03416	116.72366	276.45227	273.78412	15289	9566.584	17.209606	85.14712	355.88083	352.9953	15289	14932.378	22.39828	118.64165
GP5_S30_contig_2740	7.1909723	7.0003166	31056	16.73178	0.43116164	2.3926213	5.8061156	5.632575	30628	11.752624	0.3644819	1.8033295	6.2540913	6.0671754	31405	12.300206	0.39621827	2.0987308
GP5_S30_contig_3119	18.962608	18.739498	43181	70.021935	1.142881	6.3421288	16.622086	16.256836	43139	56.567974	1.0427303	5.1590657	23.976923	23.729815	43181	86.27957	1.5171255	8.036072
GP5_S30_contig_3476	213330.31	216364.2	1967	16729108000	12057.133	66907.96	194461.28	197134.38	1967	13693922000	11456.582	56683.203	144568.72	146547.25	1967	7626021000	8598.652	45546.273
GP5_S30_contig_3540	6.6671033	6.5136175	10830	10.024097	0.40926528	2.2711139	6.4914856	6.360499	10812	8.754489	0.41796166	2.0679297	6.9532185	6.8462577	10838	8.679198	0.43788502	2.3194373
GP5_S30_contig_3546	23434.914	23220.982	10099	83416290	1415.6967	7856.047	19084.963	18906.797	10098	56296320	1201.4999	5944.604	21968.504	21742.662	10099	75841040	1395.4508	7391.5713
GP5_S30_contig_3598	2.3795154	2.2681565	1898	3.1367805	0.13502006	0.7492588	0	0	0	0	0	0	2.6849566	2.5530727	2241	3.491279	0.16651922	0.8820365
GP5_S30_contig_3644	44.83906	41.077103	45111	1269.1127	2.707183	15.022824	33.22455	30.296923	45111	683.9314	2.0922787	10.351864	37.51954	34.54178	45111	792.06964	2.38263	12.620578
GP5_S30_contig_3672	12.354053	11.580799	24170	70.026505	0.77235085	4.2859654	9.419288	8.711981	24086	53.17822	0.6151137	3.0433698	11.1954565	10.533512	24186	47.313824	0.7381829	3.9100864
GP5_S30_contig_3727	27.094227	27.318504	31959	105.45395	1.6293752	9.0418005	20.48679	20.496967	31937	62.593742	1.2808609	6.337256	22.673298	22.713812	32020	71.48197	1.4320393	7.5853825
GP5_S30_contig_3878	0	0	0	0	0	0	0	0	0	0	0	0	2.5976129	2.5591297	1253	1.279926	0.15066025	0.79803383
GP5_S30_contig_3903	188487.19	186935.55	3756	20670853000	11070.698	61434.016	175483.17	174406.42	3756	16824658000	10767.149	53272.125	132155.9	131732.88	3756	8922285000	8224.857	43566.316
GP5_S30_contig_3950	69.84252	68.941345	16642	1132.5789	4.1846404	23.221586	51.053036	50.352123	16587	730.0756	3.177184	15.719601	71.19902	71.04972	16686	1240.3923	4.4773073	23.715885
GP5_S30_contig_3963	2.2535884	2.1752987	1530	1.9033384	0.12370309	0.6864592	0	0	0	0	0	0	2.7541866	2.7934928	1759	1.401539	0.16670202	0.8830052
GP5_S30_contig_3987	489.10406	495.8343	12795	37323.117	29.344177	162.83804	365.18015	370.52237	12795	19847.48	22.844757	113.027954	522.30176	529.85443	12795	39668.176	32.967255	174.62442
GP5_S30_contig_4052	24.679688	23.898937	93296	246.02383	1.4892043	8.263961	19.717691	19.156647	93120	163.78831	1.2379931	6.125163	20.615149	20.12269	93146	171.51208	1.3058673	6.9170566
GP5_S30_contig_4158	10.409976	10.135778	13416	27.640324	0.6422587	3.5640504	8.648231	8.381401	13135	24.373463	0.554819	2.7450511	12.894588	12.671704	13602	24.94257	0.8262057	4.3763337
GP5_S30_contig_4342	13.703039	13.185706	26277	69.31605	0.8201466	4.5511923	12.772872	12.268617	26326	58.48915	0.79707813	3.9436677	18.383472	17.826874	26470	98.829	1.1585699	6.1368394
GP5_S30_contig_4444	5.3659577	5.304367	12312	7.707119	0.32362166	1.7958554	4.126309	3.9721675	12228	7.3916016	0.26180542	1.2953221	6.7032385	6.5467157	12517	9.420829	0.4207911	2.2288904
GP5_S30_contig_4585	9.907864	9.698414	18074	20.352821	0.6048551	3.3564887	7.778249	7.5960464	18071	16.18664	0.49537376	2.4509382	11.797658	11.578448	18080	23.231295	0.7575427	4.0126343
GP5_S30_contig_4935	5.8345294	5.697161	11366	10.8532505	0.34884575	1.9358308	4.1348443	3.8863504	10378	10.83252	0.2581262	1.277119	5.3930697	5.209022	11248	11.841283	0.34021524	1.8020883
GP5_S30_contig_5094	5.3765335	5.107229	12405	13.921037	0.33493194	1.8586191	3.9527876	3.8016737	12356	5.9249277	0.2604162	1.2884486	5.582777	5.337388	12846	11.565526	0.36937666	1.956555
GP5_S30_contig_5309	0	0	0	0	0	0	0	0	0	0	0	0	10.122055	10.099477	2272	18.503248	0.60575765	3.2086413
GP5_S30_contig_5318	18.197227	17.240143	35805	161.92961	1.0975479	6.0905633	13.957905	13.229314	35764	97.37609	0.87572	4.3327584	14.635905	13.815746	35855	104.17428	0.92705536	4.9105253
GP5_S30_contig_696|provirus_6959_17415	9.67071	8.723079	10394	76.85042	0.5914335	3.282011	9.292131	8.310229	10423	68.51672	0.59765846	2.9570076	12.064811	11.230031	10457	82.61776	0.7642654	4.048242
