Contig	M1_S25-metaG_Genomad_mapped Mean	M1_S25-metaG_Genomad_mapped Trimmed Mean	M1_S25-metaG_Genomad_mapped Covered Bases	M1_S25-metaG_Genomad_mapped Variance	M1_S25-metaG_Genomad_mapped RPKM	M1_S25-metaG_Genomad_mapped TPM	M2_S26-metaG_Genomad_mapped Mean	M2_S26-metaG_Genomad_mapped Trimmed Mean	M2_S26-metaG_Genomad_mapped Covered Bases	M2_S26-metaG_Genomad_mapped Variance	M2_S26-metaG_Genomad_mapped RPKM	M2_S26-metaG_Genomad_mapped TPM	M3_S27-metaG_Genomad_mapped Mean	M3_S27-metaG_Genomad_mapped Trimmed Mean	M3_S27-metaG_Genomad_mapped Covered Bases	M3_S27-metaG_Genomad_mapped Variance	M3_S27-metaG_Genomad_mapped RPKM	M3_S27-metaG_Genomad_mapped TPM
M1_S25_contig_45	99.690254	99.52373	24076	234.10759	129.94446	3628.0186	88.466354	88.54091	24076	169.15945	131.80606	3674.606	85.0497	84.68088	24076	185.57994	128.11353	3564.129
M1_S25_contig_49	23.714945	23.251282	13144	116.89941	30.765392	858.9624	21.483994	20.826778	13144	122.609634	32.56489	907.8731	19.774666	19.226316	13144	111.196335	30.101242	837.41943
M1_S25_contig_173	613.4225	617.0869	12675	5013.78	775.7007	21657.377	608.92365	613.37854	12675	5569.1753	894.12	24927.066	554.81036	559.0384	12675	4595.0815	817.2731	22736.61
M1_S25_contig_987	67.092285	36.389	21140	25948.195	97.11034	2711.2976	67.49166	34.50328	21140	29415.033	115.49433	3219.8533	73.547264	43.378998	21140	24978.508	123.959526	3448.5654
M1_S25_contig_2280	35.783855	32.691055	11189	550.6861	47.57547	1328.2959	51.203552	46.87441	10993	1032.7833	79.27125	2209.9946	47.358818	43.391163	11081	922.99744	73.47144	2043.982
M1_S25_contig_2634	122.22059	120.41878	20183	619.8001	155.11417	4330.7515	110.95917	108.8222	20183	705.0144	161.59607	4505.118	121.998055	119.89462	20183	775.35266	178.83972	4975.3364
M1_S25_contig_3145	6.5315022	6.4370737	15567	9.601231	8.222282	229.56422	5.9000325	5.8069496	15593	8.014241	8.578938	239.17113	4.860937	4.775289	15189	7.4830523	7.0112896	195.05469
M1_S25_contig_4117	1073.8754	1036.9462	13465	71835.89	1373.0476	38335.16	837.1805	805.3074	13465	47472.3	1239.7699	34563.4	913.0146	882.73676	13465	51088.586	1355.6022	37712.97
M1_S25_contig_4417	99.536194	98.81764	15223	3553.0986	136.6719	3815.8472	59.695084	57.678707	15223	2822.1804	100.21957	2794.0095	78.64247	77.530624	15223	2968.2612	128.14537	3565.0146
M1_S25_contig_4677	9.022747	8.895093	12943	12.58477	11.377334	317.65234	8.115532	7.993313	12893	12.91051	11.785713	328.57254	6.592824	6.4989142	12895	9.478737	9.509515	264.5556
M1_S25_contig_4791	12.000899	11.787671	15722	24.172243	17.481487	488.07895	5.7797327	5.623216	15386	11.043637	8.442962	235.38028	8.418315	8.336044	15708	10.571262	12.492487	347.54224
M1_S25_contig_6383	11.978365	11.463579	13961	41.910305	16.794456	468.89728	7.5494213	7.246181	13948	20.82041	11.246402	313.53717	10.262084	9.915179	13931	31.945202	15.308896	425.8948
M1_S25_contig_6473	33.233616	23.81517	13668	6876.3813	55.282368	1543.4703	27.587069	19.332922	13668	5139.8574	55.38884	1544.1792	30.267792	21.634287	13668	5721.1245	60.30541	1677.7019
M1_S25_contig_6495	108.179825	102.98125	22366	6777.418	157.19894	4388.957	97.66708	93.37772	22366	5377.598	164.11491	4575.3413	91.007965	86.39653	22366	4769.9673	155.20802	4317.901
M1_S25_contig_6555	20.945179	20.661043	23462	48.14877	29.977158	836.95514	14.598146	14.434372	23462	25.355734	21.60117	602.21643	16.892715	16.641455	23462	28.764221	25.03942	696.59875
M1_S25_contig_7091	7.5952024	7.4365335	11573	12.45003	9.493364	265.05258	6.507135	6.3788543	11509	9.3520565	9.608326	267.86945	6.617789	6.487793	11479	12.88787	9.598117	267.02036
M1_S25_contig_7293	9.625461	9.433823	18618	17.730566	13.096639	365.655	7.602014	7.3640356	18499	15.526012	11.769805	328.12885	9.162822	8.882926	18593	22.026175	14.311886	398.1579
M1_S25_contig_7706	20.959183	17.61061	22248	4374.441	36.853855	1028.9507	18.255045	15.421267	22248	3281.639	38.135994	1063.1891	16.204271	13.480242	22248	2901.0457	34.213676	951.82764
M1_S25_contig_8842	5.973552	5.7646394	15722	12.643406	7.937847	221.62282	4.414981	4.0918894	14758	12.271964	6.603265	184.09167	5.40756	5.25939	15471	8.573578	8.075479	224.66055
M1_S25_contig_9670	57.728714	56.284657	19034	455.12714	75.707985	2113.7488	36.48157	35.597965	19034	189.14299	54.567513	1521.2816	48.15696	46.72376	19034	336.76147	72.40315	2014.2621
M1_S25_contig_10074	28.388197	25.144562	19434	704.1979	39.974476	1116.078	20.356617	17.728739	19361	432.56415	29.896605	833.4839	25.97713	22.78653	19361	623.8978	38.325542	1066.22
M1_S25_contig_10331	333.24997	331.5187	31813	2107.451	428.07443	11951.733	276.0182	274.9518	31813	815.83575	403.86533	11259.316	355.8743	354.47867	31813	1051.8461	522.7625	14543.296
M1_S25_contig_10417	4.5798435	4.449028	10535	6.7463923	5.7246637	159.83122	3.414666	3.3067617	10006	5.036412	4.9329042	137.52386	4.705751	4.6711125	10502	5.268273	6.7696123	188.33116
M1_S25_contig_11171	21.09332	20.273058	22085	75.56041	27.104204	756.74274	16.983131	16.216127	22085	59.56205	25.302908	705.41693	18.266834	17.471407	22085	61.05487	27.341728	760.6492
M1_S25_contig_11417	9.380816	8.973771	17497	33.25765	12.083482	337.368	8.84643	8.660669	17172	30.666403	12.832979	357.7691	8.525206	8.235238	17612	27.014364	12.363811	343.9623
M1_S25_contig_12221	84.36942	83.86396	24293	239.41347	106.52832	2974.2446	87.3507	86.73326	24293	236.02444	128.49677	3582.3464	88.192604	88.02609	24293	191.41745	129.55629	3604.268
M1_S25_contig_12369	426.80902	424.18362	59594	41129.42	545.11884	15219.587	343.57956	338.24722	59594	26879.46	511.94272	14272.392	324.13162	313.55603	59594	26815.766	486.0901	13523.071
M1_S25_contig_12516	96.638824	96.08617	11200	295.2421	122.82477	3429.239	87.835655	87.33521	11200	196.61462	128.01895	3569.0254	97.27367	96.83974	11200	171.4128	142.33653	3959.8145
M1_S25_contig_12555	7.026985	6.7536845	11120	16.701408	8.704553	243.02907	5.265764	5.0125175	10362	13.45349	7.6657887	213.71367	5.2048883	5.1135674	10902	6.9274845	7.629047	212.24074
M1_S25_contig_12978	7.3761616	7.288822	10077	11.141762	9.332054	260.5487	5.534119	5.3772893	9881	7.7134886	7.946863	221.54971	4.9527426	4.8286157	9940	7.963295	7.1533175	199.00595
M1_S25_contig_13205	15.636225	14.009718	13870	141.17058	21.259413	593.55774	12.987172	11.613865	13827	92.358025	20.615396	574.7343	12.779301	11.055799	13861	127.66497	20.705877	576.0395
M1_S25_contig_13227	20.32635	8.900111	18192	8119.588	34.472637	962.46765	18.364925	7.8045325	18091	6875.019	36.42333	1015.4421	18.325628	8.798005	18192	5500.359	35.83183	996.84485
M1_S25_contig_13452	446.26346	338.53955	14907	1867625.3	675.52106	18860.383	387.14264	289.40616	14907	1563483.1	695.91315	19401.28	369.0429	274.0003	14907	1486928.4	669.8854	18636.271
M1_S25_contig_14021	67.003654	68.579895	43891	481.20453	84.926315	2371.1228	66.60611	67.99121	43855	493.19336	96.60514	2693.2441	64.01546	65.386856	43888	467.1841	93.19753	2592.7637
M1_S25_contig_14497	8.134125	7.9482307	13269	17.710182	10.431582	291.24716	8.439444	8.209849	13363	18.946154	12.370506	344.87595	6.290037	6.1163964	13079	12.923135	9.483996	263.84555
M1_S25_contig_15090	79.61753	66.99952	11785	9730.63	111.90113	3124.2534	74.64796	63.277573	11785	8744.165	123.17829	3434.0728	83.71723	71.95637	11785	9603.295	137.15984	3815.798
M1_S25_contig_15157	6.928455	6.6806483	14031	17.507067	9.253329	258.35077	5.286534	5.078854	13748	11.216348	8.068556	224.94249	5.928455	5.6876526	14154	11.367931	9.024716	251.06833
M1_S25_contig_15807	222.42558	215.39253	38230	10333.076	286.91995	8010.738	185.85394	179.95445	38230	7385.322	278.65417	7768.5684	165.04698	159.95662	38230	6268.9033	249.64288	6945.0864
M1_S25_contig_16138	7.9691205	7.710721	14203	23.850676	10.337639	288.62427	6.4850163	6.05193	14114	21.291904	9.551192	266.27652	6.853674	6.645536	14074	19.038874	10.108989	281.2331
M1_S25_contig_16750	70.67639	64.73114	38116	11858.702	97.11465	2711.418	57.136173	52.535236	38116	6290.7754	90.837036	2532.4355	55.375126	50.74776	38116	6512.8306	89.19622	2481.4473
M1_S25_contig_17033	662.4377	660.84155	12604	4959.6377	829.3485	23155.213	665.718	663.8218	12604	5139.9404	968.8897	27011.563	587.7302	586.62256	12604	2945.8374	858.99884	23897.422
M1_S25_contig_17256	551.77356	541.5137	13453	12221.69	705.53754	19698.441	494.14893	488.381	13453	8856.2295	731.41693	20391.09	515.331	507.7963	13453	9209.341	763.16376	21231.281
M1_S25_contig_17420	4.782741	4.6981263	11132	5.8688254	6.948268	193.99393	3.397291	3.2441697	9810	6.687306	6.144151	171.29213	5.031844	4.795994	11002	11.675939	8.614845	239.6657
M1_S25_contig_17533	134.84344	105.625984	11130	26136.635	201.08636	5614.2813	118.67377	92.73093	11130	21175.852	206.71686	5763.035	116.90419	89.07701	11130	24420.16	207.56348	5774.434
M1_S25_contig_18379	6.2806964	6.1924605	10200	8.600175	7.8178396	218.27222	3.9575124	3.891886	9964	4.1672664	5.845521	162.96652	5.88	5.798917	10163	7.8233933	8.558034	238.08514
M1_S25_contig_18542	4.1478777	3.9806552	15000	7.533073	5.6108394	156.65329	2.9213905	2.815377	14752	3.9313483	4.479257	124.87666	4.487417	4.421703	15302	5.6667004	6.717513	186.88177
M1_S25_contig_18755	21.164537	21.227299	17757	44.844627	26.265802	733.335	17.703867	17.539913	17691	39.12791	25.514317	711.3108	20.758562	20.803118	17757	37.095905	30.073124	836.6371
M1_S25_contig_19795	9.914278	9.719088	11446	21.441736	12.670714	353.7634	5.5850143	5.4519362	11019	10.068505	8.055296	224.57274	7.4599257	7.380578	11074	15.346352	10.840999	301.59763
M1_S25_contig_20348	48.74467	40.730064	11406	2926.9883	74.82169	2089.0034	44.877487	38.06672	11406	1953.068	78.54533	2189.7556	38.001423	32.303	11406	1404.4426	66.926895	1861.912
M1_S25_contig_20919	85.975075	76.794395	26830	3090.2502	123.858116	3458.0884	79.537254	72.21019	26830	2439.5684	134.21394	3741.735	75.82058	68.35719	26830	2443.1418	128.89635	3585.9065
M1_S25_contig_22533	80.49577	78.67817	54415	1008.12134	108.49473	3029.147	71.22834	69.553	54415	899.61646	111.388855	3105.3967	61.846016	59.98792	54415	876.6693	98.052055	2727.8162
M1_S25_contig_22710	9.154346	8.749312	23871	30.592793	11.656917	325.45828	8.152373	7.8818617	23836	19.354248	11.972785	333.78787	6.8434286	6.5529127	23548	19.672152	10.1045	281.10812
M1_S25_contig_23170	18.231426	16.431845	6597	379.8754	34.94662	975.70135	17.939507	16.149061	6597	368.48627	37.90062	1056.6271	14.794788	13.060658	6597	333.62604	33.74177	938.6992
M1_S25_contig_23530	18.190565	16.465958	29720	138.32364	23.712711	662.05316	16.164864	14.999812	29720	73.89778	24.367294	679.3329	15.471018	14.614301	29720	63.07929	23.460447	652.67163
M1_S25_contig_23673	8.863034	8.727158	16760	11.40667	11.027694	307.8907	6.740819	6.6160536	16740	8.309907	9.789718	272.92642	6.085551	5.985686	16704	6.5307627	8.9193	248.13574
M1_S25_contig_24206	8.360196	7.211041	11911	61.40335	11.953852	333.74872	7.1875052	6.122449	11846	49.11985	11.96902	333.68283	5.4616103	4.536537	11635	34.20622	9.376424	260.853
M1_S25_contig_24734	28.284027	5.877026	13334	84116.375	64.461914	1799.7612	25.92871	4.4340854	12651	77503.54	73.64139	2053.04	25.208452	5.0345864	13294	67628.61	70.314545	1956.1569
M1_S25_contig_24825	375.2447	376.0787	15893	2285.4692	475.20605	13267.64	316.23642	315.84192	15893	1094.5659	462.17346	12884.88	288.59558	288.2377	15893	763.54364	423.4426	11780.211
M1_S25_contig_24882	33.309837	32.917427	11088	183.41968	47.80107	1334.5946	21.492504	21.26945	11088	49.755302	32.362366	902.22656	28.826933	28.358826	11088	104.92941	43.79162	1218.2865
M1_S25_contig_24909	9.41684	9.09985	19378	18.784729	11.90629	332.4206	9.007801	8.705189	19365	18.253647	13.10493	365.3509	6.6430726	6.4998846	19216	11.484651	9.662568	268.81348
M1_S25_contig_24929	27.451176	23.061045	14670	1735.4744	40.627224	1134.3026	24.501564	20.870127	14095	1211.1678	41.716793	1163.0177	23.460493	20.107737	14636	940.7498	39.94124	1111.1688
M1_S25_contig_24994	6.5908146	6.425032	17109	13.854686	8.251268	230.37347	6.3365684	6.066367	17089	15.529443	9.185357	256.07758	5.472097	5.287548	17192	9.895085	7.9617662	221.4971
M1_S25_contig_26556	25.000113	23.61476	18065	692.9713	35.901905	1002.3726	20.52978	19.121178	18065	624.78326	34.607517	964.8189	18.475021	17.160559	18065	514.9393	31.106665	865.39026
M1_S25_contig_27340	20.603252	20.462963	22290	34.266632	26.01223	726.2551	17.519287	17.314112	22290	25.77482	25.792625	719.06946	14.92308	14.679815	22290	21.47965	21.920893	609.841
M1_S25_contig_27700	108.09136	108.00352	15310	274.96854	135.52489	3783.822	65.89499	65.60833	15310	105.91906	95.48554	2662.0305	79.74472	79.70544	15310	149.06577	116.19921	3232.6726
M1_S25_contig_28270	802.5536	799.9203	18764	5915.6177	1020.12445	28481.629	647.4452	646.7274	18764	1551.6484	942.0512	26263.342	880.5446	880.0865	18764	2389.738	1284.5371	35735.934
M1_S25_contig_28564	421.11218	408.7638	12441	21664.725	570.7971	15936.519	371.87918	360.69928	12441	19803.273	587.7015	16384.465	339.57953	329.4168	12441	19078.67	540.1457	15026.902
M1_S25_contig_28856	19.258139	13.674401	11977	1385.7184	28.214804	787.7507	17.425383	10.799249	11977	1714.8043	31.577269	880.339	19.484062	13.961296	11977	1361.5385	34.6923	965.1429
M1_S25_contig_29141	8.03608	7.9011784	11560	16.513874	10.9650135	306.14063	4.7068334	4.511978	11260	8.469129	6.9099364	192.64127	7.279951	7.0508113	11467	13.132298	10.6755085	296.99374
M1_S25_contig_30599	455.38846	429.8345	29446	49772.586	588.5247	16431.47	395.93283	372.7906	29446	40286.492	592.57	16520.186	359.25464	336.81802	29446	38746.89	540.77966	15044.54
M1_S25_contig_30657	20.361406	19.774336	17189	106.85107	30.020308	838.15967	12.918834	12.621764	17189	37.330715	20.179506	562.58203	17.429955	16.961857	17189	62.93792	27.461237	763.9741
M1_S25_contig_31202	25.262323	11.044138	15303	12242.666	58.720726	1639.4689	22.068964	7.6835546	15303	12312.206	63.64822	1774.4415	23.951164	9.070093	15303	13185.248	66.25472	1843.212
M1_S25_contig_31383	16.180592	16.026146	11114	27.753033	21.413124	597.8494	15.65861	15.62272	11114	17.78684	23.456285	653.9351	17.589931	17.565666	11114	18.944849	26.68476	742.3722
M1_S25_contig_33240	347.25726	326.46432	20877	24470.488	465.35565	12992.619	306.22888	285.27103	20877	21635.723	476.85498	13294.181	293.58966	274.2513	20877	18725.559	459.47754	12782.707
M1_S25_contig_34052	10.537076	10.424566	10534	17.297289	15.139921	422.70297	5.9750576	5.780976	10440	11.749256	8.965391	249.94504	8.906779	8.862829	10426	15.134522	13.465865	374.6216
M1_S25_contig_34748	5.2748566	5.160007	18573	7.6103396	9.017098	251.75526	4.302996	4.1609597	17699	7.5573626	9.013444	251.28488	4.060353	3.979932	18159	4.599058	8.13416	226.29308
M1_S25_contig_35073	27.869432	27.740376	14319	94.38488	40.70292	1136.4161	17.308773	17.454638	14273	43.75226	25.318333	705.847	23.925894	24.203482	14318	52.72219	35.205746	979.42676
M1_S25_contig_35532	7.836176	7.5839276	10108	18.061954	32.400482	904.61395	6.2016454	5.972247	10071	13.158091	35.163807	980.3276	7.114968	6.967677	10075	12.300617	30.174303	839.45154
M1_S25_contig_36040	24.352398	23.570068	13683	233.2959	31.055767	867.0697	22.65041	22.232574	13683	164.20374	34.208332	953.69025	21.55117	20.859863	13683	162.64114	32.7592	911.36383
M1_S25_contig_36109	14.319536	11.5695305	19550	665.0798	21.708668	606.1007	9.903557	7.9895763	19504	389.24203	17.775873	495.57153	11.871495	9.414662	19550	544.8637	21.622059	601.5277
M1_S25_contig_36550	6.822462	4.587835	12444	837.00635	18.139696	506.45596	5.1460133	3.0352952	11589	730.06134	17.647089	491.9811	7.040474	4.9532385	12254	787.6933	22.530542	626.8017
M1_S25_contig_37410	12.190578	5.223237	10952	5698.436	37.868534	1057.2802	9.934818	3.7209058	10234	4528.902	38.14793	1063.5217	11.326424	4.3452277	10616	5600.817	40.74855	1133.6283
M1_S25_contig_38080	63.591827	52.667557	11405	3820.6353	88.74979	2477.8728	57.810574	47.526306	11405	3320.4888	93.96882	2619.746	51.778233	42.5422	11405	2950.9233	85.07234	2366.7197
M1_S25_contig_38412	5.8134556	5.4749594	17667	16.31386	7.239482	202.12462	5.394728	5.224741	17218	10.407218	7.7378907	215.7239	4.847291	4.5576997	17419	11.161379	6.9937677	194.56718
M1_S25_contig_38741	10.591702	10.207469	10057	31.11765	16.721382	466.8568	6.5768647	6.2250757	10044	16.208582	10.494122	292.56445	9.006864	8.680274	10057	20.459671	14.191343	394.80444
M1_S25_contig_38760	9.166157	9.078618	11597	9.364669	11.505982	321.24445	8.35791	8.266233	11583	12.377304	12.515637	348.9221	8.651611	8.590993	11597	10.402816	12.852549	357.55902
M1_S25_contig_38772	77.923935	76.383026	95571	339.57895	98.36529	2746.3345	67.42821	65.862724	95571	261.95087	97.6523	2722.4377	67.529976	66.19357	95571	214.69276	98.089386	2728.8555
M1_S25_contig_40167	106.27176	105.55016	54304	418.01135	136.2252	3803.3748	98.573235	97.818016	54304	394.0276	146.60341	4087.14	88.75675	88.20519	54304	311.40097	132.33882	3681.6775
M1_S25_contig_41212	5.5949206	5.315555	22822	12.212947	7.001972	195.49344	5.491331	5.26948	22855	11.062397	7.995686	222.91075	4.837036	4.6982384	22543	7.005941	7.0646563	196.53935
M1_S25_contig_42948	18.877264	18.694853	13618	44.46484	23.786867	664.1236	15.495991	15.507919	13469	31.917948	22.211315	619.2267	17.921593	18.025408	13516	34.865635	25.816444	718.2158
M1_S25_contig_43047	29.967014	29.701231	12246	51.91914	38.18735	1066.1814	25.584574	25.413757	12246	29.0938	37.547245	1046.7753	23.2061	22.990448	12246	33.315193	33.91242	943.4464
M1_S25_contig_43338	5.108381	4.938527	25849	9.399001	6.568321	183.38586	4.4124384	4.3015084	25768	5.946464	6.375589	177.74435	4.0885477	4.006615	25606	5.22334	5.924793	164.82825
M1_S25_contig_43543	6.292624	6.094451	10822	12.122549	7.7865233	217.39781	5.4116826	5.259068	10718	8.901942	7.765261	216.48688	4.2684402	4.0748167	10441	8.953422	6.3060646	175.43533
M1_S25_contig_43711	49.09191	48.87845	34694	104.9386	62.308064	1739.6263	48.591595	48.485653	34694	70.3636	70.856804	1975.4083	38.65166	38.361275	34694	61.274643	56.63007	1575.4532
M1_S25_contig_44323	136.26761	112.11097	21565	33238.836	190.63953	5322.609	122.75583	100.89821	21565	27504.459	201.31041	5612.3115	113.51081	91.57728	21565	26890.771	187.10188	5205.19
M1_S25_contig_44737	10.020703	9.681566	17973	40.60854	13.399027	374.09753	9.657465	9.274796	17973	46.55458	15.146404	422.26483	9.321663	8.865033	17973	45.865158	14.691936	408.7309
M1_S25_contig_45444	122.53437	120.03263	72615	2574.6143	158.22105	4417.4946	95.32211	94.12194	72615	1119.1658	138.39162	3858.2046	112.12736	110.94942	72615	1383.875	163.15775	4539.0625
M1_S25_contig_398|provirus_16310_56569	136.06984	135.55742	40260	377.93195	170.20598	4752.111	110.35702	109.70067	40260	230.7927	160.34056	4470.1167	105.21985	105.06341	40260	180.67606	153.4439	4268.823
M1_S25_contig_614|provirus_32184_61415	59.413624	59.2065	29232	113.7377	75.31428	2102.7568	48.604393	48.392757	29232	83.83219	70.75651	1972.6127	49.71783	49.579544	29232	68.399055	72.758224	2024.1398
M1_S25_contig_969|provirus_2_11838	34.229572	34.09592	11837	65.69921	44.43208	1240.5332	23.551468	23.391006	11837	31.077251	34.26708	955.3279	32.51399	32.43426	11837	42.319828	47.510216	1321.7383
M1_S25_contig_1201|provirus_11758_45076	1004.34033	1004.8917	33319	8585.485	1266.5918	35362.94	787.2874	786.5793	33319	2222.7786	1145.1877	31926.557	790.18616	789.50574	33319	2045.4684	1153.5879	32092.922
M1_S25_contig_1524|provirus_641_45509	22.768019	21.111855	44869	476.31146	33.162876	925.89935	15.143294	13.696017	44869	352.17484	25.961134	723.7674	20.71578	19.344704	44869	347.44586	34.30862	954.4691
M1_S25_contig_2275|provirus_250_24739	49.52038	47.460148	24490	305.79785	62.661896	1749.5056	43.945194	42.234226	24490	230.91837	64.88225	1808.844	43.14047	41.730713	24490	197.61305	63.65112	1770.7799
M1_S25_contig_2413|provirus_9413_40604	112.43754	112.50508	31192	385.86078	139.78307	3902.709	145.08679	145.09761	31192	325.32303	210.79106	5876.619	106.54407	106.35833	31192	225.37186	155.22083	4318.2573
M1_S25_contig_2702|provirus_66386_101056	64.48617	64.36702	34671	124.19432	81.36241	2271.6187	63.104343	62.732304	34671	149.55678	91.97348	2564.118	57.40158	57.094017	34671	125.92022	84.073044	2338.9192
M1_S25_contig_3065|provirus_52464_83223	1085.0037	1083.3062	30760	10323.343	1369.5835	38238.445	874.61615	875.217	30760	2457.7346	1270.7653	35427.527	853.87115	853.4608	30760	2399.5955	1245.5704	34651.875
M1_S25_contig_4707|provirus_201_22580	30.899055	30.908787	22380	59.163883	39.320683	1097.8237	29.23149	29.160086	22380	41.989338	42.53934	1185.9493	24.81471	24.750599	22380	34.758648	36.33264	1010.7773
M1_S25_contig_5104|provirus_57339_105492	151.66685	150.92348	48154	5845.473	197.24539	5507.0435	150.95912	149.3916	48154	6768.8447	228.93153	6382.357	139.39575	137.64561	48154	6578.6304	212.87314	5922.1484
M1_S25_contig_5464|provirus_2_39897	80.15365	78.135445	39896	1318.3177	102.415726	2859.4233	69.155235	67.50769	39896	829.65546	102.38916	2854.496	71.44029	69.9856	39896	854.69116	106.00252	2948.9998
M1_S25_contig_5870|provirus_24216_63606	29.910273	28.928562	39391	364.72208	38.548504	1076.265	22.922377	22.041058	39391	279.89362	34.609623	964.8778	22.787493	21.91582	39391	249.368	34.542492	960.975
M1_S25_contig_6380|provirus_55811_94266	120.56996	119.84337	38456	456.057	152.77748	4265.5103	101.03224	100.17073	38456	365.45642	148.0798	4128.3	103.68992	102.87638	38456	323.03366	152.40794	4240.002
M1_S25_contig_6720|provirus_50_20224	63.91156	63.887867	20175	144.18958	80.96505	2260.5247	60.61578	60.44743	20175	95.64458	88.75776	2474.4678	62.95161	62.452866	20175	120.78676	92.37587	2569.9053
M1_S25_contig_6899|provirus_26456_53522	30.783928	30.164734	27067	91.11788	40.11927	1120.1202	20.975035	20.673174	27067	41.96855	30.751347	857.313	30.632128	30.286457	27067	52.47195	44.97308	1251.155
M1_S25_contig_8083|provirus_45445_55908	99.91846	99.42428	10464	413.6261	125.90925	3515.3567	133.914	134.39024	10464	286.47144	196.10414	5467.166	92.9841	93.10211	10464	207.31969	137.01933	3811.8901
M1_S25_contig_8375|provirus_124_37923	38.86571	38.433453	37800	281.10538	53.105057	1482.6805	27.806028	27.606268	37792	75.805336	40.602695	1131.9581	31.590624	31.064716	37789	218.61775	46.232403	1286.1897
M1_S25_contig_9233|provirus_2_13023	49.54001	44.064907	13022	1978.1366	68.598305	1915.2485	45.418583	40.640686	13022	1404.0662	73.009125	2035.4125	44.914776	40.232952	13022	1494.7799	72.246124	2009.8938
M1_S25_contig_9306|provirus_3_11988	702.7271	702.56085	11986	4133.6377	887.72205	24784.982	600.9807	602.4686	11986	1842.3347	878.7429	24498.377	578.9433	580.79376	11986	1933.411	849.4506	23631.79
M1_S25_contig_9724|provirus_66_15637	76.08423	73.77421	15572	427.05142	102.25779	2855.0132	62.17287	60.332924	15572	290.43298	95.30437	2656.9795	58.727985	56.953316	15572	278.2593	90.23775	2510.4211
M1_S25_contig_10212|provirus_615_10829	348.27182	347.93842	10215	1882.0573	442.39508	12351.566	296.05505	295.82108	10215	610.6236	432.01855	12044.197	265.77646	265.73407	10215	395.7516	389.48105	10835.3955
M1_S25_contig_11226|provirus_209363_232950	22.585203	22.032282	23588	53.26584	29.298668	818.01166	18.161917	17.613577	23588	40.93231	27.020977	753.3146	17.0864	16.647943	23588	36.17017	25.46077	708.32074
M1_S25_contig_11233|provirus_2_26973	56.730072	31.285873	26972	13330.543	76.250694	2128.9014	46.303074	20.281773	26972	13646.534	72.03007	2008.1177	55.07248	32.2604	26972	10750.898	84.70445	2356.4856
M1_S25_contig_11347|provirus_911_37529	20.884861	20.195198	36619	79.181335	26.605576	742.82117	18.207354	17.520061	36619	65.58802	27.061966	754.4574	16.579588	15.860464	36619	63.265385	24.702007	687.2122
M1_S25_contig_13890|provirus_48152_94671	80.11745	79.4677	46520	190.36003	101.57253	2835.8806	70.92471	70.72492	46520	112.639305	103.470894	2884.6533	65.05418	64.67535	46520	124.94037	95.20583	2648.6345
M1_S25_contig_14154|provirus_55149_116278	45.471222	45.180206	61130	85.636894	58.663258	1637.8638	30.340752	30.171932	61130	51.43413	44.0518	1228.1151	37.890015	37.753254	61130	58.804375	55.33393	1539.3947
M1_S25_contig_14887|provirus_2_17124	32.501858	31.404137	17123	171.82164	43.537857	1215.5667	23.67625	22.766447	17123	127.917984	36.15557	1007.97705	31.49679	30.677292	17123	120.16645	47.72942	1327.8368
M1_S25_contig_15607|provirus_129_96683	147.91705	112.01359	96555	43052.98	196.44899	5484.8096	125.93728	93.838585	96555	33563.93	194.68672	5427.6504	121.76421	90.001015	96555	32600.805	189.04214	5259.1694
M1_S25_contig_16496|provirus_9696_22059	113.96447	113.78443	12364	281.99918	142.74954	3985.534	94.594894	94.29216	12364	145.00581	137.63237	3837.0361	89.13345	88.62898	12364	143.1658	130.419	3628.2676
M1_S25_contig_16607|provirus_88045_129860	31.714323	31.633493	41816	56.497494	39.741306	1109.5677	29.914967	29.74408	41816	46.705006	43.374645	1209.2369	30.364397	30.270426	41816	38.580967	44.219	1230.1763
M1_S25_contig_18555|provirus_133784_171225	76.44666	76.277054	37442	245.95082	95.04348	2653.5913	83.602486	83.46806	37442	169.93538	121.572105	3389.2952	65.95661	65.84039	37442	129.96037	96.385544	2681.4548
M1_S25_contig_18792|provirus_266957_303528	44.444016	44.320133	36572	69.87282	55.49871	1549.5105	42.267338	42.077976	36572	76.435295	61.42286	1712.401	41.701305	41.605247	36572	78.99415	60.703613	1688.7798
M1_S25_contig_19664|provirus_83145_137182	118.2966	83.43384	54038	33832.547	154.17415	4304.506	115.55829	85.25355	54038	26272.424	174.18866	4856.187	110.489	76.51021	54038	32758.494	167.91077	4671.2915
M1_S25_contig_20271|provirus_75698_133928	97.41656	96.8103	58231	297.09546	122.57109	3422.156	99.89749	98.6411	58231	330.09573	146.3618	4080.404	86.971886	85.86339	58231	318.31516	127.870094	3557.3577
M1_S25_contig_20527|provirus_3613_42685	400.16696	396.4426	39073	3322.4817	510.78284	14260.936	333.50443	331.3225	39073	1600.9208	487.14716	13581.12	469.61447	466.46545	39073	2592.7778	687.3853	19123.121
M1_S25_contig_20552|provirus_107293_159620	47.04013	46.866592	52328	88.16291	59.05232	1648.7267	44.979782	44.78949	52328	78.95571	65.438446	1824.3511	41.832764	41.654144	52328	66.2963	61.013283	1697.3948
M1_S25_contig_21499|provirus_21496_51358	9.110558	8.674719	29693	35.122845	13.375033	373.42776	5.241443	5.0324945	28734	13.036008	7.658471	213.50977	6.9082556	6.626781	29529	20.587704	10.084627	280.55533
M1_S25_contig_23050|provirus_9743_49015	9.119597	9.004828	39173	19.195427	11.424679	318.97437	8.495616	8.332112	39108	17.900824	12.317375	343.39465	7.4716663	7.3609667	39230	12.599848	10.857871	302.06686
M1_S25_contig_24304|provirus_3_16568	351.8416	350.95886	16566	2851.4136	452.83063	12642.92	284.74185	283.30063	16566	819.615	418.8862	11678.079	359.7177	358.46582	16566	1032.5176	531.0576	14774.066
M1_S25_contig_24893|provirus_127_35529	14.967152	14.685651	35292	56.223988	19.59594	547.1138	9.445919	9.227458	35311	23.875532	13.823632	385.38745	13.857061	13.681238	35211	39.44782	20.29859	564.70856
M1_S25_contig_26267|provirus_8052_22670	207.56355	207.83905	14619	509.07382	264.04288	7372.0146	185.76425	185.36052	14619	423.44733	270.44946	7539.83	195.92868	195.61115	14619	416.1106	285.838	7952.036
M1_S25_contig_26348|provirus_367093_401731	216.71066	215.98122	34639	722.40546	271.44666	7578.727	188.27162	188.06955	34639	353.29947	273.46146	7623.802	163.3393	162.79933	34639	288.71167	238.10677	6624.1504
M1_S25_contig_28274|provirus_35704_82862	336.13052	335.1942	47159	1776.2341	421.37656	11764.734	344.59094	343.72324	47159	2008.4711	501.5772	13983.41	302.85086	302.15338	47159	1361.9047	442.147	12300.566
M1_S25_contig_28756|provirus_138_38980	202.35954	201.15154	38843	984.3503	255.93651	7145.6855	176.97462	176.31393	38843	435.1806	258.22305	7198.969	160.1331	159.2794	38843	403.55817	234.51718	6524.2896
M1_S25_contig_29161|provirus_27413_57357	17.534687	17.46411	29945	27.368078	22.08471	616.5996	13.582413	13.395757	29945	21.625637	19.765938	551.0521	15.626179	15.544207	29945	22.76017	22.832335	635.19745
M1_S25_contig_33048|provirus_3_18317	66.26061	57.793137	18315	4030.3647	88.33611	2466.3232	51.48109	45.207413	18315	2350.5999	78.8803	2199.0947	56.248333	50.070892	18315	2195.502	86.219574	2398.636
M1_S25_contig_33292|provirus_25729_62019	30.70355	30.588219	36291	70.41035	43.037647	1201.6007	19.643646	19.54859	36291	31.379635	28.709658	800.3933	27.150106	27.139883	36291	41.064194	39.69401	1104.2909
M1_S25_contig_33849|provirus_17677_60490	10.665479	8.697458	42425	2618.2747	17.652557	492.8551	8.546011	6.9161415	42399	1861.2267	16.73196	466.4683	8.358476	6.7552996	42540	1841.6063	16.499512	459.01788
M1_S25_contig_37448|provirus_82121_117752	111.8807	108.72362	35632	1042.6678	140.0348	3909.7383	96.72944	94.79533	35632	541.1692	140.63962	3920.877	90.16989	88.31894	35632	462.96182	131.57977	3660.5608
M1_S25_contig_38584|provirus_66931_90056	12.641887	12.424033	23126	24.380219	15.662272	437.28696	16.216227	16.085783	23126	25.703232	23.599339	657.923	13.1865425	13.004981	23126	20.428314	19.222273	534.7652
M1_S25_contig_40525|provirus_120160_156310	36.820282	36.65924	36151	72.89322	46.630665	1301.9169	33.563736	33.46906	36151	57.500668	48.7691	1359.6283	28.489513	28.301132	36151	43.932278	41.773415	1162.14
M1_S25_contig_40528|provirus_104132_121871	84.93462	69.67863	17740	12660.815	136.63914	3814.9321	98.08886	80.58938	17740	17190.322	184.27899	5137.4927	90.15827	74.18469	17740	13430.818	170.14304	4733.3945
M1_S25_contig_40779|provirus_12665_51897	44.202263	44.02641	39233	86.096	55.79049	1557.6571	40.72277	40.643867	39233	58.98818	59.231384	1651.3049	34.26106	34.01521	39233	53.275726	49.967094	1390.0894
M1_S25_contig_41285|provirus_6164_17411	6.6944494	6.554855	11050	14.413343	8.334024	232.68394	6.4880157	6.2914915	11167	13.205633	9.421639	262.66483	5.1784105	5.0020022	10863	10.425588	7.5084424	208.88548
M1_S25_contig_44257|provirus_117_60219	60.34829	60.161846	60103	128.24834	76.10563	2124.8508	49.69776	49.60661	60103	69.567184	72.099976	2010.0673	46.697365	46.630905	60103	72.079865	68.003716	1891.8696
M1_S25_contig_44684|provirus_50_34921	75.96682	75.31872	34872	337.9859	96.66662	2698.9094	72.95251	72.266335	34872	352.6251	107.54298	2998.178	75.479065	74.91718	34872	289.09467	111.52428	3102.6155
M1_S25_contig_45611|provirus_1_20071	219.3664	216.22511	20071	2920.4988	287.60944	8029.9854	180.32755	177.72966	20071	1759.6259	270.8947	7552.2407	194.7195	192.10736	20071	1669.6989	292.92667	8149.2476
M2_S26_contig_31	7.6655064	7.506954	13583	14.68425	9.839639	274.72043	6.571365	6.4863796	13593	7.4035926	9.660086	269.31232	6.285905	6.1565304	13575	8.169218	9.288078	258.39514
M2_S26_contig_1169	15.562072	12.149736	14446	413.51077	22.003447	614.33105	13.5545225	10.526095	14456	345.68863	22.02262	613.9661	13.208933	10.664182	14456	221.33006	21.285564	592.16626
M2_S26_contig_1221	12.347822	11.827531	10618	66.609024	19.943417	556.81555	8.7007065	8.325302	10618	31.699179	14.427888	402.23355	10.14167	9.6790495	10618	48.869484	17.654875	491.16025
M2_S26_contig_1442	7.546235	7.4379864	15117	14.00533	10.558089	294.77924	6.2545576	6.1506677	15140	9.582861	9.250787	257.90176	7.708124	7.4642596	15186	17.888975	11.546629	321.2282
M2_S26_contig_2329	153.95183	137.22952	16303	8979.604	203.24751	5674.621	131.46567	115.578445	16303	7336.026	203.19148	5664.7534	114.008484	100.145676	16303	6164.1274	177.52345	4938.7183
M2_S26_contig_4789	6.3895364	5.784236	10910	43.580574	1776.6161	49602.7	6.7445617	6.1389823	11045	33.349377	1614.232	45002.98	7.8219366	7.206077	11026	42.3228	1368.2589	38065.082
M2_S26_contig_5057	26.41407	22.937984	28691	651.0966	34.309376	957.9097	24.6614	21.555456	28691	594.6999	37.156483	1035.8812	23.478085	20.413555	28537	608.17926	35.59708	990.31396
M2_S26_contig_6069	11.948589	10.109228	17630	387.7804	17.04197	475.80783	8.465611	7.239274	17584	208.65283	13.532648	377.27512	10.3532505	8.812135	17610	279.18088	16.760292	466.27283
M2_S26_contig_7453	269.40814	230.681	16890	71463.19	394.84265	11023.912	260.35782	223.35776	17092	66281.39	448.64566	12507.744	279.97952	244.93285	16839	66857.74	481.76044	13402.614
M2_S26_contig_7833	31.056578	30.745304	21678	139.2966	43.52861	1215.3082	20.368357	20.266516	21678	74.98708	30.07429	838.43787	25.74726	25.65834	21678	87.45905	37.93201	1055.2721
M2_S26_contig_8176	8.419426	8.2937975	17378	15.6617565	10.913146	304.69244	8.651805	8.524862	17488	10.7753935	12.878729	359.04456	7.624928	7.38184	17488	13.165361	11.418135	317.65356
M2_S26_contig_8232	6.650705	6.4890594	10644	13.108564	8.23789	229.99986	5.8667974	5.7429223	10627	11.30423	8.433447	235.11511	5.1065063	5.0075703	10573	8.226425	7.3727665	205.11093
M2_S26_contig_8244	8.765213	8.6065445	26106	18.236517	11.09838	309.86426	8.465415	8.261498	26342	19.566248	12.390579	345.43552	6.913471	6.655801	25936	17.394878	10.108065	281.20734
M2_S26_contig_8324	5.909012	5.8165755	10337	7.950272	7.3070493	204.01106	5.258506	5.216083	10371	5.7721887	7.5671406	210.96353	4.387181	4.2734766	10423	5.584124	6.3447356	176.51105
M2_S26_contig_8378	101.94062	102.21487	13858	537.77954	131.33684	3666.8938	89.2945	89.13365	13858	432.2256	131.5409	3667.2136	93.17698	93.20579	13858	458.001	137.16136	3815.8418
M2_S26_contig_8763	8.691899	8.625719	15562	13.659455	11.127789	310.6851	7.9655795	7.819221	15606	11.179663	11.782514	328.48328	7.0254917	6.8757906	15606	10.5919075	10.403885	289.43683
M2_S26_contig_8991	16.66724	16.589907	11179	24.466335	21.177656	591.27496	14.353341	14.2110405	11179	21.799425	21.022947	586.0965	13.005531	12.791176	11179	19.732012	19.150507	532.76874
M2_S26_contig_9027	10.447121	10.329843	36188	17.918816	13.095992	365.63687	9.764949	9.576493	36201	18.432579	14.333717	399.608	10.288748	10.12274	36223	16.454105	15.145899	421.36032
M2_S26_contig_11928	55.06459	54.987278	32027	193.06613	76.31069	2130.576	38.06459	38.180405	32027	96.994354	55.633244	1550.9926	47.51175	47.67753	32027	112.68378	69.62478	1936.9677
M2_S26_contig_12108	19.477598	13.957318	24071	988.241	32.471657	906.60077	18.520523	13.752029	24099	750.0422	36.145927	1007.708	17.572048	12.282811	24049	859.18616	35.081226	975.9629
M2_S26_contig_13556	50.362957	44.008717	53294	25491.625	74.53064	2080.878	34.044067	28.300104	53294	21593.496	60.80207	1695.0938	41.034565	35.774826	53294	18338.035	70.31642	1956.2091
M2_S26_contig_14139	264.27658	251.65193	19855	8553.347	346.97424	9687.438	227.4099	216.61742	19855	6206.837	345.95728	9644.9	202.44614	190.52557	19855	7160.8413	310.86353	8648.251
M2_S26_contig_16624	11.073818	10.944643	15344	16.229958	13.783713	384.838	9.66969	9.562769	15363	14.316543	13.895231	387.38354	8.774404	8.588257	15363	13.405584	12.827024	356.8489
M2_S26_contig_18885	13.947494	13.462485	10263	53.6261	18.958431	529.3148	13.989717	13.3820715	10263	52.826244	22.13599	617.1267	16.909523	16.28573	10263	79.62621	27.15381	755.4214
M2_S26_contig_21429	10.63019	10.242332	13296	23.059267	13.754439	384.02063	9.262649	8.814805	13373	22.591656	13.945201	388.77658	9.077592	8.609865	13296	19.39301	13.740338	382.25745
M2_S26_contig_21889	36.28421	35.54338	33550	135.5968	45.9767	1283.6586	30.821266	30.251324	33921	94.1833	45.25219	1261.5807	27.805513	26.95894	33921	101.75345	41.0134	1140.9966
M2_S26_contig_22938	5.30709	5.1239586	20761	10.045551	6.8553753	191.4004	4.8987756	4.6806393	20466	10.257657	7.0648956	196.96133	4.86959	4.618844	20296	10.774696	7.064552	196.53653
M2_S26_contig_25073	58.138153	46.78225	43189	37853.215	91.87433	2565.1084	51.042892	40.423447	43189	34620.188	94.09868	2623.3665	45.45538	35.778404	43189	28729.701	84.50477	2350.9302
M2_S26_contig_25404	81.50522	59.036476	28386	30019.713	102.53141	2862.6526	75.517166	54.531216	28527	26132.354	109.49525	3052.6047	80.07628	59.60312	28697	25571.04	116.51108	3241.3489
M2_S26_contig_25941	12.557294	12.455158	11844	18.674858	15.679684	437.77283	9.908842	9.65438	11841	18.822271	14.330752	399.5253	10.234821	9.362056	11844	42.06475	15.127215	420.84045
M2_S26_contig_27732	16.029293	15.486307	19097	73.9081	21.629751	603.8975	14.867103	14.387556	19097	61.980324	23.097311	643.9273	14.692036	14.069607	19097	62.631268	22.923449	637.7325
M2_S26_contig_28282	7.983262	7.858091	15114	16.70807	10.297088	287.49216	6.6312437	6.4171953	15385	11.943568	9.830149	274.05365	5.6570396	5.4847956	14973	10.591246	8.510752	236.76984
M2_S26_contig_30408	5.8826833	5.7292967	20121	11.207087	7.705648	215.1398	5.0675154	4.967735	20671	6.277083	7.4027357	206.38005	6.080486	5.914175	20293	12.352993	8.808048	245.04054
M2_S26_contig_30637	32.833782	20.42963	12441	36813.742	92.81116	2591.2656	25.072655	14.067974	12441	28499.098	88.74992	2474.2483	31.013994	19.756937	12441	29860.078	101.861664	2833.8003
M2_S26_contig_32133	4.509773	4.397298	13277	7.177745	6.7003655	187.07257	3.1768496	3.1137204	13057	3.7850542	4.5971107	128.16237	3.524106	3.3898182	13257	5.0925555	5.0791116	141.30125
M2_S26_contig_32178	7.826125	7.738111	13735	9.374108	9.784527	273.18158	7.4433656	7.3703218	13746	8.780976	10.780616	300.55164	6.283466	6.213025	13699	8.347003	9.25564	257.49283
M2_S26_contig_32478	7.473585	7.166483	10056	20.104727	9.276354	258.99365	7.177458	7.075353	10220	9.774344	10.32675	287.8982	6.8454814	6.5225067	10112	17.65871	10.036013	279.2026
M2_S26_contig_35756	17.788717	15.483491	15731	1009.2167	29.366966	819.9189	17.00308	15.119875	15731	666.16406	30.91676	861.92474	16.493935	14.596948	15731	579.0707	30.394865	845.5878
M2_S26_contig_35951	7.5940404	7.4266376	17411	14.248564	9.485662	264.83728	6.728879	6.625714	17379	10.37896	9.70492	270.56238	5.20835	5.087637	16763	9.455087	7.533785	209.59068
M2_S26_contig_36900	5.991535	5.818426	28428	11.221882	7.5708055	211.37518	4.567959	4.4967756	28672	5.453696	6.589391	183.70479	5.177308	5.1119385	28695	6.5950336	7.485853	208.25713
M2_S26_contig_36984	4.900902	4.6648345	11834	13.477572	6.4689445	180.61127	3.6439798	3.444021	11959	7.65827	5.3187857	148.28185	5.257321	4.8768725	12245	18.246658	7.742919	215.40875
M2_S26_contig_37298	5.794315	5.5585318	22117	18.001036	7.5186725	209.91954	5.510066	5.3335233	22069	13.511087	7.9759955	222.3619	4.908485	4.798974	22487	9.385871	7.1646504	199.32124
M2_S26_contig_37732	11.07547	10.944714	12751	18.23629	14.105751	393.82913	9.432743	9.320871	12751	12.270893	14.096414	392.99228	9.315768	9.168151	12730	13.683065	14.119649	392.8098
M2_S26_contig_38177	6.222808	6.017563	13315	14.431381	7.7819557	217.27036	5.945954	5.750272	13150	13.815961	8.552027	238.42097	4.925781	4.7798777	13240	7.35116	7.1308465	198.38083
M2_S26_contig_40636	5.136253	4.9563413	23405	8.249412	6.505289	181.62605	4.321173	4.20424	23199	6.7451587	6.243568	174.06361	4.198201	4.1552577	22943	4.8271036	6.0791564	169.12273
M2_S26_contig_41052	12.304146	12.234839	12644	18.720102	15.416387	430.42184	11.732032	11.650542	12644	15.52732	17.210295	479.80383	10.399792	10.23315	12644	16.919079	15.32649	426.3843
M2_S26_contig_41341	5.0373735	4.8864713	10429	7.9347324	6.5465927	182.7793	4.4159336	4.2859244	10087	7.3835697	6.333928	176.58295	4.927808	4.7810364	10486	7.312065	7.125707	198.23785
M2_S26_contig_42514	46.088753	41.073677	14004	1690.1364	67.29216	1878.7811	65.407845	58.528397	14097	2258.7766	107.483864	2996.53	59.831818	53.301235	14007	2030.8497	99.83564	2777.4358
M2_S26_contig_379|provirus_743_71857	373.38153	377.49506	71115	3978.137	468.22665	13072.773	316.06207	320.35785	71115	2351.943	458.28583	12776.497	280.70908	284.26123	71115	1738.1694	408.4334	11362.655
M2_S26_contig_2449|provirus_73065_122060	1799.3892	1790.45	48996	35111.89	2267.927	63319.98	1501.4607	1493.4346	48996	11213.24	2182.8516	60855.477	1514.8346	1501.3274	48996	12946.713	2209.2412	61461.28
M2_S26_contig_2961|provirus_2_26141	10.281262	9.9879875	26111	29.899342	13.530983	377.78186	10.195344	9.86846	26140	24.320492	15.433945	430.28107	8.804309	8.575709	26107	21.254406	13.432742	373.7001
M2_S26_contig_3955|provirus_85611_117887	46.10085	24.60823	32277	11361.861	71.27813	1990.0682	40.416348	22.54975	32277	7877.9976	73.70874	2054.9177	48.442276	24.157566	32277	14136.615	88.4427	2460.4841
M2_S26_contig_6371|provirus_22542_35299	12.792354	12.702591	12758	18.445337	16.181461	451.78253	13.438055	13.373722	12758	18.5514	19.666157	548.27045	10.458518	10.393285	12758	13.904517	15.172434	422.09833
M2_S26_contig_7837|provirus_3_30345	100.784584	100.20011	30343	259.60242	128.3057	3582.2646	92.72321	91.979095	30343	221.1868	136.06621	3793.375	85.677605	84.94208	30343	228.27026	126.415535	3516.8909
M2_S26_contig_12192|provirus_28991_44848	10.894895	10.850686	15817	14.760393	13.62165	380.31317	9.532977	9.495756	15858	12.270062	13.886888	387.15085	9.440667	9.323808	15826	11.179331	13.665171	380.16632
M2_S26_contig_12853|provirus_10725_32709	11.793176	11.532336	21910	29.910507	15.362816	428.92618	6.93373	6.7847147	21910	11.798164	10.1751175	283.67084	9.83041	9.683	21905	19.607355	14.482484	402.90387
M2_S26_contig_13552|provirus_9081_28675	9.115248	8.653734	19412	33.59117	11.584525	323.43716	9.586166	9.388149	19587	20.388031	13.992589	390.09766	7.0346103	6.7665277	19282	16.913483	10.290606	286.28558
M2_S26_contig_13759|provirus_3_12335	4.9271116	4.731509	12194	8.782571	6.1352677	171.29524	6.223344	5.9700866	12189	13.787494	8.980941	250.37874	5.775425	5.6033745	12203	8.612343	8.351942	232.35178
M2_S26_contig_16129|provirus_13207_57040	50.083736	50.006767	43834	94.11826	62.321083	1739.9896	53.290176	53.147957	43834	105.03583	77.56785	2162.5051	43.299538	43.115704	43834	74.06281	63.277405	1760.3826
M2_S26_contig_17582|provirus_2_16429	11.656284	11.5600605	16428	16.634998	14.788604	412.89417	11.1298685	11.052348	16428	15.263102	16.147	450.16028	9.714031	9.66769	16381	14.134162	14.2139015	395.432
M2_S26_contig_17635|provirus_168_20433	67.59943	64.83867	20266	546.5935	85.646736	2391.2358	67.53316	65.082405	20266	490.1039	99.859116	2783.961	61.29022	59.1774	20266	429.41516	90.5612	2519.4202
M2_S26_contig_17817|provirus_203917_232117	63.857082	63.300156	28201	1262.7839	85.130486	2376.8225	55.57007	54.867943	28201	1067.783	85.03346	2370.638	56.243664	55.81907	28201	1084.8317	86.12036	2395.8765
M2_S26_contig_19375|provirus_1_17155	17.284622	17.002678	17155	40.162815	22.342934	623.80927	15.082152	14.750082	17155	32.540947	22.287115	621.33997	15.757718	15.428488	17155	30.930002	23.27955	647.63916
M2_S26_contig_20475|provirus_107198_152019	100.21696	99.85438	44822	242.58476	126.3859	3528.6646	81.87314	81.67214	44822	167.02325	118.94056	3315.9294	89.9101	89.634384	44822	140.76756	131.04405	3645.657
M2_S26_contig_20809|provirus_6889_28155	5.5755553	5.382333	21076	9.127617	7.074176	197.50926	4.952408	4.577261	21071	12.279274	7.2034283	200.82344	5.3977365	5.1552587	20659	10.408337	7.9013033	219.8149
M2_S26_contig_25418|provirus_3_27696	14.760238	14.628882	27694	21.833525	18.728865	522.90546	14.396565	14.349818	27694	17.932886	20.924654	583.35596	14.990016	14.873578	27693	18.75541	21.796196	606.37213
M2_S26_contig_25603|provirus_145441_178903	143.63528	143.4084	33463	410.40826	181.23956	5060.166	117.981445	117.90541	33463	171.88821	171.53384	4782.173	105.98559	105.78314	33463	186.26778	154.5602	4299.8774
M2_S26_contig_26236|provirus_372_15971	9.593463	9.5056095	15576	15.708954	12.245276	341.88513	8.783301	8.645764	15600	12.385037	12.819283	357.38736	9.6628475	9.48195	15600	14.760227	14.128985	393.0697
M2_S26_contig_28638|provirus_6170_23148	11.688335	11.52994	16979	21.62552	17.063969	476.42197	8.048964	7.852446	16979	12.785577	11.752494	327.64633	9.723929	9.557272	16979	14.179901	14.292457	397.61734
M2_S26_contig_36314|provirus_69541_80246	13.646078	13.517891	10692	27.29415	17.329811	483.84424	14.043483	13.988108	10706	19.232698	20.610264	574.591	10.7230015	10.581667	10706	14.763247	16.021734	445.72607
M2_S26_contig_36870|provirus_2_17382	23.391445	22.93062	17381	45.2287	33.36919	931.65985	16.741339	16.145464	17381	46.893906	25.089718	699.47327	20.808891	20.303501	17381	52.07879	31.188251	867.65985
M2_S26_contig_38028|provirus_22850_63980	23.380543	23.28905	41131	45.41279	29.473026	822.87994	23.121544	22.924734	41131	38.49778	33.57933	936.1545	22.769064	22.590733	41131	44.37306	33.150185	922.2413
M2_S26_contig_42311|provirus_73064_179506	13.196608	13.045482	106422	21.461578	16.980774	474.0991	8.545388	8.455663	106255	10.939285	12.392862	345.4993	11.603408	11.505295	106288	14.807991	16.85883	469.014
M3_S27_contig_223	88.90708	88.604195	19285	213.69562	112.49744	3140.901	58.617767	58.496834	19285	88.989655	85.282524	2377.582	74.976166	74.99547	19285	117.90206	110.02587	3060.9292
M3_S27_contig_678	7.448062	7.3585978	10128	11.317252	9.775707	272.93524	4.8362217	4.628492	9905	9.99812	7.344477	204.75583	7.5585494	7.422482	10133	12.695405	11.155933	310.35907
M3_S27_contig_1006	26.233587	25.80782	19616	66.618286	37.354202	1042.9205	16.68576	16.533848	19616	30.547676	25.082045	699.2595	22.981352	22.835844	19616	33.26391	34.109543	948.9304
M3_S27_contig_1463	8.765328	8.57305	42241	26.778969	11.368291	317.4001	5.7487817	5.6282554	41560	12.349686	8.434535	235.14537	8.737735	8.569104	42838	21.5776	12.894943	358.7386
M3_S27_contig_1646	6.738479	6.5603404	23743	11.716451	8.358626	233.37086	4.8732576	4.822955	23177	6.4476457	7.0963717	197.83897	5.9288435	5.733572	23939	10.268944	8.677999	241.42267
M3_S27_contig_4704	43.400593	39.921055	11311	1016.18396	58.10724	1622.3398	41.10689	39.068394	11311	622.9588	63.794956	1778.5322	34.422634	32.14654	11311	572.0168	54.388653	1513.0973
M3_S27_contig_4949	101.926094	55.906204	42772	471275.5	205.93193	5749.5693	91.16616	49.08548	42772	369928.97	218.14626	6081.675	81.952774	42.214962	42772	337108.16	201.95908	5618.5176
M3_S27_contig_5039	56.485813	55.881	11745	416.3374	73.491905	2051.8765	48.70677	48.124462	11745	378.67242	71.312836	1988.122	51.608883	50.8742	11745	378.22418	76.16213	2118.837
M3_S27_contig_5263	25.459772	24.335278	10814	196.83492	33.412212	932.86096	24.30739	23.48979	10814	138.57338	37.267258	1038.9695	21.41204	20.607836	10814	126.49569	33.196613	923.5324
M3_S27_contig_6335	6.227397	5.4977217	10374	29.60662	8.491896	237.09158	5.9257956	5.515296	10168	17.812088	9.087897	253.36058	6.63679	6.2126274	10273	22.253967	10.2689	285.68173
M3_S27_contig_6419	133.00594	122.80917	10082	5782.3438	203.60396	5684.5737	134.10129	123.986015	10082	5175.263	237.52875	6622.035	134.23097	123.53501	10082	6426.7285	245.0703	6817.876
M3_S27_contig_6989	8.140334	7.7096486	23521	33.871075	10.585348	295.54034	7.8363543	7.376253	23574	29.899952	11.348888	316.39432	8.645266	8.228384	23512	32.865135	12.706917	353.50757
M3_S27_contig_6997	12.658205	10.899564	2947	155.14423	17.918865	500.29044	14.991776	13.205637	2947	204.89227	24.884136	693.7417	12.924562	11.387455	2947	150.32585	22.73382	632.45715
M3_S27_contig_7511	6.604562	6.4137993	12197	13.725398	8.352218	233.192	6.0888357	6.0524583	12466	8.472179	8.810974	245.63997	6.530692	6.381346	12469	13.926525	9.371201	260.70752
M3_S27_contig_8203	8.76985	8.482798	13993	28.001707	11.148494	311.2634	9.054322	8.90724	14053	14.194237	13.24174	369.16483	9.3407345	9.201804	14067	13.388779	13.558891	377.20963
M3_S27_contig_8311	6.4744625	6.0397825	10267	26.664732	9.03967	252.38533	4.8504224	4.669475	10045	10.434273	7.5171824	209.5707	5.8199883	5.484215	10308	20.755205	8.943171	248.79968
M3_S27_contig_8979	38.521877	17.41576	37726	14003.378	55.449757	1548.1442	34.27704	14.08152	37726	12476.908	58.07313	1619.0145	35.357834	15.784565	37726	11850.581	59.86484	1665.4447
M3_S27_contig_9730	118.45194	118.24342	11802	255.92996	147.5502	4119.565	120.77283	120.96968	11802	178.83582	173.53981	4838.0967	106.28107	105.94851	11802	218.90996	153.51164	4270.7065
M3_S27_contig_11478	6.666762	6.43715	20940	14.923128	8.62351	240.76622	4.9102964	4.7457485	20213	9.727108	7.2001553	200.7323	6.2057424	6.0312667	21095	11.756005	9.136689	254.18343
M3_S27_contig_12175	12.567235	11.128139	31052	139.77368	16.478027	460.06268	10.447056	8.762151	30703	141.0424	15.68389	437.2494	16.063856	15.079786	31077	99.57589	24.119812	671.0152
M3_S27_contig_12192	85.20472	8.609831	13168	332396.6	236.88701	6613.83	74.41481	6.917733	13138	263789.84	253.15318	7057.6284	77.96551	9.3547535	13168	270778.66	260.44067	7245.4814
M3_S27_contig_12320	40.882664	41.04059	61990	261.43527	52.140793	1455.758	35.37786	35.64913	61990	189.56218	51.34949	1431.5665	28.335915	28.339622	61990	119.885056	41.266182	1148.0292
M3_S27_contig_12525	9.692975	9.241574	10172	37.109695	13.414016	374.51605	7.306426	6.9213967	10160	26.148888	11.872972	331.00528	9.165636	8.693681	10172	33.916283	14.738883	410.03705
M3_S27_contig_13029	42.16243	34.68488	12186	1815.3805	57.613956	1608.5675	35.927303	28.354994	12186	1769.8542	57.285667	1597.0605	46.873547	39.816967	12186	1661.0626	74.10432	2061.5884
M3_S27_contig_14034	19.974426	18.887732	10708	213.20953	29.340994	819.1936	15.289827	14.336385	10708	161.62672	26.682663	743.8831	25.956337	24.90099	10708	180.49588	42.247906	1175.3401
M3_S27_contig_14338	8.413479	8.14691	43768	23.64222	10.83342	302.4664	8.182894	7.9391985	43573	22.181936	12.124092	338.00616	7.661699	7.414739	43932	19.247429	11.31753	314.8547
M3_S27_contig_15253	8.812739	8.7033615	13919	17.686796	11.406811	318.47528	7.3776994	7.2217765	13863	15.478306	11.380176	317.26666	8.508197	8.345423	13997	13.83409	12.98746	361.3123
M3_S27_contig_15645	41.738533	6.513359	13096	169881.69	95.00253	2652.4478	41.31041	6.724968	13165	154652.75	116.084595	3236.3093	39.81091	6.718822	13165	138302.16	109.91891	3057.9531
M3_S27_contig_16283	213.34987	107.4148	14669	390026	296.56293	8279.967	194.12509	98.4233	14489	328170.4	316.21957	8815.851	210.01823	105.00182	14762	381824.97	343.9847	9569.684
M3_S27_contig_16352	8.165393	7.9914026	20420	17.10959	11.260507	314.39053	5.16554	5.079769	20144	7.964956	7.596354	211.77792	6.8250566	6.6530633	20273	12.239758	10.090267	280.7122
M3_S27_contig_16380	7.2479296	7.125	13968	13.992143	9.149343	255.44759	6.1459165	6.029743	14059	8.955361	8.929909	248.95586	8.025843	7.9038706	13995	16.07415	11.637488	323.75595
M3_S27_contig_17465	8.661216	8.47306	12686	12.299497	11.342421	316.67746	7.3865666	7.214906	12628	12.795906	11.286882	314.6656	7.536774	7.348635	12686	10.845717	11.215976	312.0296
M3_S27_contig_17475	7.755702	7.6902695	22266	11.325187	9.881343	275.88455	5.4269457	5.341647	21819	7.413598	7.8682528	219.35817	9.340635	9.176896	22291	13.824611	13.569001	377.49084
M3_S27_contig_17502	8.321922	8.163805	11280	14.369805	11.719366	327.202	6.8354897	6.6656017	11180	10.531744	10.089401	281.28137	8.147439	7.8669395	11280	16.66736	12.439877	346.07837
M3_S27_contig_17953	700.86084	691.6202	38389	13712.423	885.40784	24720.373	604.6407	595.02014	38389	8237.666	881.84985	24584.986	593.5286	583.14935	38389	7383.1953	868.4286	24159.762
M3_S27_contig_19399	31.684204	31.128317	16021	194.35004	43.546192	1215.7991	23.86617	23.38152	16021	125.72023	37.338593	1040.9581	30.232752	29.78719	16021	165.38336	46.912407	1305.1074
M3_S27_contig_20079	12.189237	11.216774	20273	71.77216	17.59544	491.2605	9.301545	8.501352	20205	46.02645	14.640947	408.1733	11.181683	10.471426	20273	53.95874	17.600052	489.63492
M3_S27_contig_20283	11.032316	10.932589	12280	17.972576	16.06095	448.41788	5.094064	5.034347	12032	6.2702355	7.4603043	207.98503	7.64831	7.496428	12280	12.360433	11.1069765	308.99698
M3_S27_contig_20317	6.4667215	6.1456857	25090	17.902853	8.393057	234.33208	5.7525697	5.507056	25081	13.914975	8.438114	235.24518	6.343182	6.105302	25576	13.911416	9.276275	258.06683
M3_S27_contig_20361	6.2586846	6.1566305	16205	9.102653	7.937752	221.62009	6.0561714	5.9126863	16246	10.070881	8.804676	245.46458	7.3415866	7.28329	16335	8.174904	10.667773	296.7783
M3_S27_contig_20484	9.211277	9.092815	13078	19.273449	13.103848	365.8563	5.5418487	5.4773717	12602	9.417058	8.054016	224.53697	8.056924	7.825961	13123	18.237974	11.619065	323.24353
M3_S27_contig_21009	18.767607	15.590291	17478	571.8939	25.71751	718.02686	15.794803	13.425168	17356	383.5895	25.701513	716.5294	15.252228	12.463239	17443	442.81177	24.991383	695.26245
M3_S27_contig_21590	6.304893	6.1619234	16910	11.970866	8.181209	228.41727	5.3647175	5.2524695	16735	7.8836966	7.7349358	215.64143	6.5861745	6.4503107	17026	10.352351	9.502101	264.34927
M3_S27_contig_23315	11.178707	10.930441	37916	24.16943	13.939778	389.19522	11.668859	11.456492	37913	24.08888	17.0322	474.83868	12.574804	12.41275	38022	23.878166	18.3781	511.28043
M3_S27_contig_23874	4.1171894	3.985888	12855	7.3240542	5.173662	144.4474	2.8825905	2.7893791	12882	3.1892543	4.1722884	116.31873	3.2146266	3.1234195	12988	4.4521694	4.659713	129.63367
M3_S27_contig_25655	6.5383387	6.291606	10459	15.784125	8.489126	237.01451	5.0645556	4.8414073	10358	11.077968	7.3799253	205.74411	5.716313	5.6731052	10657	7.8404813	8.311016	231.21317
M3_S27_contig_26061	10.089303	9.982159	23128	16.015358	12.7417345	355.74628	10.141439	10.004448	23050	15.376692	14.856512	414.18298	9.373357	9.256793	23128	11.968398	13.8422365	385.09225
M3_S27_contig_28795	54.039692	51.261124	14007	437.8659	71.87106	2006.6224	51.127735	48.34675	14007	382.29834	78.45472	2187.2305	43.387817	41.71779	14007	186.91556	66.51127	1850.3494
M3_S27_contig_29458	7.396891	7.280298	15531	13.054763	9.475503	264.55383	5.962072	5.847345	15439	8.610095	8.883335	247.65747	7.3935366	7.256719	15653	9.380338	11.0836735	308.34875
M3_S27_contig_30702	9.401771	9.084153	36534	33.02578	14.114432	394.07166	6.2187276	6.0118093	35288	16.477858	9.21401	256.8762	8.646155	8.456678	36515	26.03945	12.7857	355.6993
M3_S27_contig_31537	7.8421535	7.7706914	11083	11.657992	10.64089	297.09122	5.9492736	5.8108053	11027	8.81196	8.632861	240.67462	7.880724	7.7889714	11091	10.6948185	11.471285	319.132
M3_S27_contig_32302	6.3258796	6.1288724	11100	13.363323	8.0073	223.56178	4.6875725	4.4373946	10898	9.907282	6.71473	187.1991	5.380223	5.23884	11317	8.798755	7.7699428	216.1605
M3_S27_contig_35421	10.520094	10.225734	21796	30.881039	13.659968	381.38318	8.525039	8.268471	21828	24.688484	12.441127	346.84473	8.593849	8.405403	22185	19.132565	12.604555	350.65973
M3_S27_contig_35789	7.4553714	7.308591	11366	12.388251	9.8446865	274.86142	6.910565	6.8363023	11347	9.464783	10.157288	283.17377	9.164618	8.980503	11376	14.154282	13.524267	376.2464
M3_S27_contig_35797	8.222046	7.94234	11398	20.935005	10.432851	291.28268	5.95656	5.8255506	10981	14.530099	8.780732	244.79715	6.39933	6.2009788	10985	17.604883	9.60295	267.15485
M3_S27_contig_36977	9.017458	8.589433	11755	28.745459	12.683247	354.1131	5.7721877	5.5890503	11715	10.135162	8.79444	245.17914	8.999226	8.649628	11778	19.774233	13.544409	376.80658
M3_S27_contig_37176	8.371947	8.184578	15999	16.184021	10.987357	306.7643	7.7770205	7.7416053	15893	9.133767	11.316269	315.485	8.07685	8.02068	15999	10.633289	11.689669	325.20758
M3_S27_contig_39117	54.258408	52.637875	17785	273.94067	69.128136	1930.0409	54.563255	52.65791	17785	238.25905	79.88506	2227.1072	41.071053	39.54325	17785	163.4097	60.395134	1680.1981
M3_S27_contig_40777	19.004827	18.656889	179495	71.90285	24.478336	683.4294	12.0967245	11.797565	179453	36.815853	17.570614	489.84906	15.955919	15.638837	179500	51.134445	23.247347	646.7432
M3_S27_contig_41072	14.909736	14.746388	45528	28.823986	20.348455	568.1238	10.264401	10.180451	45522	15.341903	15.031935	419.0736	15.867953	15.702585	45525	26.49058	23.137314	643.682
M3_S27_contig_42763	11.3059635	11.138803	10903	17.373722	14.99971	418.78836	7.912131	7.7567596	10900	12.633801	11.681722	325.67343	9.147316	9.064603	10916	13.346807	13.17456	366.51733
M3_S27_contig_1621|provirus_36529_86612	119.285034	119.27126	50084	257.67007	149.70592	4179.7524	117.601135	117.60881	50084	217.17502	170.83911	4762.8047	109.645836	109.38334	50084	177.98265	159.96437	4450.223
M3_S27_contig_1784|provirus_19300_29937	11.574084	11.385063	10638	17.097204	15.075197	420.89606	9.549199	9.078602	10638	26.512693	15.321264	427.1399	10.139207	9.750106	10638	29.205761	15.960034	444.00952
M3_S27_contig_4703|provirus_36829_60606	12.787667	12.590238	23736	25.09069	18.042383	503.73892	8.729304	8.594846	23778	11.530987	12.757343	355.66046	13.865414	13.751388	23778	20.245567	20.292131	564.529
M3_S27_contig_5071|provirus_1_77415	12.19648	11.651189	77407	178.70895	16.387083	457.5234	9.871922	9.317807	77302	221.54301	15.389759	429.04932	16.627478	16.031118	77415	208.38763	25.246614	702.36334
M3_S27_contig_6013|provirus_24012_61062	121.71182	122.006325	37051	463.74158	151.92293	4241.6523	153.72299	153.70943	37051	488.5897	224.27888	6252.6436	117.29522	117.22489	37051	274.91034	171.75787	4778.3184
M3_S27_contig_6593|provirus_160587_184010	146.39203	104.88471	22959	110992.414	191.78983	5354.725	120.30351	88.38753	23150	74232.41	183.55016	5117.173	114.99549	83.79869	23194	67514.75	176.52919	4911.057
M3_S27_contig_7502|provirus_2_10458	9.156108	9.035572	10456	13.5493765	12.065555	336.86746	6.592607	6.4061656	10457	10.319656	9.593269	267.44952	8.032017	7.9516006	10457	10.39195	11.62418	323.38568
M3_S27_contig_7596|provirus_9462_22478	11.304578	10.926432	12949	36.870296	14.702367	410.48663	9.209994	8.8119335	12903	28.567902	13.791638	384.4954	10.152017	9.809429	12834	31.001448	15.457322	430.02405
M3_S27_contig_9074|provirus_12655_34354	13.133921	10.9945345	21686	875.70264	21.844316	609.8881	9.975731	7.904877	21546	814.09344	20.17628	562.4922	12.585894	10.666839	21700	709.0026	23.582905	656.07837
M3_S27_contig_9171|provirus_20191_31970	4.396217	4.228888	11255	8.043532	5.8065267	162.11674	3.5765262	3.4222393	10756	6.3757324	5.523301	153.98343	5.3042994	5.1196027	11668	9.912812	8.169726	227.28256
M3_S27_contig_17444|provirus_15465_30416	8.388799	8.239453	14924	14.4512825	10.832315	302.4358	6.6676803	6.465471	14949	12.098933	9.838303	274.2809	9.768004	9.689912	14952	11.813484	14.28886	397.51746
M3_S27_contig_18596|provirus_2284_18261	11.307872	11.137934	15978	19.496098	16.425062	458.58383	6.4034624	6.210375	15824	13.587382	9.26103	258.18723	9.976371	9.908816	15978	12.889943	14.573243	405.42892
M3_S27_contig_18679|provirus_98368_148407	918.36206	920.8609	50040	81205.875	1150.8403	32131.188	852.17255	854.17035	50040	74028.82	1235.8676	34454.605	857.85095	859.6792	50039	72533.33	1247.9225	34717.313
M3_S27_contig_24486|provirus_114286_169962	66.88085	64.28362	55677	568.83594	87.34978	2438.785	68.36591	66.08304	55677	488.72644	103.736275	2892.052	60.341095	58.048023	55677	468.21094	92.27059	2566.9758
M3_S27_contig_26920|provirus_33_33948	11.26959	10.955215	33834	37.4154	14.462251	403.78244	9.799591	9.480783	33858	32.678482	14.378384	400.85324	8.579903	8.413656	33793	20.916918	12.585731	350.1361
M3_S27_contig_28191|provirus_1_12459	19.93257	19.523603	12459	40.43695	26.725018	746.156	14.560078	14.325751	12459	26.065557	21.954567	612.06903	17.242262	17.04179	12459	30.36265	25.923447	721.19257
M3_S27_contig_32767|provirus_125_24152	48.143394	47.800575	24028	98.7601	62.303246	1739.492	31.028646	30.870697	24028	49.09595	45.372524	1264.9353	37.41243	37.32933	24028	48.169052	54.757282	1523.3519
M3_S27_contig_33170|provirus_134816_165826	15.053984	14.942646	31011	21.807388	19.279852	538.28906	11.905252	11.696921	31011	22.849474	17.437468	486.13718	19.847218	19.72306	31011	33.59569	29.02835	807.5715
M3_S27_contig_34944|provirus_1815_45454	6.708853	6.478591	43402	16.824562	8.45822	236.15149	5.5119567	5.3635993	42499	10.471116	8.077986	225.2052	5.7718325	5.5641255	42818	12.028028	8.456157	235.25102
M3_S27_contig_37972|provirus_3_20033	6.12771	5.770748	19681	18.305168	7.9176226	221.05817	5.803028	5.608562	19538	12.70587	8.419221	234.71834	7.297017	7.112558	19845	16.614845	10.676715	297.02716
M3_S27_contig_40358|provirus_237_37281	73.91744	72.301445	37045	302.45938	93.65115	2614.7183	76.16672	75.22282	37045	235.36662	112.27802	3130.1868	74.94726	73.4216	37045	303.10403	110.87338	3084.5068
M3_S27_contig_44395|provirus_20_11390	10.580697	5.7783937	11239	743.62476	13.464478	375.92505	9.935745	4.4934154	10749	939.82916	14.888596	415.07742	10.525087	5.744133	11207	732.37805	15.814036	439.94794
