Contig	F3_S19-treated_virome_Genomad_mapped Mean	F3_S19-treated_virome_Genomad_mapped Trimmed Mean	F3_S19-treated_virome_Genomad_mapped Covered Bases	F3_S19-treated_virome_Genomad_mapped Variance	F3_S19-treated_virome_Genomad_mapped RPKM	F3_S19-treated_virome_Genomad_mapped TPM	F4_S20-treated_virome_Genomad_mapped Mean	F4_S20-treated_virome_Genomad_mapped Trimmed Mean	F4_S20-treated_virome_Genomad_mapped Covered Bases	F4_S20-treated_virome_Genomad_mapped Variance	F4_S20-treated_virome_Genomad_mapped RPKM	F4_S20-treated_virome_Genomad_mapped TPM	F5_S21-treated_virome_Genomad_mapped Mean	F5_S21-treated_virome_Genomad_mapped Trimmed Mean	F5_S21-treated_virome_Genomad_mapped Covered Bases	F5_S21-treated_virome_Genomad_mapped Variance	F5_S21-treated_virome_Genomad_mapped RPKM	F5_S21-treated_virome_Genomad_mapped TPM
F3_S19_contig_115	15.234994	14.071082	12295	142.57901	0.9235302	31.100273	12.513298	11.539383	12166	100.3676	0.85266614	28.967583	13.82042	12.791053	12271	117.36934	0.87418	29.721743
F3_S19_contig_183	34.12998	33.863174	13914	77.01522	1.9976397	67.27134	27.282476	26.880045	13914	56.57166	1.743821	59.24278	30.896324	30.464481	13914	75.00668	1.8515906	62.95328
F3_S19_contig_501	12.6352625	12.270203	12951	26.03079	0.74066854	24.94232	12.584408	11.766513	12951	47.54915	0.8235351	27.977928	13.214905	12.328791	12951	54.229824	0.8105201	27.557335
F3_S19_contig_938	2726.4014	2345.809	125472	6522153.5	158.83809	5348.94	2558.281	2218.835	125472	5374870.5	162.90251	5534.2813	2624.851	2242.885	125472	6469272.5	156.36191	5316.235
F3_S19_contig_1017	64.832756	64.44587	40779	131.42188	3.7982798	127.908646	60.40865	60.070747	40779	122.438515	3.8682084	131.41454	63.636887	63.106434	40779	146.73004	3.8139334	129.672
F3_S19_contig_1255	254.04314	251.86394	35386	1745.8658	14.953942	503.58038	242.77937	241.28836	35386	1429.604	15.602776	530.0726	270.30127	267.7302	35386	1944.759	16.280972	553.54584
F3_S19_contig_1379	8.201296	8.144135	16549	12.880411	0.47449642	15.978862	6.8612423	6.751345	16264	13.820186	0.43463886	14.765973	6.979719	6.7707157	16499	15.807483	0.41572508	14.134472
F3_S19_contig_1426	24.180285	22.947376	70725	224.85776	1.419595	47.80545	22.308891	21.090853	70688	201.88576	1.4319227	48.646667	22.792658	21.526657	70777	212.00578	1.3696337	46.566933
F3_S19_contig_1440	100.91909	94.8219	4790	3222.0715	6.1543655	207.25084	171.28061	162.50323	4791	7217.653	11.444566	388.8059	244.33441	236.80038	4794	12277.489	15.173876	515.9051
F3_S19_contig_1500	16.433386	15.916058	14116	76.70082	0.9602426	32.336575	15.572839	14.806757	14106	81.814224	0.9978923	33.90137	16.314898	15.684977	14107	66.177246	0.9734561	33.09707
F3_S19_contig_1707	9.082362	8.985264	13797	16.318733	0.5351029	18.01981	8.787426	8.447692	13610	25.303257	0.573701	19.490322	8.943284	8.681674	13697	15.589779	0.53601813	18.22438
F3_S19_contig_1960	61.031517	57.899384	23218	1666.7437	3.5876386	120.81527	53.014435	50.206436	23205	1351.0969	3.4116216	115.90293	58.671795	55.917976	23205	1574.4801	3.5342422	120.16272
F3_S19_contig_2046	1724.1287	1754.8419	49348	405016.88	100.32689	3378.5503	1602.0071	1631.5537	49336	344399.03	101.90926	3462.1602	1662.6124	1688.8796	49348	389785.8	98.93506	3363.7485
F3_S19_contig_2056	14.112111	13.142994	25705	171.60701	0.8681206	29.23434	13.29865	12.464371	25705	137.45232	0.88576615	30.09212	14.576874	13.607843	25705	148.24214	0.92065424	31.301836
F3_S19_contig_2071	10.494817	10.344199	17225	16.301878	0.60779196	20.467646	10.969487	10.900384	17225	13.519687	0.70208603	23.851955	11.520586	11.426833	17225	14.356888	0.69059265	23.479837
F3_S19_contig_2159	415.41046	47.67966	34953	19055924	38.75884	1305.2201	381.3546	43.068893	34953	16135356	38.839306	1319.4865	407.0574	44.7014	34953	18422914	38.87142	1321.611
F3_S19_contig_2899	6165.8115	6137.2803	42821	1206100.1	358.914	12086.581	5648.348	5621.2866	42821	1036482.5	359.38846	12209.494	5781.1772	5756.4814	42821	974452.5	344.0215	11696.582
F3_S19_contig_3070	19.703646	19.574749	39780	28.271914	1.1543992	38.87486	18.565384	18.473047	39785	25.183857	1.1893837	40.406883	21.669182	21.58285	39785	34.91825	1.2969154	44.09453
F3_S19_contig_3384	2831.4214	2822.439	34334	133337.19	164.49994	5539.604	2543.2222	2533.9026	34334	109438.555	161.49257	5486.382	2716.04	2701.8186	34334	123237.92	161.32848	5485.0947
F3_S19_contig_3423	17.829983	17.065104	15219	154.2647	1.1153961	37.561413	16.246666	15.628622	15219	103.63339	1.1056778	37.56317	16.228947	15.566763	15219	132.14534	1.0390171	35.32612
F3_S19_contig_3635	138.11801	129.4333	38611	4544.967	8.041726	270.8084	125.0337	117.019325	38500	3897.8196	7.9596086	270.4115	139.6588	129.65295	38500	5243.0513	8.313874	282.66812
F3_S19_contig_3850	13.944317	13.6496725	16277	32.712265	0.8268827	27.845634	11.438581	11.175198	16277	23.539557	0.73826694	25.08112	13.383208	13.096383	16277	26.564423	0.8057126	27.393883
F3_S19_contig_3895	358.54138	350.81876	32249	6692.879	20.843378	701.9093	316.59793	309.27206	32249	5039.112	20.12886	683.83716	340.12628	331.6174	32249	6674.7983	20.2238	687.6003
F3_S19_contig_3988	37.616093	37.467224	42845	60.78484	2.1893356	73.72679	33.805714	33.60689	42845	54.675316	2.150947	73.07404	38.21574	38.06753	42845	65.46793	2.2746758	77.338
F3_S19_contig_4068	124.19662	121.47365	23464	1504.0336	7.535769	253.7702	121.73278	119.35537	23464	1203.5465	8.054918	273.64938	136.09273	133.67303	23464	1305.1005	8.408305	285.8788
F3_S19_contig_4190	23.22884	22.871643	12189	127.49896	1.3998601	47.14088	20.055902	19.57433	12189	111.108116	1.3160658	44.71065	20.884377	20.568607	12189	113.52492	1.2833276	43.63259
F3_S19_contig_4256	79.566	78.98976	38883	324.76733	4.6318083	155.97812	68.01701	67.57356	38883	232.33884	4.3316216	147.15808	73.47528	72.59938	38883	299.88464	4.3715415	148.63042
F3_S19_contig_4263	13.283254	12.578702	49183	78.7912	0.7725097	26.014582	12.013344	11.3374405	49164	68.53671	0.7645245	25.973158	12.052463	11.369666	49065	78.58938	0.7166256	24.364948
F3_S19_contig_4294	22.753988	21.39082	6414	162.82349	1.4003417	47.15707	56.38577	55.76409	6366	362.38934	3.80294	129.19713	67.85561	67.11804	6350	759.70734	4.273975	145.3133
F3_S19_contig_4382	20.175316	19.392841	42023	199.82188	1.1793019	39.713493	17.568577	16.773424	41945	167.44254	1.1255851	38.23947	20.04067	19.218801	42003	214.0824	1.1984086	40.745358
F3_S19_contig_4405	8.941132	8.498513	35521	35.46619	0.5302279	17.855637	7.812579	7.473946	34932	25.724825	0.5058407	17.1849	8.494775	8.017025	35584	36.51599	0.5174394	17.592714
F3_S19_contig_4432	8.652922	8.433712	12470	18.714497	0.527357	17.758974	6.294724	6.0366163	12470	15.457333	0.4349509	14.776581	9.099756	8.82233	12470	23.387806	0.5758061	19.577152
F3_S19_contig_4616	17362.445	17353.594	41799	13241067	1010.1677	34017.82	15504.919	15500.045	41799	10241240	986.04315	33498.805	17002.023	16989.639	41799	11846029	1011.50867	34390.855
F3_S19_contig_4822	3.779503	3.745977	1116	2.6570303	0.20427679	6.879105	2.7287784	2.7	1007	2.8258445	0.17173389	5.834313	2.2619047	2.0758622	922	5.103356	0.16064824	5.461972
F3_S19_contig_4917	589.492	529.6048	43546	178334.3	34.977715	1177.8895	543.2735	490.91708	43546	141314	35.21759	1196.446	567.3789	506.89236	43545	181722.84	34.468605	1171.9175
F3_S19_contig_4941	502.1822	505.48776	13357	15819.689	29.060993	978.6411	441.1182	444.38773	13357	11485.669	27.900969	947.8786	477.0225	480.8999	13357	10698.808	28.21664	959.3533
F3_S19_contig_5192	214.82945	176.46571	56826	54085.586	12.558695	422.9193	195.9047	160.75175	56826	43265.4	12.519668	425.3302	217.88998	178.2958	56826	56916.242	13.022548	442.76086
F3_S19_contig_5204	123.950134	120.48896	29932	3358.253	7.254876	244.31111	112.54237	110.03093	29932	2877.2869	7.1915455	244.3181	116.08025	112.6952	29932	3277.7258	6.9423523	236.0369
F3_S19_contig_5256	6.837315	6.7244005	14005	8.7574215	0.39505368	13.3035965	5.718369	5.5826316	13933	8.035301	0.36743575	12.482885	7.0238905	6.952931	14005	8.115713	0.42308593	14.3847275
F3_S19_contig_5541	621.9171	610.87134	40697	14790.989	36.175648	1218.2301	564.85034	554.71875	40697	12980.9	35.914658	1220.1276	615.86865	604.8419	40697	14531.741	36.629826	1245.398
F3_S19_contig_5558	41.04935	40.554104	31555	285.51132	2.394936	80.650505	35.729824	35.092327	31462	224.44855	2.2758238	77.31646	39.40772	38.550285	31529	334.83112	2.347915	79.82806
F3_S19_contig_5582	28.562605	28.217249	40953	79.52301	1.6672255	56.144524	24.833101	24.291397	40953	64.13718	1.5799266	53.674786	27.334461	26.837513	40953	76.340866	1.6313818	55.46624
F3_S19_contig_5648	7.5795865	7.401895	10937	10.765474	0.44333985	14.92966	6.8595533	6.748378	10937	10.235882	0.44159335	15.002237	6.867711	6.668864	10927	12.24645	0.41718602	14.184136
F3_S19_contig_5952	10.678744	10.233469	10500	33.705944	0.6697226	22.553179	9.617392	9.082332	10500	36.752815	0.6680547	22.695799	10.634975	10.025547	10500	46.76287	0.6949368	23.62755
F3_S19_contig_6212	31.614153	26.622206	18393	1000.95605	2.092295	70.45889	29.231924	24.748158	18393	788.5638	2.0834787	70.78197	29.928411	24.817528	18393	964.95715	2.0113707	68.385735
F3_S19_contig_6226	75.2565	64.992805	18532	3302.5396	4.7001505	158.27948	63.72674	53.701763	18532	2877.944	4.349262	147.75728	74.4295	63.893135	18532	3223.9473	4.752966	161.59871
F3_S19_contig_6267	28.579008	28.309887	11364	45.465218	1.6897513	56.90307	28.311485	28.04458	11364	59.35334	1.8391395	62.481014	27.446228	27.324154	11364	44.821457	1.6620479	56.508884
F3_S19_contig_6304	17.12196	15.920044	11170	143.42046	1.2120038	40.814743	13.882486	12.872555	11165	115.86412	1.1307132	38.413673	15.241198	14.177757	11102	132.2747	1.1002579	37.40827
F3_S19_contig_6642	11.628905	11.250631	15545	26.509735	0.693784	23.363464	9.963105	9.814245	15545	15.460512	0.64604205	21.947964	10.142579	9.780039	15495	24.972977	0.62048566	21.096243
F3_S19_contig_6654	660.9548	654.6932	20542	18952.797	38.65439	1301.7026	603.2041	598.16125	20542	18102.77	38.552124	1309.7301	644.732	637.6474	20542	22801.262	38.543934	1310.4766
F3_S19_contig_6899	9.300287	9.110586	10257	16.392403	0.5479584	18.452732	8.089344	8.053314	10228	8.18131	0.5203854	17.67903	8.686257	8.476091	10257	16.100943	0.5243739	17.828482
F3_S19_contig_7376	230.13268	194.52563	54966	45728.3	13.473716	453.73312	209.97774	177.70677	54966	37170.973	13.429904	456.25372	219.33698	183.69357	54966	45866.008	13.130851	446.44308
F3_S19_contig_7595	237.54677	236.45575	13823	518.9374	14.116131	475.36655	212.98918	212.16585	13823	467.73697	13.795612	468.6778	233.52885	232.19801	13823	642.0556	14.204676	482.95264
F3_S19_contig_7671	13.036661	12.869351	64741	26.819191	0.76087314	25.62272	12.43808	12.17964	64741	27.54126	0.79248166	26.922949	12.474354	12.183854	64741	28.661543	0.7452028	25.336576
F3_S19_contig_7771	36.213753	35.50218	41193	115.72004	2.1172814	71.300316	32.444557	32.067543	41193	79.842354	2.0690165	70.29064	34.864994	34.016678	41193	137.97057	2.0808249	70.74714
F3_S19_contig_7909	783.596	779.0346	37683	10074.314	45.55884	1534.213	682.0426	678.9772	37683	6547.6987	43.349342	1472.706	751.2187	746.3965	37683	10141.562	44.650536	1518.0983
F3_S19_contig_8025	4.430457	4.2847548	17096	5.968734	0.25726354	8.663455	3.4992442	3.3901808	16162	4.836046	0.22261062	7.5627446	4.2176414	4.0972867	16257	6.7582936	0.24957894	8.485573
F3_S19_contig_8045	207.13995	210.7402	16627	3252.4592	11.979201	403.40466	175.66565	177.4469	16605	2615.0405	11.107739	377.36288	206.32349	208.9528	16605	3032.8372	12.201669	414.85126
F3_S19_contig_8563	11000.294	11033.974	12246	3990680.5	640.95276	21584.35	9525.959	9563.871	12246	3267015.8	606.568	20606.912	11109.454	11148.321	12246	3152228.8	662.332	22518.998
F3_S19_contig_8874	196.30978	192.93791	43134	2579.1436	11.414663	384.39365	171.98181	168.74004	43134	1941.6018	10.935276	371.50375	190.96417	187.25165	43134	2593.0378	11.355576	386.08453
F3_S19_contig_8875	2.2799451	2.2045627	1299	3.1236317	0.12518209	4.2155604	0	0	0	0	0	0	1.2402464	1.2190114	0	0.7251189	0	0
F3_S19_contig_8917	610.64453	605.69275	60184	7036.369	35.56038	1197.5105	551.15216	546.1902	60184	6187.0527	35.078854	1191.7327	588.77954	582.32196	60184	7869.0034	35.061913	1192.0896
F3_S19_contig_8994	6.83657	6.6769395	12767	10.995165	0.39902228	13.43724	5.9488783	5.7131286	12568	13.013792	0.38279969	13.004842	5.4546247	5.3194504	12600	8.442791	0.32930186	11.196119
F3_S19_contig_9183	6.211264	5.9644403	11660	15.601323	0.36169058	12.180087	5.982092	5.665161	11407	17.538443	0.3789234	12.873155	6.5953803	6.465353	11082	16.419155	0.3919768	13.327038
F3_S19_contig_9408	8.594674	7.9581494	22796	142.85168	0.6188812	20.84108	7.559746	6.9520655	22761	134.99371	0.5960845	20.25077	7.8108716	7.182563	22777	156.9872	0.588672	20.014593
F3_S19_contig_9559	8.500476	8.402766	11719	13.770249	0.4945621	16.654589	7.1041574	7.0318832	11681	9.571533	0.45628256	15.501267	9.303138	9.148564	11719	16.118246	0.56069106	19.063248
F3_S19_contig_9654	6.942839	6.8792744	3334	6.841848	0.39711955	13.373164	6.0873117	6.068039	3334	5.826493	0.41964063	14.2564335	8.904837	8.893929	3334	10.2011175	0.52698797	17.917353
F3_S19_contig_9737	5.069693	4.9644885	4842	5.360949	0.28973776	9.757041	5.0831203	5.0776515	4767	4.7481513	0.33248702	11.29557	5.3629584	5.331913	4758	7.1005917	0.33138928	11.267093
F3_S19_contig_9800	345.9855	342.61594	10700	2682.1082	20.877304	703.0519	324.42587	319.88828	10700	3050.3396	21.455511	728.9075	326.8148	321.98367	10700	2523.484	20.274109	689.31067
F3_S19_contig_9802	37.916546	38.283783	14709	220.66823	2.2002437	74.09416	35.93571	36.249294	14697	182.31516	2.271742	77.17781	36.563843	37.068752	14709	196.21788	2.1689777	73.74429
F3_S19_contig_9942	309.11752	306.18442	34030	2841.6716	17.976204	605.3561	291.6001	288.78513	34030	2699.121	18.529938	629.51697	304.58167	300.9169	34030	2880.0737	18.10905	615.6997
F3_S19_contig_10047	292.18768	290.8682	45076	1270.3241	16.998722	572.43933	274.26218	272.88867	45076	1048.7118	17.441177	592.5287	296.5051	294.44394	45076	1651.6516	17.630838	599.4406
F3_S19_contig_10182	769.0948	764.0162	25433	6572.6167	45.050697	1517.1011	711.59357	706.6275	25433	6202.4536	45.570164	1548.1538	784.74976	780.63794	25433	6582.406	47.03785	1599.2661
F3_S19_contig_10258	7.1402917	7.054964	11733	9.378608	0.41400975	13.941957	6.8794785	6.7619185	11700	9.344306	0.4410369	14.983335	7.340844	7.274916	11726	9.011079	0.44159994	15.014202
F3_S19_contig_10312	5.0173783	4.7067747	19990	16.674606	0.31848964	10.725276	4.5597816	4.3551254	19193	10.463628	0.3060435	10.397208	5.1424527	4.9636436	19929	10.461903	0.317656	10.800163
F3_S19_contig_10324	38.91099	37.791595	43808	176.489	2.2813144	76.824234	36.025265	35.048454	43808	156.42935	2.3136587	78.60183	37.505726	36.10867	43808	221.70163	2.2512743	76.54231
F3_S19_contig_10629	81.8773	73.58859	18446	19807.803	6.3467884	213.7308	76.374565	68.47492	18446	17893.574	6.512489	221.24861	90.119095	80.81066	18446	24675.209	7.1772666	244.024
F3_S19_contig_10666	43.07613	36.622288	23492	12379.445	3.6969569	124.49663	40.97194	35.05774	23492	10979.511	3.8144186	129.58707	47.352367	39.843296	23492	16656.453	4.2233725	143.59283
F3_S19_contig_10874	1431.5669	1403.3174	94237	63013.82	83.35841	2807.1284	1357.3164	1331.6005	94237	57013.266	86.37574	2934.4397	1502.8087	1472.1879	94237	73532.79	89.46251	3041.6858
F3_S19_contig_10949	7.734307	7.5801125	23090	11.113371	0.45378888	15.281535	6.4009156	6.268769	22978	10.303842	0.41335732	14.042972	6.6210985	6.4510317	23087	10.860047	0.40026253	13.608748
F3_S19_contig_11035	52.03879	51.610455	34951	140.97345	3.023747	101.82596	48.73383	48.24118	34951	144.54816	3.0949075	105.14316	49.164936	48.800102	34951	123.155174	2.9189794	99.24402
F3_S19_contig_11205	7.743317	7.6281	10587	8.2214775	0.4472298	15.060652	5.951902	5.873443	10551	8.904358	0.38559103	13.099667	7.7159147	7.6681213	10538	11.953304	0.4639999	15.775799
F3_S19_contig_11396	831.5373	831.46625	42987	37637.57	48.383423	1629.3318	738.8395	738.09357	42987	28972.393	46.989075	1596.3586	776.40796	775.63947	42987	33874.38	46.17737	1570.0095
F3_S19_contig_11420	121.393234	115.81764	10617	4886.6577	8.348651	281.14432	113.48056	108.65216	10617	4685.074	8.512284	289.18768	129.16145	123.65768	10617	6156.4507	9.072247	308.4523
F3_S19_contig_11926	6.0179105	5.9446287	11205	6.7060313	0.34822345	11.726575	5.8579826	5.6933975	11184	8.671705	0.37886292	12.871093	5.2856627	5.182595	11060	7.2250657	0.32320622	10.988869
F3_S19_contig_12072	33.540222	33.201405	12171	63.82762	1.9616941	66.06086	30.03602	29.94713	12171	62.744217	1.9061574	64.7578	36.249397	36.17645	12171	56.878536	2.1535816	73.22081
F3_S19_contig_12082	8.847772	8.62173	14037	16.99022	0.53157574	17.901043	7.2229424	6.972718	14037	13.214586	0.4785573	16.258005	8.811911	8.622849	14037	13.222	0.5434573	18.477314
F3_S19_contig_12167	17.421335	17.307638	21036	26.751556	1.0170366	34.24915	16.052906	15.896531	21036	27.372875	1.026333	34.867577	17.623959	17.491383	21036	28.622097	1.0529792	35.800835
F3_S19_contig_12221	302.8983	287.39764	45035	13588.156	17.642683	594.12463	269.71817	255.9068	45035	10415.454	17.181713	583.7138	313.85605	296.82333	45035	15967.758	18.704239	635.93604
F3_S19_contig_12287	367.36847	362.19217	11065	3263.1672	21.93751	738.75476	346.29913	342.6854	11065	2508.9001	22.581173	767.1493	353.55978	348.46982	11065	2978.7502	21.598269	734.3316
F3_S19_contig_12363	6.9969015	6.601411	26323	21.982382	0.4118067	13.8677635	6.427659	6.112263	26238	16.809921	0.41369835	14.054562	6.4587946	6.2075233	26331	15.053176	0.3873304	13.169061
F3_S19_contig_12379	90.14607	88.54676	38878	549.8374	5.3969536	181.74474	85.72108	84.12715	38878	514.05975	5.599346	190.22632	101.33934	99.32709	38878	730.1721	6.2196755	211.46631
F3_S19_contig_12482	7.7547255	7.228426	21673	36.43906	0.4559665	15.35487	7.566708	7.026901	21662	34.053047	0.4839509	16.44126	8.624468	7.9323163	21874	47.639957	0.5170933	17.58094
F3_S19_contig_12735	16.28468	16.10179	17963	32.654476	0.95965374	32.316723	14.674563	14.54313	17963	23.38314	0.94744575	32.18754	15.07865	14.938066	17963	22.238758	0.91572994	31.134398
F3_S19_contig_13004	8.413467	8.099016	44650	33.139446	0.48918092	16.473372	7.3611193	6.994213	44320	29.506702	0.46871585	15.923672	7.580335	7.283447	44430	26.05235	0.45082998	15.328024
F3_S19_contig_13144	113.97629	111.26583	17189	2172.1333	7.1154494	239.61563	109.22912	106.393234	17189	1745.3033	7.4313855	252.46622	120.89618	117.40862	17189	2185.698	7.698477	261.74487
F3_S19_contig_13262	21.817955	21.68236	20634	31.017136	1.2875649	43.359272	19.541155	19.384846	20634	26.803898	1.2590307	42.773033	22.74878	22.696083	20634	29.258556	1.3671732	46.483295
F3_S19_contig_13715	17423.898	17389.973	43261	2754628	1013.169	34118.895	15411.383	15379.612	43261	2237682.8	979.47437	33275.652	16924.922	16885.951	43261	2444792.3	1006.28204	34213.14
F3_S19_contig_14077	14.666356	14.493528	39806	22.206242	0.8528972	28.721659	13.040372	12.85358	39756	25.12789	0.8281331	28.13413	14.003782	13.893842	39806	23.06472	0.8330019	28.32171
F3_S19_contig_14150	60.031174	58.92916	65523	349.23932	3.4960082	117.729485	56.010586	55.10463	65523	317.38873	3.5664573	121.163155	59.81075	58.750854	65523	339.59506	3.5592375	121.01245
F3_S19_contig_14191	15.174958	14.951916	42320	35.70265	0.885728	29.827261	14.392744	14.20899	42320	34.690495	0.91683745	31.147705	14.47963	14.22904	42320	37.375298	0.86358535	29.361526
F3_S19_contig_14260	24.572355	24.37059	37936	42.071323	1.4295458	48.140568	23.223257	23.074982	37936	34.918697	1.477223	50.185658	25.89729	25.710186	37936	47.872967	1.5404218	52.37364
F3_S19_contig_14295	90.49087	89.742	34693	229.59828	5.2614694	177.18213	82.336395	81.69282	34682	195.64635	5.231802	177.73978	92.87552	91.88141	34688	310.28012	5.521701	187.73546
F3_S19_contig_14370	19.563253	17.805307	54337	144.43962	1.1376361	38.310356	17.791445	16.16691	54337	127.65526	1.1302768	38.398876	19.24325	17.452644	54317	160.39142	1.1445872	38.915436
F3_S19_contig_14407	26.978256	26.832226	43290	55.739723	1.5693214	52.847572	24.300974	24.097538	43290	43.262478	1.5448838	52.48429	27.025383	26.726189	43290	55.03025	1.6095753	54.72487
F3_S19_contig_14430	20.024506	19.787725	40632	59.015636	1.1721992	39.474323	17.690332	17.454575	40632	45.675896	1.131808	38.450874	19.930265	19.565983	40603	60.352165	1.1897957	40.452534
F3_S19_contig_14447	27.416487	27.121296	12148	49.727264	1.5850298	53.376575	22.048592	21.710371	12143	39.009815	1.3970244	47.46107	26.393398	26.383703	12148	38.787445	1.5636386	53.163002
F3_S19_contig_14469	29.790482	29.420738	97970	187.17018	1.7382439	58.53611	27.21146	26.862219	97970	162.7189	1.7330528	58.876953	29.999723	29.62306	97875	171.94075	1.7863382	60.734673
F3_S19_contig_14478	106.132	100.50951	32414	10516.847	7.155431	240.96217	96.88439	91.695366	32414	9130.846	7.1514397	242.9556	104.26605	97.98705	32414	12651.026	7.2935185	247.97653
F3_S19_contig_14486	19.351973	18.76983	57160	60.904366	1.1256293	37.906048	18.40656	18.011654	57160	43.80391	1.1710203	39.783012	21.513805	20.897583	57158	68.613235	1.2822092	43.594532
F3_S19_contig_14518	15.1299095	14.980075	35325	23.737986	0.87890327	29.59743	13.287757	13.158898	35328	18.861261	0.8439417	28.671194	15.489598	15.343596	35336	24.458107	0.9216334	31.335138
F3_S19_contig_14579	22.701817	22.48648	6302	53.481747	1.38869	46.76471	55.295586	54.789474	6313	252.74435	3.7563052	127.6128	96.613884	95.77902	6313	890.82556	6.1460094	208.96161
F3_S19_contig_14585	19.683304	19.013212	10829	93.29528	1.1837744	39.864098	19.17923	18.331842	10829	91.399605	1.2477311	42.389122	19.975935	19.245605	10797	74.606926	1.2176838	41.400703
F3_S19_contig_14623	10.19021	10.05371	34754	17.573647	0.59507346	20.039347	8.898234	8.805515	34738	12.474211	0.56737256	19.275328	10.485105	10.397701	34716	13.907442	0.6256533	21.271944
F3_S19_contig_14709	9.856378	8.253071	17334	1022.7412	0.88723916	29.878162	8.394088	7.198888	17334	596.3349	0.80160326	27.232826	8.40142	7.0755854	17327	780.2547	0.78554153	26.708084
F3_S19_contig_14717	4.2456965	4.1274695	13788	6.0276985	0.24746929	8.33363	4.294281	4.2003317	13429	7.0677633	0.27383146	9.302868	3.8720303	3.7018335	13686	5.830318	0.23154922	7.8725715
F3_S19_contig_237|provirus_36829_60606	106.339386	106.10049	23778	275.05872	6.235599	209.98642	100.00884	99.769394	23778	286.68777	6.394546	217.24176	117.73392	117.08657	23778	417.2152	7.053188	239.80537
F3_S19_contig_304|provirus_96642_152318	16.287626	15.278219	55677	80.75476	1.0006479	33.69724	14.284744	13.227394	55677	71.92283	0.9562614	32.487045	15.892647	14.862631	55677	73.07904	0.9912964	33.703632
F3_S19_contig_663|provirus_270_24229	44.36283	38.822678	23960	1712.0358	2.9667656	99.90704	38.11911	33.585114	23960	1155.3871	2.7736387	94.22878	44.414364	39.388332	23960	1470.3687	3.0125008	102.42366
F3_S19_contig_701|provirus_107230_158246	19.04498	18.399925	51017	82.88865	1.1229854	37.81701	16.736233	16.111685	51017	58.228363	1.0770428	36.590355	18.230207	17.642363	51017	67.163216	1.1004686	37.41544
F3_S19_contig_933|provirus_2_11492	18.21127	17.60537	11491	76.060295	1.1079463	37.310577	16.146284	15.436759	11491	79.366516	1.0599319	36.00902	20.649061	20.057999	11491	62.263603	1.2684488	43.126682
F3_S19_contig_1190|provirus_35775_82933	27.82465	27.690563	47159	96.99749	1.6300327	54.89202	25.649067	25.660332	47159	80.849174	1.6430825	55.820396	27.128231	27.005932	47159	91.37147	1.624268	55.224396
F3_S19_contig_1373|provirus_104805_129947	142.0907	138.51367	25143	4703.734	8.588592	289.22437	123.94418	120.63032	25143	3549.7837	8.177144	277.80185	133.78078	130.50798	25143	4049.5288	8.258248	280.7767
F3_S19_contig_1488|provirus_17963_37015	14.956356	14.765944	19053	30.45228	0.8762206	29.507103	12.156483	11.966203	19053	22.070528	0.781588	26.55286	13.183198	13.086405	19053	19.128796	0.7875938	26.777838
F3_S19_contig_1906|provirus_2_16885	25.65848	18.30474	16884	1829.3884	1.8763009	63.185207	22.90379	16.187891	16884	1630.827	1.8848803	64.034966	29.669596	21.27108	16884	2485.0068	2.2505999	76.5194
F3_S19_contig_1939|provirus_105707_121283	90.51546	90.394455	15577	244.0713	5.3080835	178.75189	79.87087	79.78538	15577	193.48192	5.12696	174.17801	88.30816	88.5063	15577	203.56126	5.3145103	180.69104
F3_S19_contig_2295|provirus_9895_24513	14.141268	14.0951395	14619	18.857428	0.8324951	28.034605	12.928883	12.899486	14619	17.098139	0.83051825	28.21517	13.805654	13.775013	14619	17.790123	0.82228297	27.957258
F3_S19_contig_2349|provirus_26296_56056	93.16906	91.69483	29761	634.21387	5.5288405	186.18604	77.26777	76.16187	29761	444.94022	5.017252	170.45094	87.009995	85.44396	29761	540.1063	5.2885637	179.80885
F3_S19_contig_2617|provirus_52207_63756	70.97948	66.4691	11550	856.97375	4.2664256	143.67365	66.15369	62.345127	11550	711.7615	4.3392024	147.41554	80.5464	75.8383	11550	963.75226	4.934564	167.773
F3_S19_contig_2920|provirus_3_41438	46.000484	45.684322	41436	642.1931	2.7037156	91.04877	41.09301	40.99467	41436	524.7854	2.636436	89.56754	44.60265	44.465122	41436	607.22687	2.675882	90.978806
F3_S19_contig_3387|provirus_2_39110	145.3314	138.4077	39109	4296.914	8.738146	294.2607	138.97885	132.69798	39109	3833.4412	9.120141	309.83826	154.36667	147.70815	39109	4504.205	9.487	322.55374
F3_S19_contig_3689|provirus_17703_32894	65.146255	61.726326	15192	637.775	3.984124	134.16707	59.925144	56.45524	15192	656.07404	3.9883976	135.49767	61.134956	58.02482	15192	519.52466	3.788177	128.79633
F3_S19_contig_3717|provirus_87162_111727	29.898386	29.753323	24566	65.64944	1.7496401	58.91987	27.789768	27.775436	24566	61.361294	1.7834543	60.589233	28.956585	28.977657	24566	54.603073	1.7416754	59.216175
F3_S19_contig_3794|provirus_2_29681	32.442905	30.186018	29680	250.45627	1.9388686	65.29221	29.232712	27.137934	29680	225.45583	1.9033127	64.661156	32.639484	29.950825	29680	317.22266	1.9948908	67.82541
F3_S19_contig_4085|provirus_47329_90805	62.400696	62.093678	43477	116.42044	3.6367905	122.47044	54.559605	54.457058	43477	87.13669	3.4822526	118.302475	57.131603	57.00831	43477	97.0018	3.407363	115.848785
F3_S19_contig_4091|provirus_17236_70027	88.93636	88.70275	52792	147.37334	5.190957	174.80771	79.743	79.51496	52792	126.27192	5.091608	172.97707	83.999504	83.64925	52792	129.10818	5.01832	170.62074
F3_S19_contig_5162|provirus_175_14171	75.51224	75.40207	13997	151.34718	4.406333	148.3851	64.07814	63.84907	13997	117.3263	4.0968194	139.18118	70.57781	70.531334	13997	129.22757	4.2351985	143.9949
F3_S19_contig_5855|provirus_3_13705	95.51066	84.35511	13703	22330.002	6.579821	221.57823	89.53708	78.86753	13703	20037.568	6.7386265	228.93106	105.89287	93.599144	13703	27045.902	7.4569516	253.53316
F3_S19_contig_5916|provirus_45654_76704	32.688038	32.15882	31020	200.35483	1.9134084	64.434814	29.793598	29.300169	31019	204.69049	1.9109336	64.92012	35.424744	35.050053	31039	241.6303	2.1207309	72.10392
F3_S19_contig_6055|provirus_201_22580	28.055151	27.960566	22380	44.660084	1.6451129	55.39984	23.800945	23.633146	22380	37.906967	1.5226212	51.72799	28.72852	28.57212	22380	43.98853	1.7227393	58.572403
F3_S19_contig_6343|provirus_57350_87884	203.57008	209.05716	30535	2854.9636	11.907622	400.99414	182.56604	187.7817	30535	2292.417	11.672849	396.56137	203.79793	209.79855	30535	2882.9321	12.178182	414.05286
F3_S19_contig_6529|provirus_293_15459	85.60005	85.255455	15167	249.92953	5.051522	170.1122	81.16188	80.087	15167	282.63773	5.240281	178.02783	93.92755	93.16254	15167	369.98135	5.664445	192.58855
F3_S19_contig_7248|provirus_71541_86886	123.54126	122.73812	15346	345.70175	7.317489	246.41942	120.50829	119.63299	15346	384.51385	7.7924643	264.73328	135.41096	134.53085	15346	387.31003	8.160984	277.46985
F3_S19_contig_7453|provirus_316_42912	58.304333	58.917336	42597	151.0631	3.3980155	114.429565	52.169624	52.54577	42597	132.726	3.3218045	112.85153	57.0539	57.67369	42597	137.668	3.3956826	115.45173
F3_S19_contig_7600|provirus_11884_26046	65.60316	65.211685	14163	360.6303	3.9077039	131.5935	60.355457	59.893917	14163	194.9292	3.9358094	133.71106	68.45008	67.72687	14163	333.9018	4.1975846	142.71608
F3_S19_contig_9108|provirus_35608_52988	140.92966	138.67038	17381	1105.7815	8.418086	283.48264	130.07202	127.36475	17381	955.37274	8.506546	288.99252	148.9458	145.21716	17381	1399.7107	9.125086	310.24896
F3_S19_contig_9822|provirus_3_16544	12.188567	10.453843	16542	130.02245	0.85551065	28.809666	10.997193	9.470652	16426	110.3946	0.83998245	28.536709	12.853099	11.136912	16542	126.060295	0.9001022	30.603075
F3_S19_contig_10031|provirus_73247_93598	26.595932	26.48339	20352	43.803005	1.5626091	52.621513	25.561974	25.540974	20352	39.712738	1.6418561	55.778732	30.925453	30.801067	20352	56.72373	1.867536	63.4954
F3_S19_contig_11409|provirus_68890_79729	324.82385	320.69373	10840	3334.6445	19.493853	656.4636	285.4221	281.5576	10840	2344.179	18.686365	634.83136	302.37906	298.80783	10840	2392.5576	18.48654	628.534
F3_S19_contig_11960|provirus_128_14807	16.581142	16.047943	14680	42.42348	0.99806833	33.610355	14.847488	14.591681	14680	26.611612	0.9739418	33.087696	16.569994	16.225723	14680	33.61686	1.0277045	34.94151
F3_S19_contig_12121|provirus_31745_81660	242.46149	234.28412	49916	7038.2354	14.161268	476.88675	228.66594	220.42976	49916	6509.787	14.589143	495.63647	249.6574	240.94968	49916	7195.632	14.909338	506.91086
F3_S19_contig_12893|provirus_7138_34158	128.91995	129.18718	27021	259.9488	7.529266	253.55128	106.063675	105.942406	27021	210.75043	6.7669034	229.89174	122.333	121.656815	27021	284.41995	7.301118	248.23466
F3_S19_contig_13178|provirus_30152_137958	57.438755	57.11851	107807	115.12076	3.3650415	113.31915	54.034805	53.866966	107807	100.63966	3.4566777	117.43356	64.433876	64.24013	107807	114.2609	3.8594995	131.2213
F3_S19_contig_14180|provirus_9740_24317	15.560438	15.475666	14578	21.863329	0.93468	31.475756	13.630579	13.560835	14578	18.610037	0.8854415	30.081072	16.766495	16.6497	14578	26.602793	1.0182925	34.621483
F4_S20_contig_249	39310.87	38333.934	95571	49229050	2288.6174	77070.15	37280.44	36325.24	95571	46616644	2372.395	80597.305	40285.695	39140.156	95571	60753012	2398.3506	81542.85
F4_S20_contig_284	8.694148	8.635176	10181	10.449215	0.5175996	17.430387	8.36786	8.210987	10181	11.167557	0.5280349	17.938911	9.109859	9.04552	10181	10.672077	0.55030036	18.709978
F4_S20_contig_475	350.0879	340.44736	49373	8421.767	20.760893	699.13184	327.7713	319.406	49373	6716.6426	21.221487	720.95703	342.66367	332.41086	49373	8431.04	20.781382	706.5578
F4_S20_contig_531	2048.0737	1883.6205	62558	1238361.5	119.23758	4015.376	1824.8123	1686.9406	62558	903836.2	116.11308	3944.706	2008.0559	1843.3639	62558	1250342.5	119.53166	4064.023
F4_S20_contig_645	29752.133	30443.402	15182	101835900	1738.0552	58529.75	26225.443	26822.963	15182	79962210	1674.5635	56889.883	27224.822	27872.145	15182	84868240	1625.9858	55282.813
F4_S20_contig_767	93559.555	95016.9	23572	1022915900	5536.3906	186440.31	85195.47	86481.36	23572	848606500	5510.581	187210.81	91298.2	92683.65	23572	977294850	5524.599	187833.88
F4_S20_contig_812	21.437218	21.26949	49423	42.494236	1.2528772	42.191177	18.721998	18.478905	49423	36.63135	1.1970927	40.668766	21.126093	20.93339	49423	37.681847	1.2603856	42.852566
F4_S20_contig_1014	206.0499	207.70383	17105	2808.871	12.087337	407.0462	198.34567	200.71523	17105	2386.0498	12.706039	431.66183	235.7941	237.93362	17105	3248.7683	14.138289	480.69553
F4_S20_contig_1120	538.0223	538.6037	98156	39710.51	31.506113	1060.9816	519.3474	519.9331	98156	38465.758	33.24704	1129.5006	577.14215	576.62256	98156	48943.656	34.56361	1175.1473
F4_S20_contig_1288	12820.451	13066.833	17857	7851521.5	741.5396	24971.654	11987.26	12208.166	17944	6774844.5	757.7666	25743.588	10620.003	10818.618	17860	4469453	628.0934	21354.896
F4_S20_contig_1298	5.912476	5.647192	45064	14.65908	0.34609777	11.654985	5.8563595	5.681654	45932	10.801799	0.3739025	12.7025795	5.701513	5.489669	45448	11.940534	0.34240717	11.641688
F4_S20_contig_1318	114.69793	113.54692	14948	1233.561	6.827927	229.9334	104.759766	103.86401	15044	1052.8888	6.840545	232.39365	104.54109	103.17186	14948	1360.8262	6.373953	216.71162
F4_S20_contig_1368	16.592808	16.586302	10660	41.34246	0.9861231	33.208107	14.573589	14.483141	10582	41.010345	0.9402081	31.94165	15.01037	15.075996	10542	42.47876	0.89885575	30.560696
F4_S20_contig_1462	118.58141	107.550476	35643	5307.3604	7.398705	249.15443	110.326035	99.54284	35643	4835.535	7.517149	255.37985	128.80072	115.91764	35643	6801.378	8.203892	278.92877
F4_S20_contig_1498	44.905407	43.51436	10362	315.92404	2.9227295	98.424095	40.823246	39.80929	10362	264.1224	2.8835187	97.961685	41.79906	40.672543	10362	275.28723	2.7536151	93.621735
F4_S20_contig_1864	7.632407	7.324561	33272	20.343775	0.4652444	15.667309	7.5676107	7.227922	33246	20.790127	0.50616866	17.196049	9.072923	8.709514	33314	24.092827	0.56615263	19.24893
F4_S20_contig_1909	93.94346	62.567684	40088	47143.33	5.708684	192.24228	91.01783	59.802536	40088	45527.82	6.0563903	205.75354	101.35465	67.205475	40087	56343.992	6.2946877	214.01656
F4_S20_contig_1918	5.540345	5.374327	22524	9.853282	0.32265893	10.865672	5.444415	5.2510524	22398	10.36074	0.34676364	11.780591	5.7476654	5.503817	22129	14.032479	0.34242246	11.642211
F4_S20_contig_1921	9.260302	9.074698	20375	21.674885	0.5534281	18.636927	8.764295	8.668181	20438	14.665001	0.5621743	19.098732	9.73265	9.514567	20417	23.985003	0.5859739	19.92286
F4_S20_contig_1983	127.52401	129.19795	29741	902.4784	7.4350204	250.37732	106.58724	107.830925	29741	651.2779	6.7840633	230.4748	124.20185	125.39883	29741	900.8265	7.39866	251.55127
F4_S20_contig_1986	13.959459	12.336311	12212	131.36118	0.9176011	30.900595	12.564417	11.313928	12212	97.51874	0.9000505	30.577372	13.463937	12.100313	12212	122.086716	0.921228	31.321335
F4_S20_contig_2135	12.124123	11.982233	11405	14.958736	0.71037316	23.92212	11.942603	11.882045	11405	17.529135	0.7637633	25.947313	13.507686	13.419406	11405	16.660666	0.81349576	27.658491
F4_S20_contig_2277	19.38247	19.299938	7231	85.84065	1.2405542	41.77618	49.23787	49.026333	7232	494.69394	3.3408003	113.49685	84.12581	83.53241	7280	1460.3248	5.409287	183.91339
F4_S20_contig_2328	26.228468	20.087566	58263	6485.5493	2.5058634	84.38602	23.82928	18.542377	58263	4832.633	2.4773083	84.161545	25.30341	19.221077	58216	6445.2744	2.526794	85.90993
F4_S20_contig_2559	11999.853	12326.226	13670	9099882	692.9003	23333.705	9902.293	10155.365	13669	6352133	624.9115	21230.096	12090.238	12414.415	13676	8419676	713.74457	24267
F4_S20_contig_3155	2.271872	2.2685475	1123	1.6990858	0.1445703	4.868465	6.5070553	6.507837	1213	5.7737265	0.44240236	15.029717	0	0	946	0	0.20692237	7.03527
F4_S20_contig_3725	4.483305	4.287618	10816	8.087343	0.2602342	8.763496	4.4551964	4.337643	10907	7.219009	0.28102407	9.547221	4.762331	4.7511687	10818	5.005549	0.28109542	9.557124
F4_S20_contig_4493	6.879248	6.786541	10227	14.707663	0.3972152	13.376392	6.6753335	6.4329762	10172	17.923214	0.42215982	14.342017	6.4637256	6.3484797	10222	10.923817	0.3854448	13.104953
F4_S20_contig_4541	16.395422	16.299387	10109	26.43391	0.9697136	32.65553	14.458781	14.421751	10109	18.538336	0.9365673	31.817974	14.759112	14.784049	10109	22.813541	0.88409144	30.058733
F4_S20_contig_4664	43.70444	43.659176	22643	67.01356	2.5650523	86.37919	39.442493	39.257988	22643	52.03908	2.531221	85.993126	41.255413	41.103928	22643	85.49467	2.4770935	84.22008
F4_S20_contig_5981	9.250936	7.841566	11613	83.95982	0.7139262	24.041758	9.256069	8.172064	11643	59.921635	0.70452935	23.934944	10.008788	8.689319	11643	77.64724	0.7306536	24.841902
F4_S20_contig_6291	29700.164	30726.65	63968	70819704	1728.8766	58220.637	26716.693	27649.592	63968	56587644	1699.8922	57750.375	27961.86	28921.031	63968	63730064	1664.344	56586.95
F4_S20_contig_6550	11.334776	11.177885	11693	18.368654	0.65776396	22.15048	10.55418	10.329519	11704	21.891338	0.66974455	22.753208	11.736022	11.626058	11703	22.582262	0.6962092	23.670807
F4_S20_contig_7874	87.45633	86.24866	45111	475.06656	5.1035514	171.86433	78.65959	76.999084	45111	480.52954	5.0196276	170.5316	85.9986	84.034996	45111	591.0826	5.1288	174.37697
F4_S20_contig_7902	12.732695	12.647901	12984	22.738022	0.74092686	24.951027	11.290839	11.091389	13195	20.180351	0.71607375	24.32715	12.09061	12.027255	13175	19.727613	0.72623724	24.691753
F4_S20_contig_8315	4.9633465	4.8337817	11843	7.335914	0.2884891	9.71499	5.270769	5.0885816	11987	8.888352	0.33504465	11.382458	4.913584	4.760597	11890	7.2035375	0.29419813	10.002607
F4_S20_contig_8549	443.6408	437.26627	41053	6994.5835	25.811844	869.2248	383.9364	378.4038	41054	5428.6543	24.422081	829.6907	416.05942	407.64694	41054	8245.825	24.757921	841.75836
F4_S20_contig_8769	60.994152	58.6819	52808	1557.9072	3.7343838	125.75698	50.406834	48.503376	52808	1095.2415	3.3745048	114.641914	56.6219	54.097546	52808	1922.4895	3.568151	121.31555
F4_S20_contig_8900	177.56213	175.602	21255	1001.85925	10.401358	350.27005	154.73775	153.23308	21282	773.39795	9.899745	336.3237	175.55324	173.92566	21254	949.26013	10.50327	357.10663
F4_S20_contig_8932	26.954807	26.91399	38747	149.14874	1.5691894	52.843136	25.15143	25.14661	38762	125.54433	1.6014928	54.407486	27.315264	27.209284	38578	149.33817	1.6260022	55.28336
F4_S20_contig_9464	61.788357	57.617744	39896	1218.9762	4.810077	161.98137	55.06689	51.563377	39901	890.23737	4.8729115	165.54723	61.295666	57.275734	39890	1231.4337	4.6792254	159.09154
F4_S20_contig_10092	19.131895	18.838676	13456	56.39094	1.1644436	39.213142	15.591989	15.164997	13456	46.651184	1.0525644	35.75873	16.774237	16.414162	13456	39.223732	1.0559018	35.900192
F4_S20_contig_10347	12.9857855	12.564259	22662	52.353317	0.7707277	25.954588	11.591951	11.292567	22662	31.649137	0.74634	25.355383	12.757773	12.381157	22592	44.768703	0.7689679	26.14456
F4_S20_contig_10712	352.80197	318.63513	22980	104489.055	20.439445	688.3069	301.88074	273.08072	23035	73704.25	19.117678	649.4842	343.48566	307.5512	23026	104542.99	20.353209	692
F4_S20_contig_10867	32.081825	32.078896	27232	49.567593	1.8681343	62.91019	29.756998	29.696522	27232	42.714817	1.8942403	64.35295	32.130417	32.06027	27232	52.8938	1.9154862	65.12568
F4_S20_contig_11279	26148.908	26945.684	42953	49635188	1519.4197	51167.094	24002.758	24738.21	43075	41820604	1524.5116	51792.188	24641.03	25415.197	43016	43519372	1463.8254	49769.41
F4_S20_contig_11368	9.971482	8.627964	12283	176.89911	0.8694663	29.279654	9.222945	8.003663	12283	152.73755	0.8503785	28.889894	10.172999	9.014559	12283	143.33118	0.8589784	29.204885
F4_S20_contig_11437	4.580293	4.5052357	11399	5.2033362	0.2643751	8.902945	4.8108745	4.6676364	11395	6.8928304	0.3029695	10.292769	4.0240006	3.9098313	11022	6.4518104	0.23707795	8.060549
F4_S20_contig_11646	3.958865	3.6087966	11975	11.705854	0.22786702	7.673515	4.353901	4.2682757	12703	5.6111355	0.2754043	9.356305	4.065491	3.8549953	12552	7.5254817	0.24049719	8.176793
F4_S20_contig_11798	68.73663	67.33096	28544	831.62103	4.22651	142.32951	64.97601	63.505127	28544	766.5165	4.360313	148.13272	75.65736	74.18649	28544	1045.0056	4.771324	162.22284
F4_S20_contig_11896	57.70739	57.038754	33809	152.6282	3.3857465	114.016396	51.808994	51.272522	33809	121.4046	3.3176405	112.7101	55.98393	55.462784	33809	161.69362	3.3588138	114.198235
F4_S20_contig_12736	6.1483407	6.0311065	24267	11.494246	0.35608834	11.991424	5.3333197	5.2069697	24503	7.854768	0.33892858	11.514412	5.4474154	5.296862	24236	9.734282	0.32319608	10.9885235
F4_S20_contig_12813	26527.37	26656.584	10595	305880320	1547.1727	52101.69	24183.34	24313.207	10595	254763310	1541.6998	52376.117	25992.588	26144.404	10595	292460100	1550.2239	52706.926
F4_S20_contig_13076	91.068535	85.54536	17903	2005.2482	5.304766	178.64026	80.51908	76.11151	17956	1373.1487	5.1308594	174.31046	81.91734	76.04925	17903	2285.1055	4.88185	165.9807
F4_S20_contig_13458	15.070979	14.70457	12548	47.30576	0.91608983	30.849714	13.289724	12.959767	12548	40.29615	0.88511384	30.069942	17.446444	17.276972	12548	42.71824	1.079444	36.700615
F4_S20_contig_13777	26.504482	26.821636	43951	79.39243	1.546917	52.093086	23.772192	24.109093	43985	58.41443	1.5152447	51.47735	27.034676	27.244873	43970	83.04311	1.6171583	54.982662
F4_S20_contig_13854	4.197979	4.11003	10092	5.7339253	0.24208187	8.152204	4.0490856	3.9210863	10288	5.38964	0.2563886	8.7102785	3.3111646	3.2216637	9655	4.1806717	0.19561288	6.6507487
F4_S20_contig_14013	18.384743	17.389988	40590	91.13566	1.0733956	36.147064	16.643967	15.7809925	40590	79.26071	1.0607367	36.03637	18.366344	17.301489	40590	92.376816	1.0954002	37.243103
F4_S20_contig_14237	17.17533	16.779568	48322	44.723175	1.0104032	34.025745	16.303223	16.025488	48362	33.468338	1.0479958	35.603527	17.945013	17.370113	48362	51.7434	1.0795115	36.702923
F4_S20_contig_14407	13.09445	12.478007	37863	50.785786	0.77462405	26.085783	12.401188	11.991103	37835	35.244907	0.8010303	27.213383	12.953252	12.474914	37857	47.568016	0.7845989	26.676008
F4_S20_contig_14503	8.176471	8.025561	10101	12.898722	0.47271824	15.918981	7.37495	7.262725	10135	7.64169	0.46752042	15.883056	7.5491195	7.444988	10146	9.754965	0.4497106	15.289961
F4_S20_contig_14522	20.785692	20.430819	6493	78.92041	1.2808828	43.134247	40.267296	39.773758	6510	193.8694	2.761481	93.81568	41.29324	40.295773	6502	395.27765	2.5832238	87.828445
F4_S20_contig_1481|provirus_31718_51823	31.591602	31.492596	20106	41.78118	1.8486199	62.253036	28.644567	28.48391	20106	43.504986	1.8311415	62.209293	29.566847	29.450062	20106	43.538864	1.7691156	60.14915
F4_S20_contig_1595|provirus_107_51252	35.6667	35.59591	51146	154.0264	2.110873	71.08455	32.835594	32.733124	51146	136.42012	2.1224222	72.10495	33.04971	32.93616	51146	131.42238	1.9975106	67.914474
F4_S20_contig_2646|provirus_5248_27037	48.37292	47.945213	21790	127.71496	2.8678696	96.57675	41.33646	40.782707	21790	122.405426	2.6795642	91.03279	44.466774	43.944393	21790	117.87851	2.6983023	91.74108
F4_S20_contig_4216|provirus_88_26925	11.9001045	11.581807	26838	33.990623	0.7050358	23.742386	10.7200985	10.394255	26838	28.930227	0.6969793	23.678461	12.276604	11.953331	26796	37.927464	0.7441754	25.301638
F4_S20_contig_5265|provirus_170101_190108	22.616982	22.39398	20005	44.320946	1.3265347	44.671608	22.439571	22.283651	20004	43.801983	1.4406695	48.943836	24.649714	24.430233	20002	54.548775	1.4735687	50.100685
F4_S20_contig_5422|provirus_32767_105442	27523.982	26541.28	72646	361495230	1602.4624	53963.6	25017.717	24129.008	72676	296381280	1591.9896	54084.598	27129.676	26086.375	72652	365264960	1615.1245	54913.52
F4_S20_contig_7804|provirus_15111_32200	10.894923	9.427325	17026	160.97733	0.6618469	22.28796	11.108737	9.582382	17012	157.96243	0.72389305	24.592793	11.582526	10.30362	16685	155.91817	0.71335727	24.253832
F4_S20_contig_8479|provirus_13187_34423	112.137856	111.83977	21237	176.69278	6.5642715	221.05458	106.480774	106.13246	21237	186.65001	6.831608	232.09001	117.547874	117.26482	21237	189.20241	7.05163	239.75233
F4_S20_contig_12483|provirus_68244_86609	33.510925	31.75799	18366	216.76974	2.1092157	71.02871	33.85447	32.021103	18366	220.11008	2.3129878	78.57904	39.369125	36.75543	18366	361.60703	2.5531735	86.806786
F5_S21_contig_117	4.843952	4.66234	21815	8.138534	0.28136784	9.475174	5.103298	5.022314	21765	7.8999553	0.32333127	10.984521	6.1556435	6.063598	22340	8.629198	0.36527222	12.419097
F5_S21_contig_140	4.5912395	4.4630384	27206	6.5596137	0.2665961	8.9777355	4.053298	3.977064	26909	4.6773252	0.25674206	8.722291	4.5720706	4.478902	27512	5.42676	0.271593	9.234046
F5_S21_contig_782	6.132587	5.953841	10062	15.220607	0.35727906	12.031528	4.5649185	4.4816675	9897	6.490187	0.29308456	9.956951	5.7673345	5.632911	10332	9.034852	0.3409717	11.592885
F5_S21_contig_1374	6.744318	6.5369368	1371	14.685996	0.38701844	13.033013	17.743507	17.75135	1381	25.412634	1.1926435	40.51763	23.099838	22.63063	1381	114.55785	1.3751118	46.753204
F5_S21_contig_1624	11.028344	10.583397	17452	42.85602	0.65956736	22.211212	10.240293	9.95507	17508	28.021706	0.6688441	22.72261	10.654165	10.323861	17508	26.425354	0.6461495	21.9688
F5_S21_contig_1827	61454.25	60517.02	11211	450293400	3592.9163	120992.97	55976.53	55103.848	11211	371574940	3577.2502	121529.78	60037.89	59163.344	11211	421411330	3588.9434	122022.484
F5_S21_contig_1936	22.355087	22.337284	39220	40.546154	1.2996199	43.76524	21.541662	21.56181	39119	35.932564	1.3698018	46.53621	22.678938	22.674143	39239	37.70011	1.3464878	45.77997
F5_S21_contig_2127	120.654465	120.850685	31180	453.51535	7.1574063	241.02858	103.08936	103.31084	31180	319.1863	6.6808805	226.96935	113.8563	113.93011	31180	356.41446	6.897928	234.52658
F5_S21_contig_2205	8.65748	8.537597	18981	13.636495	0.50389767	16.96897	7.530129	7.448684	18915	12.506367	0.47865894	16.261463	8.465737	8.285344	18775	15.420878	0.50290614	17.098585
F5_S21_contig_2303	5.129409	4.953263	15388	9.552933	0.30018127	10.108727	4.6029882	4.360929	15170	10.381523	0.2933744	9.9668045	5.1687827	4.9698634	15177	10.060781	0.30632144	10.414793
F5_S21_contig_2933	12.477061	12.181332	35022	22.568853	0.73147506	24.632719	12.40082	12.153329	34964	22.796387	0.79368365	26.96378	11.9539795	11.713189	35026	22.530092	0.71634555	24.355425
F5_S21_contig_2966	2.2422557	2.1577094	1315	1.5859394	0.13068272	4.4007964	2.268467	2.2969162	1283	1.0693628	0.13602202	4.6210732	3.2867355	3.2581499	1372	2.6498318	0.19086243	6.489235
F5_S21_contig_2980	11.998172	11.669713	12093	35.638523	0.7584466	25.540993	11.9667635	11.722976	12094	27.826378	0.8131773	27.62604	14.391524	14.106526	12185	29.007563	0.9063488	30.81546
F5_S21_contig_3045	79.36885	75.656136	32571	1095.6089	4.6629796	157.02783	70.987076	67.68818	32572	768.67316	4.562781	155.01128	78.229225	74.85206	32572	893.96576	4.700329	159.80913
F5_S21_contig_3128	5.5157766	5.419973	11490	7.680028	0.32413638	10.915432	4.9112344	4.7712827	11200	8.984056	0.3132476	10.641953	5.9351597	5.7877502	11419	12.890117	0.35055852	11.918832
F5_S21_contig_3178	253.24791	11.623298	22832	23935120	56.996685	1919.3873	290.87875	11.052611	22832	32956520	70.39999	2391.6968	242.69716	13.042666	22832	20898396	53.59383	1822.1663
F5_S21_contig_3258	9.221004	9.168408	17362	11.7904	0.542461	18.267605	7.1756067	7.0524383	17373	10.011484	0.4632546	15.73814	9.017938	8.92905	17376	11.684267	0.5391092	18.329468
F5_S21_contig_3520	22.913857	21.784554	30634	112.86632	1.3658614	45.995934	20.098412	19.290167	30554	77.87242	1.3059995	44.36867	21.075352	19.873304	30634	107.85225	1.2834388	43.636333
F5_S21_contig_4096	7.9266086	7.4278264	26249	29.790384	0.46782306	15.754132	6.5664454	6.2524805	26103	18.449024	0.42255455	14.355428	8.133425	7.493724	26187	39.893955	0.4878045	16.585135
F5_S21_contig_4319	287.56683	254.84808	35950	75179.02	16.710825	562.7441	248.00288	220.15933	35952	55285.918	15.757218	535.3196	278.78094	247.12724	35952	71355.03	16.56098	563.0659
F5_S21_contig_5204	16.132442	15.875614	13010	44.153416	0.9460574	31.858871	13.680226	13.329854	12990	43.439423	0.875839	29.75484	15.582331	15.086863	13031	51.5201	0.9383111	31.902168
F5_S21_contig_5346	14.503914	14.159648	24293	34.708122	0.88284653	29.730219	13.174294	12.868379	24293	38.555153	0.8788693	29.857798	14.003148	13.790142	24293	28.400785	0.86309636	29.3449
F5_S21_contig_5379	271.79385	271.24048	14485	2525.9907	15.754895	530.55273	269.779	267.00327	14485	2963.5295	17.102085	581.00854	297.40054	296.4226	14485	3322.8027	17.620155	599.0774
F5_S21_contig_5571	22.003714	20.099344	29458	379.31726	1.2799885	43.10415	21.042866	19.593344	29387	312.12985	1.3365237	45.40569	23.46751	21.975996	29497	331.02222	1.3912596	47.302193
F5_S21_contig_5605	11.841191	9.821756	10649	831.39105	0.97925514	32.97681	10.467697	8.480974	10691	712.181	0.9474295	32.186985	11.622901	9.294825	10691	1066.1122	1.007851	34.266495
F5_S21_contig_5815	18.894804	18.332123	12698	86.831215	1.1400441	38.391476	16.76323	15.715512	12698	101.134094	1.1138873	37.84208	18.55196	17.719585	12698	85.6172	1.1471713	39.003307
F5_S21_contig_6140	9.937987	9.827338	14389	15.966445	0.5795085	19.51519	7.833977	7.7939453	14377	10.151812	0.5014811	17.036798	8.237376	8.179449	14388	9.517747	0.49091446	16.690874
F5_S21_contig_6370	101.86164	95.96586	6691	2816.0845	6.2809634	211.51411	173.26402	166.78494	6691	5506.707	11.723869	398.29462	241.44856	232.63988	6691	10448.814	15.264951	519.00146
F5_S21_contig_6621	18.645512	18.27606	2067	60.189728	1.6083411	54.16158	36.834366	36.74742	2067	252.69888	2.8546321	96.98026	38.138287	38.758877	2088	155.87352	2.7047071	91.95884
F5_S21_contig_6850	25471.19	22522.043	17481	853822200	1517.5914	51105.523	23286.363	20595.975	17481	715834430	1516.3689	51515.563	25124.12	22205.842	17481	841675600	1530.2013	52026.168
F5_S21_contig_6938	8.207144	8.081454	16136	14.554833	0.48281187	16.25889	6.8601136	6.72164	15983	11.659798	0.4375469	14.864762	8.68844	8.56463	16163	13.028143	0.5163426	17.555424
F5_S21_contig_7729	185.55371	182.55252	35703	5224.5796	10.855677	365.56958	166.92729	163.28238	35703	4475.6978	10.674879	362.65726	179.297	176.48836	35703	5198.9624	10.731247	364.85767
F5_S21_contig_7743	20.160854	16.697578	36905	460.72153	1.2015176	40.461605	18.50076	15.62253	36760	331.5453	1.2005613	40.78661	20.870356	17.15558	37028	507.78046	1.2743709	43.328022
F5_S21_contig_7761	13.764078	12.40685	11194	83.70984	0.8413958	28.334354	12.283467	11.322888	11213	59.63524	0.8255541	28.046532	13.258339	12.089384	11213	67.2945	0.821829	27.941826
F5_S21_contig_7964	5.841099	5.5681243	22210	20.8078	0.3758629	12.657341	5.762162	5.5238996	22138	23.488998	0.4052524	13.767627	6.735001	6.446717	22312	28.64716	0.4435346	15.079983
F5_S21_contig_8105	6.739048	6.6460056	12027	11.638521	0.3923063	13.211075	6.66325	6.558494	12243	8.627599	0.4248395	14.433056	7.1679616	7.0763087	12248	9.48175	0.42229977	14.358002
F5_S21_contig_8242	5.757318	5.668271	29731	8.982586	0.3338681	11.243145	5.2906275	5.0746737	29861	10.481251	0.33609417	11.4181185	5.824298	5.6420183	30311	10.753349	0.34572163	11.754387
F5_S21_contig_8617	44.116165	42.934914	20256	469.86652	2.5769188	86.77881	37.072605	36.40439	20255	235.49393	2.3693173	80.49275	43.17216	41.996243	20259	447.56375	2.5756676	87.5716
F5_S21_contig_8719	4.007254	4.032221	1010	4.351607	0.2516431	8.474187	2.472539	2.4211738	934	3.332492	0.14610472	4.9636116	4.5606217	4.5201383	1115	4.748656	0.24922813	8.473646
F5_S21_contig_9005	30.897352	30.817915	11128	178.20496	1.7986633	60.570747	26.959597	26.812052	11131	139.56407	1.7162752	58.306953	28.292292	28.181074	11110	137.40144	1.6787202	57.075733
F5_S21_contig_9049	6.0322146	5.618669	19965	20.277773	0.36820766	12.399547	5.426945	5.157194	19943	13.204304	0.3631657	12.33782	5.6626897	5.217454	20142	17.423203	0.34856984	11.851222
F5_S21_contig_9106	3.6496055	3.552763	19485	4.1532226	0.21164295	7.1271663	3.6624887	3.5633044	19245	4.7394633	0.23225445	7.8903704	3.903076	3.7957168	19355	4.732628	0.23236826	7.900423
F5_S21_contig_9453	52.130493	38.22987	27569	5838.729	3.4778247	117.11716	50.806156	37.426353	27569	5417.449	3.692465	125.444	56.081585	40.71437	27569	6937.54	3.853401	131.01398
F5_S21_contig_9652	8436.633	8183.443	12030	73679470	486.86948	16395.533	7604.8853	7376.079	12071	59759056	479.60037	16293.451	7865.6963	7638.044	12071	63779624	464.00714	15776.032
F5_S21_contig_9717	11.937745	11.176927	21958	60.309975	0.735717	24.775585	10.689914	9.856998	22050	50.44435	0.7171859	24.364925	12.429986	11.518458	22042	70.3772	0.77694917	26.415913
F5_S21_contig_9784	6.885874	6.784283	10875	10.585914	0.4034492	13.586314	5.668587	5.4757333	10807	8.663834	0.3636351	12.353762	6.1667285	6.0626807	10910	7.0356793	0.36398977	12.375494
F5_S21_contig_9914	72.627686	61.085155	35848	9822.303	4.3750443	147.3315	64.02989	54.39306	35848	6864.2466	4.212636	143.11569	66.35677	55.943977	35848	7974.545	4.092742	139.15146
F5_S21_contig_10174	12.281259	10.988763	22426	117.49256	0.71522164	24.085382	10.721427	9.771927	22429	78.25997	0.68028337	23.111229	11.159402	9.666517	22496	127.49609	0.6610759	22.476288
F5_S21_contig_10296	4.667174	4.5289297	16764	7.210069	0.27159008	9.145913	3.9952018	3.8595111	16409	6.1806774	0.25513244	8.667604	4.4161496	4.3260303	17142	4.644645	0.26362154	8.963013
F5_S21_contig_10638	28758.506	28469.762	12449	23382700	1676.3687	56452.414	25165.576	24893.965	12449	18714540	1603.4147	54472.75	26350.865	26074.246	12449	19706566	1570.4008	53392.926
F5_S21_contig_10766	24.958994	24.126877	46484	83.45913	1.5022342	50.588387	21.29786	20.799362	46484	61.8402	1.405954	47.764435	24.939419	24.229269	46484	80.173225	1.5406327	52.38083
F5_S21_contig_11486	9.933703	9.384344	10118	45.912052	0.5762124	19.404194	8.6745615	8.302103	10237	37.212215	0.5567559	18.914644	8.805866	8.438401	10122	40.78104	0.5330711	18.124184
F5_S21_contig_12370	58.61665	56.868763	52937	323.2551	3.43062	115.52751	55.903915	54.439854	52936	286.19498	3.578077	121.55794	58.729424	57.044056	52937	313.571	3.5135655	119.45967
F5_S21_contig_12540	5.6406183	5.490951	2341	14.43099	0.76200145	25.660723	9.194317	8.893736	2518	33.5404	1.0626568	36.10159	11.754283	11.658468	2543	31.21886	1.2090882	41.108463
F5_S21_contig_12719	59.893826	58.011795	38552	577.2224	3.479826	117.18465	54.032234	52.48039	38546	430.6392	3.4318306	116.58949	60.51872	58.14184	38587	674.05743	3.5961692	122.2682
F5_S21_contig_12860	24.01008	23.97239	14435	44.14397	1.4377763	48.417747	20.359959	20.266935	14435	38.14163	1.3370047	45.422016	22.160658	21.982578	14435	53.556847	1.3748999	46.74598
F5_S21_contig_13219	7.322962	7.2081695	9964	12.641998	0.43888932	14.779779	6.2118397	6.1452136	9990	7.7074947	0.4052811	13.7685995	6.089201	5.903378	10049	8.752298	0.36573896	12.434966
F5_S21_contig_13256	8.149913	7.8585157	18534	18.210783	0.48254842	16.250023	7.108627	6.687054	18371	19.237452	0.45861125	15.580381	9.567015	8.972924	18534	28.74762	0.5697527	19.371336
F5_S21_contig_13372	0	0	0	0	0	0	4.612267	3.688943	1063	27.549059	0.53187424	18.069353	5.860898	5.292831	1062	24.619884	0.4975411	16.916183
F5_S21_contig_14560	99.616295	98.19595	40799	509.07922	5.784618	194.79944	89.080826	88.21843	40809	426.3287	5.655437	192.13194	92.99764	92.24954	40929	378.15997	5.527129	187.91995
F5_S21_contig_14602	8.058917	7.763722	11370	21.860804	0.47175217	15.88645	7.2899165	7.1108503	11428	15.955049	0.46643558	15.846201	7.3108764	7.165737	11403	14.910923	0.43243074	14.702446
F5_S21_contig_14732	8.186956	7.96414	12110	15.930591	0.4764218	16.043713	7.5424747	7.3920474	12110	10.429838	0.48348975	16.425587	8.30878	8.124303	12110	16.022968	0.49447295	16.811869
F5_S21_contig_2948|provirus_23829_40121	305.02292	304.4237	16293	1164.2523	17.84151	600.8205	283.57413	282.94177	16293	1116.6854	18.131533	615.9819	323.021	321.81128	16293	1526.3348	19.330767	657.23755
F5_S21_contig_3217|provirus_361_73598	29.8977	29.324095	73225	168.34036	1.7493756	58.910934	27.774422	27.24661	73238	163.28934	1.7765996	60.356358	31.84854	31.28121	73236	202.12218	1.9058567	64.798256
F5_S21_contig_7838|provirus_5606_30484	6.212989	6.0462775	24595	11.506923	0.36300635	12.224389	4.900643	4.7195487	24338	8.649421	0.31391707	10.664691	6.413199	6.185964	24510	14.507358	0.38409132	13.0589285
F5_S21_contig_8919|provirus_7803_28561	339.39734	329.53394	20759	22286.436	20.17752	679.4865	314.47354	306.10217	20759	17769.516	20.406336	693.2639	355.67587	345.7836	20759	23704.727	21.629915	735.40735
F5_S21_contig_10906|provirus_2_29545	934.6352	936.0248	29544	30819.271	54.63409	1839.826	802.6509	804.3437	29544	22959.332	51.253643	1741.2379	865.5919	866.6463	29544	23942.781	51.695095	1757.6105
