Contig	F6_S22-untreated_virome_Genomad_mapped Mean	F6_S22-untreated_virome_Genomad_mapped Trimmed Mean	F6_S22-untreated_virome_Genomad_mapped Covered Bases	F6_S22-untreated_virome_Genomad_mapped Variance	F6_S22-untreated_virome_Genomad_mapped RPKM	F6_S22-untreated_virome_Genomad_mapped TPM	F7_S23-untreated_virome_Genomad_mapped Mean	F7_S23-untreated_virome_Genomad_mapped Trimmed Mean	F7_S23-untreated_virome_Genomad_mapped Covered Bases	F7_S23-untreated_virome_Genomad_mapped Variance	F7_S23-untreated_virome_Genomad_mapped RPKM	F7_S23-untreated_virome_Genomad_mapped TPM	F8_S24-untreated_virome_Genomad_mapped Mean	F8_S24-untreated_virome_Genomad_mapped Trimmed Mean	F8_S24-untreated_virome_Genomad_mapped Covered Bases	F8_S24-untreated_virome_Genomad_mapped Variance	F8_S24-untreated_virome_Genomad_mapped RPKM	F8_S24-untreated_virome_Genomad_mapped TPM
F6_S22_contig_268	36751.594	35595.33	95571	62254668	2576.805	97448.05	43582.125	42349.344	95571	75067660	2682.2725	101535.4	40415.52	39187.918	95571	71336310	2558.756	96267.79
F6_S22_contig_292	34.00186	34.09077	11974	69.74964	2.4265118	91.76436	39.019367	39.16463	11974	74.36336	2.4526334	92.8426	40.231815	40.341194	11974	57.421974	2.5850785	97.258125
F6_S22_contig_339	18.782486	18.706459	21036	22.544542	1.318994	49.8809	20.853922	20.800138	21035	34.108475	1.2860438	48.682217	20.998037	20.891212	21036	29.0904	1.3310231	50.076942
F6_S22_contig_385	13806.221	13779.987	43261	1533186.6	966.7677	36560.62	14698.113	14673.489	43261	1750566.8	903.3088	34194.074	14900.449	14874.988	43261	1864989.5	942.08276	35443.863
F6_S22_contig_424	14929.306	15024.302	42893	12208813	1045.011	39519.582	17107.324	17225.822	42817	14541773	1051.033	39786.07	16813.814	16915.898	42857	14715195	1062.7748	39984.65
F6_S22_contig_448	11.136514	10.748806	10115	29.938856	0.8038438	30.399252	13.275928	12.600822	10149	53.37645	0.8520446	32.253513	12.69927	12.056549	10112	45.93825	0.8479329	31.90168
F6_S22_contig_477	135.76294	102.31597	39747	4496750	37.480404	1417.4104	169.24712	113.79688	39747	13054509	47.379635	1793.5201	138.31201	113.5471	39747	2175926	26.374563	992.2874
F6_S22_contig_583	787.5147	778.7567	40697	16426.809	55.13593	2085.0962	919.49786	909.0388	40697	20620.924	56.520573	2139.5444	892.07794	881.99786	40697	22097.549	56.406597	2122.1787
F6_S22_contig_619	15.599261	15.353065	11786	63.642822	1.1059002	41.82226	16.26229	16.113138	11786	72.42574	1.0086426	38.18142	17.03558	16.938229	11786	61.390568	1.0948362	41.190914
F6_S22_contig_620	570.32135	534.3375	10118	66573.305	41.09452	1554.0872	667.8405	624.4332	10118	91694.59	42.253273	1599.4658	630.3881	591.8814	10118	73961.05	40.986538	1542.0321
F6_S22_contig_655	28.753649	28.093235	41193	90.380295	2.0230153	76.505165	32.981117	32.621754	41193	79.52902	2.0376565	77.133965	31.170431	30.475866	41193	101.09566	1.9773667	74.39423
F6_S22_contig_730	11.1500225	10.947122	24293	24.561543	0.81849337	30.953274	12.317359	12.061577	24293	30.239428	0.7953898	30.108885	12.640102	12.351972	24290	35.59447	0.8359865	31.452229
F6_S22_contig_825	65.99091	65.68331	38883	217.74016	4.6240582	174.86974	75.13929	74.605034	38883	242.62636	4.624824	175.0693	74.38063	73.55294	38883	306.60187	4.704628	177.00175
F6_S22_contig_937	2409.9429	2400.5183	34334	90789.734	168.60423	6376.173	2790.69	2779.0068	34334	115977.92	171.3462	6486.182	2718.685	2708.6316	34334	123696.25	171.70648	6460.0938
F6_S22_contig_1153	22.938332	22.660507	11274	47.031532	1.6391683	61.989048	22.98247	22.795446	11274	42.71739	1.4412448	54.557228	22.16415	21.872952	11274	37.89142	1.4361912	54.033684
F6_S22_contig_1175	19.450768	19.227448	6504	58.006744	1.4049312	53.130817	24.177956	23.847963	6519	72.804924	1.5714418	59.485767	24.69379	24.338732	6528	95.616905	1.6409037	61.73554
F6_S22_contig_1286	11.158066	10.951005	12093	38.823944	0.7873106	29.77403	13.089204	12.855423	12140	37.7581	0.8073041	30.559881	10.74406	10.52283	12016	42.25048	0.6842518	25.743523
F6_S22_contig_1659	8866.524	8907.005	12246	2148502.5	617.1265	23338.113	10038.292	10088.963	12246	2799145.8	613.182	23211.549	9868.127	9917.2	12246	2440851.5	620.16626	23332.45
F6_S22_contig_1712	1661.3003	1636.0507	45518	146482.17	116.44274	4403.5596	1836.8282	1811.1436	45518	162015.5	113.009415	4277.8867	1873.369	1842.9473	45518	183637.7	118.564575	4460.741
F6_S22_contig_1835	30.723595	28.863676	127467	439.78113	2.1870155	82.707214	35.869404	33.690697	127467	585.3049	2.2388754	84.75097	35.504433	33.477566	127467	569.5122	2.279739	85.77034
F6_S22_contig_1858	36.442986	26.145414	23960	4215.835	3.031714	114.651535	39.17393	28.510847	24249	4629.2285	2.810062	106.37281	40.5206	29.723866	24115	4798.7593	2.9849813	112.30355
F6_S22_contig_2010	21.629929	21.034393	40488	89.48964	1.5893873	60.106487	25.030014	24.355968	40497	108.95296	1.6217562	61.390377	25.010384	24.39653	40486	115.10999	1.6646299	62.628185
F6_S22_contig_2018	243.67686	219.69434	10028	51344.496	18.715702	707.7789	274.05295	246.92061	10028	62606.973	18.517841	700.9788	274.73508	248.1282	10028	61236.277	19.046873	716.5984
F6_S22_contig_2085	264.91168	262.7326	35386	1753.5691	18.765146	709.6487	301.63794	300.42566	35386	1918.5886	18.789549	711.2643	297.43344	294.94382	35386	2248.9802	19.037016	716.2275
F6_S22_contig_2871	6.7499266	6.6019754	30358	13.749281	0.47537264	17.977362	6.822739	6.6309505	30436	14.124599	0.42213926	15.979762	7.5018463	7.3573217	30494	14.631925	0.47946426	18.038826
F6_S22_contig_2883	5.2945833	5.149578	30665	7.8153424	0.37148687	14.048665	5.4754677	5.341109	30729	8.651823	0.33779135	12.786845	5.000291	4.865028	30565	8.013599	0.3161481	11.894407
F6_S22_contig_3030	1398.391	1367.2643	94237	73382.73	98.06692	3708.634	1545.7299	1514.1581	94237	81830.1	95.1504	3601.8472	1518.3629	1485.5977	94237	85748.086	96.147644	3617.3516
F6_S22_contig_3456	11.014372	10.85561	17963	15.890537	0.7749637	29.307087	13.26301	13.101852	17963	19.31321	0.8159072	30.88557	13.43036	13.265452	17963	25.318493	0.8504555	31.996592
F6_S22_contig_3709	4805.061	4775.9077	42821	687295.94	336.62622	12730.322	5516.3364	5481.3115	42821	842686.7	339.1535	12838.404	5462.69	5427.785	42821	933692.56	345.56668	13001.216
F6_S22_contig_4288	177.37856	150.93051	54840	24852.549	12.440547	470.46906	203.54376	174.12584	54840	31727.041	12.527788	474.23	196.2272	165.93375	54840	32428.166	12.419526	467.25836
F6_S22_contig_4361	11.502743	11.080855	33515	34.339077	0.81622744	30.867577	13.160078	12.783909	33508	41.294807	0.8232197	31.162352	13.462431	13.007759	33508	45.070194	0.86414856	32.51178
F6_S22_contig_4663	23.402914	22.847332	61699	144.0113	1.6460681	62.250008	27.785812	27.318224	61600	187.9354	1.7156186	64.94346	27.624657	27.11149	61549	199.25534	1.7551403	66.033455
F6_S22_contig_5006	5.492748	5.2507405	15285	11.341677	0.38476917	14.55096	5.387122	5.0838213	15185	15.544676	0.33097872	12.528958	4.81587	4.5761976	15021	9.808359	0.3038579	11.432011
F6_S22_contig_5100	17.556318	17.404596	20689	22.380896	1.2321624	46.59714	20.757885	20.666739	20694	30.38339	1.2800064	48.453682	19.125195	19.047647	20694	23.767427	1.2107183	45.55072
F6_S22_contig_5215	342.60672	328.30167	45035	13871.979	24.041046	909.16925	359.94913	345.26093	45035	14885.467	22.186172	839.8411	376.37875	360.8914	45035	15992.733	23.854109	897.4603
F6_S22_contig_5341	9.299552	9.0103855	15770	19.325397	0.66589665	25.182453	9.864469	9.576042	15770	15.893215	0.62290585	23.579624	9.363829	9.148457	15770	16.371431	0.60915214	22.918064
F6_S22_contig_5416	78.71917	78.228485	34555	173.32288	5.5510983	209.92795	88.431274	87.75117	34555	244.01953	5.4712124	207.10858	85.9664	85.23187	34555	260.34183	5.481146	206.21655
F6_S22_contig_5920	30.616226	30.475008	25452	54.522556	2.1570408	81.57364	35.796894	35.71466	25467	70.625534	2.2238188	84.18098	35.275585	35.083645	25467	66.47899	2.2471507	84.544304
F6_S22_contig_6039	26619.834	25857.252	73617	269012200	1870.1627	70724.65	29478.73	28723.195	73597	323934430	1817.8318	68812.65	29609.27	28756.285	73601	348813100	1878.3296	70668.19
F6_S22_contig_6066	5.8636203	5.654541	36172	10.116629	0.41091534	15.539752	5.900047	5.5913553	36332	13.368015	0.36149007	13.683944	6.450739	6.20099	36280	13.300019	0.407608	15.335392
F6_S22_contig_6162	13.697687	13.595352	11003	21.412561	0.952475	36.02012	14.708099	14.488688	10924	23.066462	0.9011914	34.11393	15.481618	15.56669	10850	26.92863	0.97700083	36.757572
F6_S22_contig_6219	9.443383	9.331111	12814	14.258188	0.6613727	25.011372	11.554327	11.45973	12642	23.946823	0.7044636	26.666954	11.351232	11.397526	12301	22.283957	0.71769434	27.001736
F6_S22_contig_6283	10.537604	10.231276	12760	42.098022	0.74311066	28.10249	12.92713	12.555546	12872	61.213486	0.7995326	30.265696	12.496843	11.963373	12962	60.61524	0.80023086	30.106989
F6_S22_contig_6538	273.71033	270.29822	10700	1955.6959	19.883858	751.9555	338.3729	334.56625	10700	2610.683	21.520292	814.6345	300.24512	296.60437	10700	1707.1123	19.77449	743.97327
F6_S22_contig_6572	3.0475066	2.9664574	12898	4.1422763	0.21366407	8.08022	3.3903556	3.1700182	13294	6.0621223	0.20709796	7.8395395	3.5319452	3.432716	13155	5.4718075	0.22194374	8.350162
F6_S22_contig_6816	11.796838	11.669766	33606	18.970438	0.8356867	31.603472	13.838624	13.684312	33606	25.032776	0.85928506	32.5276	13.843496	13.5892	33606	25.862398	0.8867639	33.362606
F6_S22_contig_6914	716.757	711.8248	25433	6100.411	50.6024	1913.651	813.09875	809.3511	25433	5057.3545	50.38767	1907.387	810.5946	807.0662	25433	6069.378	51.679363	1944.326
F6_S22_contig_7158	11.824318	11.650774	21262	20.54442	0.84135836	31.817974	12.442307	12.3300705	21262	19.455248	0.7790134	29.488985	12.868511	12.712241	21262	27.429918	0.8233832	30.978048
F6_S22_contig_7162	104.07924	104.077324	31030	318.8759	7.4030776	279.96494	109.88989	109.85255	31030	307.9439	6.8574653	259.58414	114.476746	114.353195	31030	377.41946	7.349194	276.49802
F6_S22_contig_7364	5.734885	5.599678	10504	7.7733283	0.399893	15.122901	6.314275	6.180794	10483	7.652791	0.39487717	14.947782	6.3048096	6.2860513	10485	6.81368	0.40555498	15.258149
F6_S22_contig_7376	26.564524	26.871363	11758	77.23025	1.8562331	70.19786	29.00448	29.259571	11758	75.519905	1.7740524	67.15545	29.183666	29.62519	11758	114.31877	1.8415004	69.28257
F6_S22_contig_7461	67.656746	63.001198	32619	1532.6943	4.736809	179.13364	74.89491	70.16603	32607	1706.018	4.60042	174.14546	74.50023	69.22431	32616	1903.6364	4.712601	177.30164
F6_S22_contig_7925	3263.5327	2947.6992	125472	4735307	229.19223	8667.452	3800.5498	3464.8762	125472	5726152.5	234.28818	8868.804	3621.4353	3276.2192	125472	5800702.5	229.64633	8639.958
F6_S22_contig_8327	20082.984	17649.477	12280	472080260	1520.0547	57484.48	24026.16	21151.475	12280	662671500	1595.9178	60412.28	22865.635	20091.072	12280	611080200	1562.4722	58784.695
F6_S22_contig_8347	130.98769	118.34923	35643	6496.438	9.808079	370.91592	140.78471	127.03781	35643	8160.403	9.290929	351.70117	139.29431	125.72124	35643	7580.9136	9.44854	355.48126
F6_S22_contig_8388	4.721347	4.65767	10703	4.8180385	0.3309094	12.514127	5.0433316	4.92153	10426	8.108054	0.31426695	11.896336	4.3030386	4.147353	10244	8.139	0.27677098	10.412926
F6_S22_contig_8465	17.707834	17.20869	16808	184.7894	1.3043453	49.32691	19.984747	19.370302	16724	282.14676	1.2967288	49.08669	21.525698	20.877422	16848	280.2057	1.4339981	53.95114
F6_S22_contig_8821	4.1254396	4.0195313	1856	4.905077	0.27294722	10.322152	1.8833529	1.6145834	1489	4.0151243	0.14466342	5.4761276	1.7977725	1.7714844	1745	1.1021886	0.11809917	4.4432297
F6_S22_contig_9060	176.13516	175.28488	13823	380.95245	12.638334	477.94876	202.86777	202.1023	13823	474.69162	12.7071905	481.02115	190.90178	190.05371	13823	391.94675	12.351955	464.71616
F6_S22_contig_9420	265.655	259.1203	32393	4664.6675	18.58452	702.81793	296.4691	288.96613	32393	5517.9663	18.199947	688.94525	299.13748	291.74124	32393	5267.6274	18.89719	710.96686
F6_S22_contig_9513	94.25383	95.241165	29741	466.4184	6.611439	250.02728	99.53956	101.0401	29741	563.8148	6.123639	231.80576	99.15113	100.30286	29741	635.71857	6.2831106	236.38876
F6_S22_contig_9608	48.90217	41.42087	23486	17030.555	5.01904	189.80699	54.406155	45.757713	23486	21793.264	4.9126678	185.96529	53.05305	44.757236	23486	20497.129	4.9204574	185.12177
F6_S22_contig_10037	9.900337	9.256004	28646	46.257904	0.69264275	26.19395	11.290743	10.492125	28579	65.01772	0.69747096	26.402237	10.871386	9.803103	28502	94.09952	0.6893229	25.9343
F6_S22_contig_10040	24941.434	24898.22	12604	8084831	1745.9008	66025.4	26411.074	26366.545	12604	8578422	1622.7367	61427.484	26988.66	26936.31	12604	9305680	1705.9623	64183.21
F6_S22_contig_10060	1898.184	1682.4751	62714	1722859.5	133.05539	5031.8076	2064.9146	1830.8308	62619	2007662.9	127.05365	4809.519	2097.6997	1864.0693	62563	2036923.3	132.77374	4995.331
F6_S22_contig_10076	13.301382	12.952276	33513	37.671257	0.99168736	37.503	14.861943	14.497752	33513	47.42869	0.97880584	37.05194	15.142283	14.71106	33513	47.586582	1.0254378	38.57991
F6_S22_contig_10153	123.17595	120.330505	17189	1871.3109	9.1988735	347.8773	144.9602	141.03072	17189	2640.1008	9.511075	360.03464	142.89401	139.21536	17189	2520.4336	9.599947	361.17776
F6_S22_contig_10347	75.43617	74.160255	45279	444.7589	5.2955103	200.26231	86.961555	85.39552	45279	522.4081	5.3558345	202.74104	86.33903	84.67543	45279	593.0654	5.4733973	205.92491
F6_S22_contig_10732	103.60192	97.21733	38974	1807.9844	7.4650025	282.30685	117.62498	110.0285	38974	2398.5469	7.4395022	281.61688	115.602615	108.09453	38974	2261.9321	7.5176544	282.83585
F6_S22_contig_11028	586.3528	583.00916	37683	7385.633	41.036175	1551.8811	628.19604	625.0478	37683	6696.127	38.590057	1460.7981	634.3052	630.81976	37683	7907.8096	40.084644	1508.0997
F6_S22_contig_11358	23.385723	23.224678	41112	34.376747	1.6427026	62.122738	25.595259	25.440434	41112	35.906082	1.5782079	59.741882	25.03369	24.924835	41112	34.67652	1.5857983	59.662285
F6_S22_contig_11464	132.86638	131.38129	23462	1274.6555	9.666891	365.57657	159.28346	156.61429	23462	1857.0343	10.196064	385.96436	152.11848	150.12497	23462	1712.8511	10.012646	376.70453
F6_S22_contig_11477	25.868202	25.964005	27313	41.515167	1.8134124	68.57853	28.172182	28.151184	27310	41.097637	1.7382703	65.80093	29.23797	29.320694	27313	46.932625	1.8513767	69.65416
F6_S22_contig_11551	6.6318045	6.3424163	15794	24.146152	0.4694913	17.754942	6.8023853	6.556605	16178	17.512661	0.42196128	15.973026	7.2017126	6.861919	16153	24.685715	0.46264252	17.405952
F6_S22_contig_11897	3.4975312	3.4054246	10572	4.293547	0.24561805	9.28863	4.5535846	4.3829746	10610	8.762562	0.2789397	10.559057	4.15673	4.064811	10649	5.477765	0.2639128	9.929159
F6_S22_contig_12200	118.36348	115.67337	35610	5349.909	8.330248	315.0283	135.80516	132.58815	35610	6528.498	8.375253	317.03888	132.30635	129.5221	35610	6583.2246	8.408745	316.36115
F6_S22_contig_12287	16.760183	16.087425	13456	71.332115	1.288656	48.733593	18.254698	17.47637	13456	80.374275	1.2199203	46.179173	18.317827	17.745825	13456	65.49303	1.2479204	46.950382
F6_S22_contig_12440	153.54642	151.04552	43134	1555.2538	10.750926	406.5719	171.94435	169.10033	43134	1756.3528	10.570148	400.1251	171.21152	168.24663	43134	2060.6287	10.829666	407.44333
F6_S22_contig_12717	301.48685	298.44122	11065	2097.581	21.679255	819.8528	359.8905	356.04877	11065	2766.6028	22.669628	858.14166	332.68018	328.68884	11065	2784.1523	21.584597	812.07477
F6_S22_contig_12722	7.3657284	7.243133	4235	10.475416	0.51336855	19.414263	8.169645	7.8460703	4235	15.571851	0.5377995	20.358006	10.597552	10.401142	4235	17.518702	0.7088496	26.668964
F6_S22_contig_13020	93.33046	87.39076	32414	11826.152	7.768462	293.7829	101.89282	94.901924	32414	14778.685	7.513536	284.4193	101.069954	94.31469	32414	13641.847	7.60696	286.19577
F6_S22_contig_13126	6.410433	6.3042455	10042	8.143126	0.4456163	16.852034	6.6852	6.4501348	10042	13.26132	0.41488808	15.705275	6.5667205	6.5007863	10009	8.517134	0.41851914	15.745902
F6_S22_contig_13157	16.16198	16.06956	11135	21.610643	1.1322364	42.818214	16.443716	16.26155	11097	30.061384	1.0073842	38.13379	17.916462	17.788292	11120	22.930765	1.1353289	42.714333
F6_S22_contig_13468	40.37637	39.87411	34951	119.37155	2.8224618	106.73813	45.95144	45.52776	34951	124.93805	2.8198419	106.74302	44.665154	44.12525	34951	146.62776	2.817499	106.00247
F6_S22_contig_13532	4.81687	4.614751	17300	8.326183	0.33719674	12.751894	5.4918447	5.2372956	17358	10.320674	0.33768976	12.782991	5.677997	5.4335318	17264	12.508865	0.35891423	13.503385
F6_S22_contig_13546	22.430979	22.279259	37936	35.60675	1.5746365	59.548656	27.038982	26.886526	37936	38.78616	1.6651852	63.03433	25.721537	25.431252	37936	48.742836	1.6286263	61.273632
F6_S22_contig_13559	557.0465	562.1141	13350	24430.883	38.826714	1468.325	629.9698	633.6348	13350	28480.258	38.54709	1459.1711	611.74084	616.68945	13350	25482.678	38.473717	1447.4921
F6_S22_contig_13648	36.375206	36.055653	33809	160.48927	2.5700479	97.19248	40.13102	39.784584	33809	166.24927	2.4865217	94.125404	40.38501	40.058952	33809	211.35664	2.5744123	96.85678
F6_S22_contig_13748	10.478742	10.365101	35303	13.092696	0.7338431	27.752024	12.444182	12.3771	35309	19.686308	0.7637652	28.91175	11.801427	11.664551	35276	18.90611	0.74652725	28.086521
F6_S22_contig_13760	55.46839	46.73374	18532	2222.2454	4.1778464	157.99521	55.568653	47.11406	18532	2151.1223	3.674507	139.09572	58.750137	50.092056	18532	2271.8538	3.977727	149.65363
F6_S22_contig_13794	122.62912	117.728264	10617	5235.215	10.217966	386.41684	141.93523	135.26399	10617	7633.3315	10.291827	389.58945	137.5139	131.38	10617	7219.9395	10.319102	388.23434
F6_S22_contig_13898	23.263706	22.917273	40952	64.75322	1.6354216	61.847385	28.643555	28.316395	40953	73.496	1.7676823	66.91431	26.095385	25.593035	40953	71.82496	1.6557171	62.292828
F6_S22_contig_13955	31.695795	31.65264	42845	42.532276	2.2236106	84.0911	35.755196	35.537304	42845	64.2577	2.1970067	83.166046	34.21499	34.076458	42845	56.245796	2.167375	81.54292
F6_S22_contig_13983	3.4145033	3.3239672	11453	4.1187687	0.2382758	9.010966	3.3792498	3.2784705	11170	4.9161186	0.20979306	7.941562	3.2540612	3.2204132	11466	3.2336638	0.20491426	7.7094655
F6_S22_contig_14022	16.628864	16.432024	49423	53.150936	1.16851	44.19001	18.128853	17.979458	49423	57.1388	1.1181786	42.3278	19.323463	19.19282	49419	72.900475	1.2263798	46.13995
F6_S22_contig_14048	15.063336	14.793023	40632	42.385204	1.0600195	40.08716	17.943258	17.740984	40632	49.024406	1.1112794	42.066628	16.6929	16.493221	40611	45.64146	1.0601497	39.885887
F6_S22_contig_14143	69.32914	68.10699	65523	483.09442	4.8640704	183.94637	81.30918	80.34562	65523	537.0042	5.0027585	189.37558	77.56932	76.115944	65523	636.8358	4.909691	184.71669
F6_S22_contig_14191	70.31551	68.763176	38560	498.3612	4.9280095	186.3644	79.66451	77.97877	38560	482.4088	4.9029493	185.59747	79.23358	77.18204	38560	617.4336	5.0178785	188.78702
F6_S22_contig_14226	13.301014	13.210748	39806	21.44954	0.9324794	35.26395	15.495184	15.319876	39789	26.697742	0.9505935	35.983997	14.996571	14.789196	39806	33.844444	0.94783753	35.660378
F6_S22_contig_14237	9.87557	9.797942	7600	9.527945	0.6901734	26.10054	10.190067	10.22025	7600	12.94897	0.62250954	23.56463	10.358658	10.3056965	7600	12.784489	0.6482969	24.390802
F6_S22_contig_14251	24.513502	24.364536	12148	38.607258	1.7097622	64.65875	23.835472	23.453611	12148	52.74279	1.4625438	55.363503	24.57893	24.254353	12148	37.400078	1.5517381	58.380844
F6_S22_contig_14264	251.6824	249.79106	45076	1218.1141	17.636839	666.9792	301.89978	300.4415	45076	1516.7936	18.552452	702.2893	284.0147	281.9916	45076	1466.3351	17.963316	675.83185
F6_S22_contig_14302	21.464302	21.211353	43290	39.858227	1.5052009	56.922768	23.970654	23.771519	43290	52.794827	1.4761349	55.877975	24.539755	24.398909	43290	50.171818	1.553345	58.441338
F6_S22_contig_14683	198.82	163.92604	56826	42278.86	13.94361	527.31085	231.35512	196.05078	56826	46385.715	14.251829	539.49243	220.05919	183.71803	56826	48245.227	13.940769	524.4919
F6_S22_contig_14705	10.503403	9.69606	15434	44.7168	0.7665536	28.989056	12.37464	11.421125	15422	65.75782	0.8008321	30.31489	11.830477	11.020355	15412	51.58187	0.79530615	29.921707
F6_S22_contig_306|provirus_3_13705	104.5325	92.117386	13703	26437.264	8.6669855	327.7626	113.05423	99.28764	13703	32011.313	8.261872	312.747	117.89781	104.569305	13703	31260.781	8.810968	331.49396
F6_S22_contig_308|provirus_71541_86886	128.64597	128.08488	15346	358.4787	9.16405	346.5604	144.46848	143.74068	15346	486.38525	9.050919	342.61578	143.86226	142.95584	15346	513.7322	9.26181	348.45605
F6_S22_contig_400|provirus_35720_53100	140.58453	136.90135	17381	1193.9524	10.153807	383.99042	166.07521	162.01637	17381	1528.7744	10.519305	398.2004	157.06285	152.41466	17381	1638.8099	10.22534	384.70682
F6_S22_contig_1305|provirus_316_42912	44.338444	44.67662	42597	114.82335	3.1185927	117.93704	51.480907	51.838993	42597	121.78976	3.1724408	120.09042	48.38217	48.592205	42597	107.57056	3.0666227	115.37524
F6_S22_contig_1916|provirus_7138_34158	92.1978	92.03416	27021	146.54083	6.482907	245.16653	97.50984	97.42039	27021	152.07413	6.026342	228.12274	97.685646	97.44044	27021	201.58987	6.205615	233.47305
F6_S22_contig_1933|provirus_9208_21551	14.62375	14.149235	12344	40.436623	1.0909634	41.257393	17.655733	17.214285	12344	65.573586	1.1490569	43.49669	17.884123	17.542366	12344	57.526386	1.1866288	44.644394
F6_S22_contig_2448|provirus_83224_100107	29.295925	20.878036	16884	2354.8557	2.56723	97.085945	31.830645	22.319016	16884	3033.5586	2.5048945	94.82094	32.007412	22.599987	16884	2975.0195	2.5456467	95.774574
F6_S22_contig_2538|provirus_1_20222	314.60782	307.14343	20222	14999.686	22.341179	844.8849	358.31906	352.2356	20222	17549.928	22.35912	846.38776	350.2418	342.85825	20222	17662.502	22.463243	845.1319
F6_S22_contig_2738|provirus_3_16544	12.920327	11.332859	16542	116.85205	1.0578204	40.00398	15.153307	13.28494	16469	186.7183	1.1132314	42.14055	14.717911	12.995255	16542	154.77638	1.104988	41.57281
F6_S22_contig_3044|provirus_53965_83358	772.0569	773.1091	29394	16270.265	54.337772	2054.9128	808.1585	809.9494	29394	20764.68	49.881153	1888.2133	838.39685	839.1855	29394	22686.768	53.24354	2003.1761
F6_S22_contig_3172|provirus_31745_81660	263.8926	255.5831	49916	7241.586	18.561403	701.9438	296.51477	287.70267	49916	8512.366	18.30918	693.08014	298.08072	289.07922	49916	8666.001	18.928633	712.1497
F6_S22_contig_4098|provirus_23287_62395	143.49287	136.27771	39109	4120.96	10.392853	393.03052	166.02559	158.75354	39109	4755.2314	10.556712	399.61636	161.62683	153.89302	39109	4946.1143	10.557201	397.19232
F6_S22_contig_4133|provirus_5248_28852	41.203114	41.404385	23605	199.53339	2.9334686	110.93613	43.722107	44.0792	23605	184.21387	2.742041	103.79796	44.37122	44.457535	23605	198.18283	2.862862	107.70916
F6_S22_contig_4234|provirus_138754_189682	55.244568	52.5257	50929	1440.7449	4.0695605	153.90019	57.327557	54.524475	50929	1600.2987	3.7130911	140.55627	59.51811	56.88795	50929	1543.2932	3.9636817	149.12521
F6_S22_contig_4240|provirus_17236_70027	75.45882	75.33173	52792	103.70319	5.3059673	200.65784	83.17993	83.05502	52792	137.95058	5.141328	194.62119	82.02897	81.91965	52792	132.10236	5.2120156	196.09113
F6_S22_contig_4550|provirus_11884_26046	62.58153	62.25862	14163	234.4192	4.497896	170.09874	71.43959	70.76691	14163	274.9148	4.524963	171.28902	70.74716	70.1389	14163	321.2144	4.609944	173.4394
F6_S22_contig_4660|provirus_201_22580	26.37418	26.289385	22380	38.36239	1.8603829	70.35482	34.457626	34.333267	22380	53.30098	2.1392088	80.978134	30.759424	30.706118	22380	40.630844	1.9596723	73.728546
F6_S22_contig_4769|provirus_105707_121283	64.04103	64.21239	15577	145.59705	4.51848	170.87704	66.423546	66.46064	15577	143.10268	4.125503	156.16776	69.41849	69.01419	15577	179.27448	4.442929	167.15573
F6_S22_contig_5116|provirus_73119_93470	28.064796	28.003904	20352	42.83976	1.9809418	74.91403	32.20077	32.073753	20352	52.030643	1.9957182	75.546394	32.99421	32.81641	20352	53.92914	2.1053104	79.207886
F6_S22_contig_5222|provirus_224_14220	54.80234	54.45567	13997	81.96851	3.8711174	146.39548	54.606773	54.330418	13997	92.54803	3.3569107	127.07335	59.054886	58.97705	13997	94.21927	3.7522552	141.17061
F6_S22_contig_5509|provirus_41712_72762	47.871784	47.645355	31051	81.0855	3.387695	128.11374	54.026115	53.74395	31051	111.00013	3.3567913	127.06886	54.910328	54.68516	31051	116.17812	3.5059164	131.90271
F6_S22_contig_5786|provirus_57689_107408	25.132095	25.115232	49720	79.67346	1.7737105	67.0771	26.17779	26.047003	49720	100.86845	1.6241407	61.480606	27.817814	27.706034	49720	108.26746	1.7781705	66.899895
F6_S22_contig_5810|provirus_57350_87884	157.31259	161.41881	30535	1786.3022	11.0772505	418.9126	176.00026	181.12553	30535	2134.0852	10.881229	411.9007	172.60721	177.50832	30535	2081.3418	10.977938	413.02173
F6_S22_contig_5814|provirus_13187_34423	105.274055	105.064384	21237	156.23001	7.4370203	281.24866	118.78271	118.55361	21237	200.3813	7.35855	278.55237	119.07474	119.13246	21237	170.86484	7.600916	285.9685
F6_S22_contig_6811|provirus_52207_63756	77.70009	73.38762	11550	834.57526	5.6214685	212.58916	88.92649	84.36677	11550	902.39954	5.65768	214.16725	91.98711	87.0614	11550	1215.1029	5.9845657	225.15668
F6_S22_contig_7801|provirus_30152_137958	65.93913	65.7588	107807	101.59129	4.6526427	175.95073	73.078064	72.755325	107807	147.10263	4.5297375	171.46979	72.63469	72.47344	107807	132.4258	4.6243567	173.98163
F6_S22_contig_8572|provirus_2_29681	29.510294	26.605501	29680	313.16962	2.1367502	80.806335	33.29563	30.594063	29680	309.1699	2.1012459	79.5411	33.649307	30.923847	29680	304.0135	2.1930764	82.50987
F6_S22_contig_9658|provirus_10822_29046	13.337151	10.459032	18225	760.0767	1.2502606	47.281586	15.892836	12.575512	18225	998.6186	1.2964381	49.075687	15.165145	11.83109	18225	966.51215	1.2785223	48.1017
F6_S22_contig_9708|provirus_41883_60894	25.940727	25.761486	19012	47.052517	1.8241274	68.9837	29.110857	28.890905	19012	43.325115	1.806695	68.39108	28.051321	27.898798	19012	46.236893	1.7840095	67.1196
F6_S22_contig_9708|provirus_97702_122267	24.417841	24.37227	24566	50.206142	1.7244807	65.21536	27.268553	27.026756	24566	60.975792	1.6906883	63.999744	25.480833	25.44435	24566	51.61364	1.6305041	61.34426
F6_S22_contig_10790|provirus_160391_185533	114.87724	110.27322	25143	3585.4558	8.362826	316.26007	127.22582	123.34999	25143	4200.704	8.113257	307.12112	121.69387	118.132744	25143	3573.989	7.9904466	300.6236
F6_S22_contig_10941|provirus_3_18368	37.394707	35.180653	18366	291.70035	2.847374	107.68019	42.95718	40.11521	18366	395.65396	2.909715	110.145065	41.01175	38.526104	18366	345.676	2.825402	106.2998
F6_S22_contig_11141|provirus_3_14580	16.591696	16.410212	14578	26.75662	1.1851305	44.818527	18.631134	18.644617	14578	25.318153	1.1717558	44.35594	18.382105	18.18158	14578	29.808311	1.1865215	44.64035
F6_S22_contig_11457|provirus_293_15459	85.63808	84.53622	15167	355.51385	6.0866013	230.17935	102.60512	101.28727	15167	464.2861	6.4095616	242.62912	98.345474	97.00873	15167	415.7011	6.3173676	237.67747
F6_S22_contig_12886|provirus_47329_90805	54.211163	54.06606	43477	90.286385	3.811388	144.13669	56.02788	55.8886	43477	88.92019	3.452783	130.7025	58.39045	58.276188	43477	90.54217	3.7040145	139.3557
F6_S22_contig_13439|provirus_25496_60412	42.070843	13.507558	34917	61340.26	3.5463989	134.11551	46.320763	13.778754	34917	79181.836	3.459493	130.95651	46.570282	14.362277	34917	77227.39	3.56754	134.2212
F6_S22_contig_13523|provirus_98_23875	113.30875	113.024216	23778	347.367	7.9760556	301.6336	132.37764	132.22467	23778	377.12582	8.20015	310.41055	126.1505	125.569405	23778	400.40497	8.035126	302.3046
F6_S22_contig_13705|provirus_68890_79729	246.62067	243.14789	10840	1885.6222	17.826845	674.16455	256.4145	253.45468	10840	1703.4417	16.23049	614.3929	268.04874	265.1555	10840	1843.6895	17.432854	655.87415
F6_S22_contig_14232|provirus_10415_25033	13.467966	13.421792	14619	17.018688	0.9565632	36.17472	13.887138	13.7618065	14619	24.74237	0.86131096	32.604275	14.345567	14.176227	14619	21.58917	0.9107007	34.263195
F7_S23_contig_179	41.976696	40.59792	32636	246.4439	2.9651077	112.132645	45.749092	44.520622	32636	256.68155	2.839155	107.47408	45.26599	43.458786	32636	343.07864	2.8920822	108.80848
F7_S23_contig_387	22.557524	21.886295	18706	71.561646	1.5766655	59.62537	26.158354	25.517954	18716	70.71753	1.6096936	60.933727	26.280083	25.954638	18705	66.624565	1.6615024	62.510517
F7_S23_contig_428	6.1258926	5.891963	63164	14.777648	0.43095985	16.297777	7.2613525	6.991293	64327	19.377123	0.44816038	16.964779	6.802111	6.540014	63556	18.809052	0.4308879	16.211248
F7_S23_contig_504	5.8111477	5.7283654	11459	8.894478	0.41029146	15.516147	7.2715077	7.220096	11704	7.8972807	0.44615266	16.88878	6.499567	6.3146152	11696	11.368519	0.4087581	15.378655
F7_S23_contig_599	535.8551	534.9054	83593	6996.327	37.715008	1426.2826	628.2531	628.045	83593	9544.89	38.803608	1468.8817	594.74567	593.2606	83593	9767.381	37.798862	1422.1019
F7_S23_contig_859	353.10947	353.6951	42048	9166.019	24.880167	940.9027	377.85	377.09808	42048	11296.005	23.367876	884.5734	372.30347	372.15732	42048	10563.206	23.683342	891.03564
F7_S23_contig_990	7.595408	5.6666665	1306	116.6674	0.95605576	36.15555	13.7070465	10.899736	1413	231.0425	1.3366778	50.598907	11.020586	9.091469	1413	121.60655	1.1870458	44.660107
F7_S23_contig_1050	38.755543	36.618313	6680	404.212	2.834474	107.19238	67.288185	64.2869	6691	1373.0679	4.3891544	166.1481	65.79575	63.12859	6689	1157.8074	4.4039807	165.69049
F7_S23_contig_1111	15.533108	14.440853	11975	91.07335	1.136038	42.961987	16.083637	14.910551	11975	112.437096	1.0306076	39.01287	18.923214	17.657333	11975	131.08443	1.236723	46.529064
F7_S23_contig_1153	5.099322	4.941602	11216	8.529267	0.3633848	13.74227	7.985811	7.965695	11356	9.162227	0.48917535	18.517376	7.081385	7.018441	11326	7.6312137	0.45317435	17.049736
F7_S23_contig_1155	5.2035966	5.0353413	17760	10.784837	0.3650345	13.80465	5.8854394	5.7261357	18168	10.433227	0.35937637	13.603921	5.7325644	5.609485	17673	10.601063	0.36217025	13.625891
F7_S23_contig_1163	30.320578	26.725258	21109	570.1631	2.3953774	90.586876	33.817596	29.24124	21109	925.6096	2.391699	90.536	32.98879	28.58892	21109	802.28973	2.3918903	89.98982
F7_S23_contig_1281	7.4403324	6.7733545	34170	45.464848	0.5384858	20.364122	7.787756	7.172428	34721	37.935196	0.49094275	18.584267	7.7541695	7.159329	34717	35.7008	0.5020719	18.88939
F7_S23_contig_1368	4.8987646	4.6817803	28829	9.6562805	0.3439406	13.006926	5.4164734	5.305671	28995	8.066966	0.33377975	12.634981	5.1591372	5.0132685	28919	8.486157	0.32772014	12.329775
F7_S23_contig_1649	8.171055	7.78736	12646	22.247288	0.59160084	22.372805	9.5714855	8.918898	12684	44.928066	0.6080334	23.01665	8.846817	8.2808895	12667	28.770123	0.5785374	21.766241
F7_S23_contig_1773	32.823303	32.04876	38340	233.83603	2.3073368	87.257484	36.748234	35.746452	38340	325.60684	2.2680085	85.85374	35.230556	34.353542	38340	321.75015	2.2403414	84.28813
F7_S23_contig_1942	6.39575	6.2614	10838	14.086033	0.44817924	16.948963	6.444878	6.2705812	11101	10.725777	0.39399466	14.914363	6.5079	6.4725585	11043	7.382285	0.40640765	15.290225
F7_S23_contig_1957	7.2261224	7.0788116	41198	12.872241	0.5074142	19.189068	8.772152	8.66347	41287	12.212643	0.5395367	20.423756	7.6975474	7.5826874	41176	11.507269	0.48773414	18.349966
F7_S23_contig_2343	7.946438	7.7215767	17015	22.958939	0.5773634	21.834372	8.6725025	8.465751	17442	23.366333	0.545208	20.638447	8.526319	8.342877	17170	24.48681	0.55192304	20.764936
F7_S23_contig_2927	5.972566	5.825566	17887	13.182589	0.4201636	15.889495	6.257803	6.0274396	18378	13.436298	0.38618818	14.618864	6.5666413	6.3673644	18025	15.22241	0.41563448	15.637364
F7_S23_contig_3015	4.759801	4.621241	12818	7.5838413	0.3351365	12.673986	5.644135	5.52869	12876	8.671093	0.34738797	13.15011	6.0280023	5.9243	12903	9.575414	0.38322592	14.41806
F7_S23_contig_3261	14.406002	13.39138	32039	79.81687	1.024135	38.7301	16.509424	15.559527	32039	69.23982	1.0310616	39.030064	15.1191635	14.308282	32039	64.68701	0.969696	36.482758
F7_S23_contig_3274	16.590664	16.126911	48477	42.778183	1.1667113	44.121956	19.300266	18.856535	48477	49.476223	1.1898468	45.040783	18.293377	17.730291	48477	53.43428	1.1604702	43.66023
F7_S23_contig_3308	215.86281	218.33888	16598	3696.374	15.039265	568.7456	224.80496	227.0669	16624	3744.103	13.742329	520.20557	237.36342	240.81508	16596	4051.8298	14.932038	561.78644
F7_S23_contig_3537	5.4088016	5.239086	21205	8.502167	0.3835826	14.506096	7.4228573	7.3408628	21351	9.346892	0.45617998	17.268358	6.202915	6.115141	21159	8.018069	0.39412993	14.828304
F7_S23_contig_3560	5.7980866	5.648237	10965	8.920127	0.40986252	15.499936	6.8977094	6.719775	11021	9.836453	0.42507762	16.090998	5.780609	5.6732755	11009	9.197217	0.3683711	13.859182
F7_S23_contig_3580	5.272883	5.1567025	41729	7.3823237	0.36922598	13.963154	6.3219314	6.1672745	41863	10.96365	0.38885963	14.719982	6.154258	5.9434137	41716	12.144119	0.3901034	14.676809
F7_S23_contig_3723	20.830692	20.493488	42801	114.19552	1.4630471	55.328617	23.954004	23.62026	42806	125.68651	1.474657	55.82205	22.912321	22.601505	42769	134.44933	1.4520217	54.62923
F7_S23_contig_4462	13.121036	12.888503	11650	32.882732	0.9169878	34.67809	13.948128	13.938314	11659	22.081694	0.85922056	32.525146	14.549917	14.509219	11659	29.979721	0.9163075	34.47414
F7_S23_contig_4559	12.42167	12.185502	16274	26.661663	0.8832796	33.40332	13.933081	13.883407	16274	21.005442	0.8630381	32.66967	14.839494	14.595921	16268	35.844105	0.95511705	35.934242
F7_S23_contig_4736	6.530213	6.501467	12165	7.0365257	0.4569596	17.28101	7.482995	7.426724	12227	10.256996	0.4567325	17.289268	6.372627	6.2747617	12253	8.4405155	0.40874323	15.3780985
F7_S23_contig_4800	19.0559	18.642809	11828	98.75162	1.3826264	52.2873	22.79216	22.36552	11885	144.25294	1.4442728	54.671867	22.520664	22.18631	11793	142.2114	1.468203	55.238037
F7_S23_contig_5002	6.3209877	6.2669787	9949	7.5283546	0.44561857	16.852129	8.711734	8.631872	10113	10.678189	0.5273284	19.961618	7.375489	7.0730457	10092	16.40497	0.4711801	17.727161
F7_S23_contig_5019	5.215276	5.07184	19715	8.687163	0.3640197	13.766274	5.9406223	5.819597	19934	9.393441	0.36652645	13.874589	6.5356464	6.4320927	19735	10.56594	0.4150078	15.613789
F7_S23_contig_5471	18.357103	17.777996	46484	51.109253	1.3429711	50.787647	20.513575	19.823462	46484	65.24423	1.309776	49.580593	19.818405	19.113903	46484	70.60777	1.3108895	49.319427
F7_S23_contig_5679	6.925049	6.816504	11882	8.693021	0.48815724	18.460829	7.7938848	7.6296964	11891	12.289028	0.4757311	18.008453	7.1351676	7.0812907	11875	9.74416	0.45843163	17.24752
F7_S23_contig_5778	20703.75	20706.117	40521	7549539.5	1449.0931	54800.914	23386.416	23398.38	40521	9531418	1436.4249	54374.785	23499.258	23491.652	40521	10109914	1485.1012	55873.797
F7_S23_contig_5784	16.689892	16.08524	30626	49.049835	1.1908495	45.034813	19.400085	18.328192	30691	87.2186	1.2193376	46.157116	19.551685	18.525267	30556	86.78559	1.257906	47.32602
F7_S23_contig_6418	30.211536	30.017277	34877	48.08328	2.1539435	81.45649	33.892994	33.585793	34877	51.729538	2.1239479	80.40046	33.411148	33.1697	34877	59.827534	2.1512856	80.9376
F7_S23_contig_6423	14.028869	13.532107	16465	80.04324	1.0512295	39.75476	15.777199	15.05366	16465	122.36417	1.0369024	39.251152	15.549372	15.060266	16465	74.025314	1.0366467	39.001637
F7_S23_contig_6774	12.704859	12.191213	49365	55.087288	0.8926755	33.75864	14.040988	13.253318	49384	65.51024	0.8633404	32.681107	13.914186	13.394227	49372	57.21175	0.88095045	33.143913
F7_S23_contig_7715	15171.685	15514.879	17901	13347098	1056.5587	39956.285	15682.605	15987.742	17935	13513218	958.72906	36291.973	15835.738	16158.82	17944	12445726	995.9004	37468.65
F7_S23_contig_7748	159.18861	148.77852	38376	6486.3223	11.197647	423.46576	183.63116	171.26674	38498	8562.171	11.357954	429.94675	180.51213	168.93907	38385	8098.938	11.47111	431.57623
F7_S23_contig_7968	17.722507	16.834053	27149	152.81793	1.241551	46.952217	20.918846	19.63083	27185	229.09943	1.2825954	48.5517	19.973183	18.861752	27185	226.86647	1.2616807	47.46804
F7_S23_contig_8116	40.431087	39.600746	20415	336.78415	2.8598826	108.153305	45.101013	44.57092	20415	327.77222	2.7968118	105.87124	44.50866	43.428806	20415	419.54077	2.8429213	106.95895
F7_S23_contig_8978	10.85552	10.390967	49603	52.278393	0.76415396	28.898298	11.835874	11.517764	49516	49.479614	0.7296839	27.62164	11.805473	11.267877	49422	63.98848	0.75089973	28.251007
F7_S23_contig_9728	13.793826	13.3622	11723	46.99448	0.9918764	37.510155	14.033284	13.527733	11742	47.93456	0.89455616	33.86276	13.960248	13.54785	11738	50.299824	0.917556	34.521122
F7_S23_contig_9901	4.1735682	3.57478	1007	23.755564	0.45993912	17.39369	4.9859033	4.4711633	1180	19.952183	0.4611217	17.455425	0	0	0	0	0	0
F7_S23_contig_9915	102.329796	99.23407	29922	2283.9023	7.201459	272.34036	120.40639	116.59159	29932	3106.9526	7.426068	281.10812	117.22537	113.076965	29925	3073.3196	7.449402	280.26788
F7_S23_contig_9951	7.604629	7.4419017	12703	11.055644	0.5425049	20.516111	8.173467	8.039056	12723	11.9014225	0.50720316	19.199795	8.627296	8.536538	12723	11.716791	0.5505475	20.713179
F7_S23_contig_10066	6.740235	6.6357617	17356	11.425864	0.47468904	17.951492	7.66495	7.557449	17431	10.135304	0.47059807	17.814137	7.142758	7.064039	17305	9.955024	0.45105407	16.969957
F7_S23_contig_10558	2.360122	2.3672316	903	1.7948234	0.16767102	6.340883	6.7039676	6.7096047	1133	8.819609	0.39223832	14.847888	6.0956254	6.0915256	1119	4.956224	0.38692328	14.557178
F7_S23_contig_10566	7.387382	7.302688	13829	9.280908	0.52353865	19.798874	8.004825	7.8992124	13829	11.148829	0.49141	18.601946	8.071935	7.9031105	13738	13.60208	0.5127186	19.289946
F7_S23_contig_10692	3.9592419	3.6433182	9859	10.207292	0.27843982	10.529864	4.795353	4.620675	10161	10.125638	0.29554746	11.18773	4.9290543	4.7986455	10470	8.211442	0.31495553	11.849538
F7_S23_contig_10913	17.356016	17.154615	10936	35.89716	1.2265986	46.386757	21.04237	21.024618	10936	47.446964	1.2986901	49.160942	20.90942	20.481562	10918	57.94089	1.3254632	49.867725
F7_S23_contig_11001	1.6927176	1.6311637	997	1.7277157	0.107524656	4.0663004	3.474245	3.4871795	1276	1.6326693	0.20316368	7.690607	0	0	0	0	0	0
F7_S23_contig_11164	5.4489136	5.218792	12510	10.077294	0.38826713	14.6832485	6.7772393	6.6708245	12531	8.6631365	0.41670823	15.774175	6.3653984	6.2928295	12321	9.216069	0.40839976	15.365184
F7_S23_contig_11442	4.14546	4.0823765	12366	5.14577	0.29538253	11.170597	4.7716336	4.6906495	12463	6.459914	0.29377037	11.120459	4.855013	4.5634913	12634	11.183142	0.3105619	11.684233
F7_S23_contig_11490	5.938053	5.6921396	2054	12.438856	0.4300835	16.264627	7.1337266	7.0818777	2184	10.094257	0.44087896	16.689138	9.67355	9.533297	2165	22.259346	0.6196303	23.312271
F7_S23_contig_11722	6.6213765	5.74974	10391	72.38305	0.52166384	19.727968	6.824949	6.0610847	10775	62.375977	0.46616733	17.646418	7.39265	6.633181	10421	68.33276	0.5202704	19.57407
F7_S23_contig_11858	57.776306	56.775574	40739	217.22414	4.0758944	154.13962	68.12059	67.391235	40704	197.48923	4.216654	159.61827	66.10369	65.439026	40704	187.22641	4.202119	158.09587
F7_S23_contig_11960	5.7948	5.6800904	16294	11.28665	0.41235706	15.594265	7.253969	7.042202	16534	20.003262	0.4546491	17.210405	7.022467	6.95001	16736	12.070495	0.44818187	16.861902
F7_S23_contig_12046	6.3380294	6.1326146	11959	14.38138	0.45630664	17.256323	6.7470894	6.56851	11777	15.123407	0.4218908	15.970362	6.662055	6.5943766	11280	14.766573	0.4231537	15.920256
F7_S23_contig_12396	12.794103	12.11745	42195	44.5132	0.940853	35.580616	13.166064	12.51078	42200	42.2819	0.84576684	32.01585	13.514008	12.863737	42200	44.693775	0.89722854	33.75632
F7_S23_contig_12421	4.469148	4.4164305	2037	6.166522	0.32996747	12.478505	6.8771033	6.6311617	2111	15.459889	0.4210384	15.93809	5.336563	5.149575	2086	11.928504	0.3837317	14.43709
F7_S23_contig_12434	24.272053	23.56915	13844	73.19238	1.7109597	64.704025	28.559254	28.162985	13878	61.787006	1.7611018	66.6652	27.094398	26.812494	13855	49.267044	1.7125182	64.42989
F7_S23_contig_12746	47.183086	39.484226	34598	3542.7642	3.3469577	126.57323	51.66297	42.69062	34598	4863.6377	3.2120147	121.58843	52.942524	44.165882	34598	4343.28	3.3921916	127.62401
F7_S23_contig_13082	6.721005	6.681818	3254	8.100674	0.4962372	18.766394	6.9014177	6.7587686	3254	8.992535	0.41825244	15.832635	6.9658504	6.6567645	3254	15.248592	0.4568819	17.18921
F7_S23_contig_13307	175.13663	173.59456	21381	998.4434	12.321509	465.9672	202.56033	200.07483	21382	1413.2603	12.516803	473.8141	196.26225	193.7898	21381	1242.2349	12.474869	469.34064
F7_S23_contig_13340	8.935817	8.468119	13283	48.80754	0.62966424	23.81225	10.152877	9.786845	13365	47.25895	0.62625265	23.706322	8.989064	8.48672	13308	41.479362	0.57355374	21.57874
F7_S23_contig_13583	7.331173	7.2870293	15069	7.871337	0.51949364	19.645884	7.911393	7.7988715	15115	11.008186	0.4863524	18.410511	7.520281	7.4462843	15103	11.020654	0.4804451	18.075731
F7_S23_contig_13920	17.134027	16.367517	12252	82.43044	1.2326736	46.616474	19.756899	19.36256	12252	51.51465	1.2460985	47.170113	20.895306	20.141388	12252	84.715996	1.3604412	51.18373
F7_S23_contig_14038	68.829506	67.481415	28544	879.4349	5.1057887	193.08766	76.69008	74.911255	28544	1146.6947	4.997051	189.15953	77.98426	76.28612	28544	1121.3386	5.198746	195.5919
F7_S23_contig_14063	4.8621526	4.734339	11125	6.740619	0.34084296	12.889789	8.0142975	7.643021	11271	21.662111	0.4854715	18.377163	7.2502475	7.0136876	11271	13.644113	0.4616652	17.369173
F7_S23_contig_14066	3.808921	3.7322624	3387	4.5863295	0.27693492	10.47295	4.939421	4.865462	3468	4.428949	0.3070135	11.621766	4.6054854	4.5237617	3461	4.8714437	0.3050288	11.476065
F7_S23_contig_14175	7.878092	7.535941	12561	18.470957	0.6293222	23.799332	8.838853	8.405156	12561	24.744053	0.6044054	22.879301	8.065104	7.701638	12540	20.239756	0.5743394	21.60831
F7_S23_contig_14304	3.8420677	3.527428	10487	11.420858	0.2687071	10.161801	4.465405	4.05188	10854	15.39329	0.27569014	10.43604	3.8290331	3.6544986	10765	7.1571064	0.24683695	9.286716
F7_S23_contig_14652	6.656608	6.560577	10622	9.404369	0.47195733	17.848196	7.3893237	7.209633	10622	12.019647	0.45150456	17.091362	7.2381587	7.207511	10526	9.671664	0.45667624	17.181475
F7_S23_contig_14992	15.918016	15.827533	38806	40.828213	1.1155251	42.18623	17.795094	17.58512	39036	43.930077	1.0924393	41.35347	18.518208	18.436424	38809	47.052204	1.1703875	44.033344
F7_S23_contig_15195	6.5272236	6.420002	11081	9.915528	0.47481066	17.956097	7.9937696	7.880329	11225	10.032921	0.495709	18.764692	6.970113	6.8437157	11225	8.874579	0.44997302	16.929287
F7_S23_contig_15250	66.85403	55.47779	35828	8909.093	4.6785293	176.92969	73.48318	60.511017	35897	11095.591	4.5130377	170.83762	74.54634	60.664375	35732	12494.447	4.7075667	177.11218
F7_S23_contig_15263	90.22262	81.56552	18446	23826.97	8.443282	319.3028	99.76634	89.51658	18446	32588.65	8.268668	313.00418	99.36287	89.33259	18446	30782.762	8.431178	317.2052
F7_S23_contig_15420	11816.791	12225.706	39193	15135039	826.5761	31258.941	12756.59	13195.601	39306	17669224	783.2661	29649.951	12700.167	13141.978	39208	17590378	802.1761	30180.18
F7_S23_contig_15429	78.631645	77.96722	40853	318.76797	5.498388	207.93465	86.76998	85.76404	40994	406.15155	5.3280063	201.68771	84.89898	84.21709	40843	381.19434	5.3629704	201.77045
F7_S23_contig_15533	9.144691	8.765309	12908	21.279505	0.63951015	24.184608	8.930552	8.307846	12916	25.870283	0.54596394	20.667046	8.631146	8.4237995	12913	14.176597	0.546494	20.56069
F7_S23_contig_15644	19.149921	18.457806	57160	68.93527	1.342694	50.777184	22.79072	21.884487	57160	98.00605	1.4010789	53.036808	21.7087	21.026096	57160	68.36292	1.3754939	51.750042
F7_S23_contig_15667	7.8215284	7.774839	10079	8.334129	0.5419488	20.495089	8.986794	8.785953	10146	14.61073	0.5502514	20.829357	7.734694	7.582685	10146	12.441662	0.4903121	18.44696
F7_S23_contig_15699	15.594515	14.284484	54337	97.537575	1.0921639	41.302784	18.266558	16.897394	54337	113.94718	1.1247417	42.57626	17.043608	15.460457	54323	126.99135	1.0779382	40.55513
F7_S23_contig_15766	52.778187	50.756252	53064	385.57938	3.6991456	139.89204	58.09272	56.11398	53073	387.4203	3.5746062	135.31404	59.60998	57.080997	53073	482.28806	3.77052	141.8578
F7_S23_contig_15769	14.603521	13.938313	10739	57.637703	1.0642648	40.247704	17.191872	16.388952	10829	69.706665	1.09949	41.620373	16.595373	16.021637	10829	60.488354	1.089505	40.990314
F7_S23_contig_15772	272.53857	269.49753	34030	2424.4663	19.070631	721.2012	320.70844	316.70108	34030	3209.8025	19.704763	745.9092	296.1442	292.29364	34030	2843.8752	18.713476	704.05493
F7_S23_contig_385|provirus_92538_121215	196.8375	110.57081	28678	198938.89	14.859011	561.92896	212.25424	121.72597	28678	223884.03	14.048141	531.7819	211.61584	121.218414	28678	222842.2	14.4330435	543.01276
F7_S23_contig_1069|provirus_23829_45034	342.35425	332.00064	21206	10460.2295	24.340399	920.4905	380.82547	367.39136	21206	14230.568	23.770044	899.79736	374.81183	362.76657	21206	12877.316	24.060709	905.23315
F7_S23_contig_2934|provirus_7145_48270	36.05403	35.928417	41124	439.85864	2.5393043	96.02984	40.426006	40.23845	41126	486.34875	2.504732	94.8148	40.2182	39.776382	41123	537.29016	2.5668626	96.5728
F7_S23_contig_3140|provirus_107230_158246	15.957635	15.423276	51017	65.218575	1.1320004	42.80931	16.315784	15.458269	51017	94.55597	1.0206318	38.63525	17.762873	17.095432	51017	73.94232	1.1357576	42.730465
F7_S23_contig_5405|provirus_90972_117300	51.18958	36.399227	26329	6219.093	4.1888747	158.41222	55.621338	39.878326	26329	6883.3257	3.9788623	150.61679	55.905804	40.04681	26329	6998.387	4.1024737	154.34686
F7_S23_contig_5946|provirus_2_12672	9.032505	9.023338	12586	10.280332	0.6263576	23.687202	8.4532385	8.31032	12632	13.824346	0.5187835	19.638168	9.135852	9.042684	12644	10.914692	0.5753704	21.647087
F7_S23_contig_6085|provirus_49773_61550	41.24226	40.305656	11778	118.60553	2.9821343	112.77654	45.89482	45.130806	11778	106.843765	2.9092848	110.128784	45.605434	44.59421	11778	155.11702	2.9857385	112.33205
F7_S23_contig_15002|provirus_11375_56443	4.699993	4.615944	44688	5.099317	0.32924777	12.451295	5.6434026	5.5238814	44618	7.372234	0.34737968	13.1497965	5.395178	5.2996116	44722	6.4666753	0.34128922	12.840282
F8_S24_contig_50	81.75998	80.251915	14046	810.28156	6.00396	227.054	97.562515	95.957016	14024	984.0333	6.2564616	236.83374	96.56754	95.089554	14082	834.4435	6.3303833	238.16737
F8_S24_contig_328	70300.43	71280.82	23529	640895300	4968.788	187906.53	83681.01	84859.04	23529	901787200	5191.682	196527.27	80056.35	81183.63	23529	825052160	5109.1655	192221.58
F8_S24_contig_539	12.501644	12.291129	33057	62.821606	0.87808293	33.20681	14.290994	13.961661	33372	71.27614	0.88219106	33.39469	14.372982	14.120996	33377	75.30083	0.9120449	34.313747
F8_S24_contig_1416	245.21962	247.07475	11611	1259.9874	17.512066	662.2606	271.2794	272.58807	11611	1588.1299	16.995504	643.3522	264.05383	266.79883	11611	1466.89	17.040236	641.10284
F8_S24_contig_1463	10.055506	9.812942	15861	27.850863	0.707231	26.745628	9.673957	9.46256	15730	25.564571	0.6011759	22.757069	9.483342	9.195677	15878	21.350393	0.6080098	22.87509
F8_S24_contig_1848	8.847701	8.709836	13912	16.544569	0.6270655	23.713964	10.773332	10.527637	13919	23.722954	0.6698231	25.355648	9.63672	9.552893	13919	14.515171	0.60799766	22.874632
F8_S24_contig_2318	53.81266	51.648308	16135	503.4679	3.8107717	144.11345	64.49816	62.61318	16149	526.33307	4.0019884	151.49223	63.20474	61.471767	16173	498.22504	4.0275445	151.52791
F8_S24_contig_2835	712.45776	578.7186	43702	4825270	62.324615	2356.9543	812.00055	656.5276	43744	6743468	62.813915	2377.7737	807.4049	651.8664	43752	6314908.5	63.8881	2403.6543
F8_S24_contig_3460	5.303601	5.170028	12982	11.0373125	0.37580866	14.212098	4.9021754	4.764711	13053	7.7132897	0.30701268	11.621733	5.7700677	5.6799464	13245	9.137989	0.36126673	13.5919
F8_S24_contig_3539	13.84294	13.1650305	22893	50.333435	1.0594068	40.064	15.084158	14.265035	22877	71.667534	1.01308	38.349396	15.52403	14.963897	22893	57.955875	1.0694447	40.23561
F8_S24_contig_3674	10362.594	10649.452	13693	6431989	720.6967	27254.863	12250.286	12589.871	13674	8522448	747.94025	28312.72	12306.331	12652.676	13742	8752583	772.84357	29076.607
F8_S24_contig_3716	682.8975	683.3217	43039	23747.438	47.82422	1808.587	767.52893	771.2809	43010	28575.557	47.173683	1785.7239	768.6387	768.6294	43152	30203.916	48.605396	1828.6753
F8_S24_contig_3809	9.969996	9.60688	37744	24.568016	0.71468854	27.027653	11.84756	11.386057	37745	36.058865	0.7410201	28.050758	12.422131	12.027692	37745	32.37296	0.80265343	30.198143
F8_S24_contig_4286	3.6645932	3.569913	21904	4.5819526	0.2572008	9.726661	4.2072363	4.111257	22417	4.8832383	0.2606825	9.867941	4.7989836	4.700443	22367	6.2493677	0.30441207	11.452865
F8_S24_contig_4389	523.59094	518.85284	20542	14223.345	36.88491	1394.8914	602.0638	596.16077	20542	17812.275	37.203304	1408.3033	571.7302	565.77997	20542	18743.172	36.3602	1367.9756
F8_S24_contig_4623	9.948803	9.91543	11303	14.226484	0.8926467	33.757545	11.528737	11.491583	11303	15.010503	0.8993885	34.045677	11.672554	11.509513	11302	18.034803	0.9266184	34.862057
F8_S24_contig_4645	2.017337	1.9676425	1211	2.3765209	0.1392168	5.2648144	0	0	0	0	0	0	3.1754508	3.144838	1377	4.080924	0.18557334	6.9818068
F8_S24_contig_4813	6.384867	6.3134103	13259	9.432528	0.44604275	16.868176	6.90605	6.804013	13136	10.985383	0.42337537	16.026554	6.662984	6.5976124	13199	8.625191	0.41856572	15.747659
F8_S24_contig_5230	21073.398	20906.047	13360	13052495	1482.7476	56073.63	22425.395	22249.594	13360	14832584	1384.4904	52408.844	22816.797	22619.363	13360	16202753	1449.356	54528.96
F8_S24_contig_5522	7.1776943	7.062652	12934	11.40088	0.5066488	19.16014	8.038949	7.984011	12936	8.189489	0.4967046	18.802382	8.0305805	7.951686	12936	9.484789	0.5068569	19.06943
F8_S24_contig_5651	22.549395	20.175768	18077	443.71002	1.8437465	69.72568	24.922016	22.123583	18077	479.93344	1.7859293	67.605	26.074915	23.313913	18077	523.7507	1.8852463	70.9284
F8_S24_contig_5942	6.07303	5.889262	14270	9.216303	0.4301746	16.268072	7.321009	7.2252245	14352	10.27267	0.4559358	17.259104	7.241372	7.202265	14377	6.8433237	0.46069497	17.332672
F8_S24_contig_6252	6.234646	6.1339674	14708	8.389543	0.4398973	16.635763	7.083807	6.999011	14741	10.059671	0.43798065	16.579426	7.384868	7.2720428	14755	9.335366	0.4650399	17.49614
F8_S24_contig_6468	4.1280823	4.0551014	10684	4.3930893	0.28736502	10.867393	4.788738	4.513903	10870	9.421822	0.29242545	11.069544	4.154858	3.9715805	10722	6.9502506	0.26121682	9.827735
F8_S24_contig_6574	12.074133	11.789545	42819	31.218807	0.8486537	32.09387	14.746954	14.549203	42725	35.135475	0.9096333	34.4335	13.777109	13.638551	42802	31.277327	0.8729054	32.84123
F8_S24_contig_6789	3.8539426	3.6992257	19648	5.6915154	0.27274042	10.314328	4.6558146	4.524613	19506	7.959193	0.28821173	10.910041	4.2606034	4.080144	19387	8.0830765	0.2717097	10.222503
F8_S24_contig_7000	276.6399	270.55133	45721	3849.07	19.57219	740.169	328.4281	322.01654	45721	4842.668	20.394087	772.0027	314.119	307.40533	45790	4634.868	20.085613	755.67865
F8_S24_contig_7041	12.155838	11.881104	17362	37.720577	0.8510964	32.18625	12.782442	12.4052	17357	50.497604	0.7897908	29.896948	13.62341	13.28095	17373	39.938538	0.8579439	32.278343
F8_S24_contig_7266	540.40173	527.2298	60379	19018.664	37.88256	1432.6195	619.19696	604.5572	60380	22935.941	38.088177	1441.7993	607.0208	592.9884	60378	22835.8	38.413773	1445.2367
F8_S24_contig_7475	12.084438	11.947937	18203	19.613083	0.84508026	31.958715	14.230051	13.977345	18231	31.755692	0.8753065	33.134052	13.253205	12.950148	18233	26.309021	0.8409209	31.637875
F8_S24_contig_7586	5.7260957	5.566175	32935	11.09929	0.39990446	15.123333	6.2601805	6.124809	33166	11.620627	0.38471276	14.563009	6.466065	6.29905	33237	11.540948	0.409332	15.400245
F8_S24_contig_7801	6.215587	5.748932	15614	23.072638	0.4351061	16.454576	7.996154	7.507741	15763	33.644516	0.49042246	18.56457	6.889022	6.360841	15863	27.52306	0.43516117	16.37201
F8_S24_contig_8763	27.759258	27.431227	95364	156.214	1.9533596	73.870926	30.463346	30.120438	95368	178.10977	1.8808578	71.19847	30.314804	29.905396	95422	182.85194	1.9276503	72.52377
F8_S24_contig_9219	15.913264	14.991034	37790	81.08777	1.1390365	43.075382	18.755749	17.674086	37846	115.8189	1.1722225	44.373623	18.690525	17.587065	37943	115.86193	1.2035998	45.28292
F8_S24_contig_9400	6.222136	6.12028	10399	6.7354646	0.43920264	16.609493	6.898034	6.8237762	10462	8.562815	0.43124253	16.324362	6.8925147	6.8532543	10477	5.8515096	0.43206954	16.255695
F8_S24_contig_9505	10.236171	9.594732	10147	41.997143	0.73639536	27.848555	12.395719	11.641738	10147	51.257355	0.7810427	29.565805	13.69741	12.705412	10147	78.616425	0.88566804	33.321392
F8_S24_contig_9591	26534.754	25092.693	10809	717866430	1928.8174	72942.836	31700.625	29975.709	10809	1015457100	2023.0756	76582.01	30351.316	28697.707	10809	939262000	1992.5538	74965.64
F8_S24_contig_9833	28.557047	28.207472	18618	265.54727	2.0267215	76.64531	32.13705	31.892641	18705	317.4468	1.9962237	75.56556	32.104446	31.80109	18705	290.0612	2.0573375	77.403
F8_S24_contig_10663	25.834568	22.944027	37178	405.97717	1.8411195	69.626335	28.311344	25.322254	37289	433.54694	1.7683161	66.93831	28.83166	26.066383	37289	437.36194	1.858021	69.90411
F8_S24_contig_11214	69.86207	68.073906	17903	448.68646	4.954825	187.37843	80.93562	78.92229	17903	504.99667	5.0218873	190.09973	79.01328	77.68432	17920	443.4953	5.054351	190.15921
F8_S24_contig_11305	15.572315	15.150499	22061	33.56966	1.14146	43.167004	17.833143	17.388824	22061	47.053856	1.1461335	43.386032	19.36712	18.725216	22061	55.249874	1.2735009	47.91275
F8_S24_contig_11371	6.0425797	5.7356043	16097	19.300734	0.47444463	17.94225	6.388927	6.061927	15968	20.245127	0.42987126	16.272448	7.1326423	6.6128545	16123	31.209532	0.49405724	18.587866
F8_S24_contig_11830	5.717841	5.5343714	17081	11.935737	0.39852667	15.071241	6.3866596	6.189624	17057	15.4531	0.39444256	14.931327	6.536578	6.3859024	17174	12.999011	0.41425616	15.585508
F8_S24_contig_12078	5.9011974	5.6619115	33631	16.736002	0.41234443	15.593789	6.322029	6.0191913	34226	18.349152	0.38773745	14.677508	6.3158684	5.9897327	34130	18.976027	0.39883995	15.005514
F8_S24_contig_12314	15.512485	14.150581	22898	99.37396	1.1361477	42.966125	16.709293	15.31098	22898	106.35295	1.0872564	41.15726	16.740152	15.30761	22898	116.84772	1.1050042	41.57345
F8_S24_contig_12609	2.6201057	1.971798	861	15.538791	0.41444775	15.673329	0	0	0	0	0	0	4.162963	3.6227968	1010	15.954347	0.40035075	15.062347
F8_S24_contig_12911	56.024773	44.073948	15611	7228.572	4.5302725	171.323	59.26932	47.10751	15611	7966.4873	4.1870937	158.49925	60.571438	48.033848	15611	7953.5854	4.4100547	165.91898
F8_S24_contig_13037	20.346684	15.624349	57008	4243.674	2.483241	93.90967	23.153421	17.771688	57165	5790.331	2.4383593	92.3023	22.926895	17.610538	57151	5327.1304	2.4586477	92.50146
F8_S24_contig_13368	4.9637375	4.8158765	12961	8.364467	0.35288733	13.345277	7.061684	6.8259687	12872	19.795708	0.44234315	16.74457	6.420643	6.221949	13045	15.034528	0.41144317	15.479684
F8_S24_contig_13457	70.12781	67.532936	23216	2707.4214	4.9515996	187.25659	80.6285	77.39185	23205	3569.8623	4.997192	189.16495	76.938416	73.85035	23224	3049.619	4.909079	184.6938
F8_S24_contig_13617	3.7624993	3.6158845	16792	7.0276732	0.2648643	10.016477	4.3380575	4.1362867	16892	8.760008	0.26746315	10.124618	4.619538	4.372055	17568	9.1775675	0.29178622	10.977839
F8_S24_contig_14503	4.3911114	4.1876416	10810	10.539086	0.31782913	12.019463	4.4215384	4.2424364	10830	10.109727	0.28043655	10.615721	5.0284753	4.815709	11222	9.728519	0.31953287	12.021755
F8_S24_contig_14507	18.620016	18.030441	44349	59.34821	1.3056322	49.375618	21.698685	21.21377	44386	55.484684	1.3353908	50.550194	21.243534	20.55056	44386	79.54427	1.3462275	50.64897
F8_S24_contig_14706	2.8802812	2.7631512	11138	4.699246	0.20145757	7.618601	3.8303854	3.7695014	12221	5.156769	0.23540254	8.910989	3.9157333	3.7605767	12416	6.366374	0.24667482	9.280617
F8_S24_contig_14743	3.6801114	3.5871282	16077	5.1585193	0.2583657	9.770711	4.823383	4.6864963	16745	7.236351	0.29622287	11.213291	4.9198055	4.822914	16570	6.664894	0.3093894	11.640123
F8_S24_contig_1333|provirus_361_73598	31.79823	31.303694	73232	202.58125	2.237662	84.62254	35.2604	34.709335	73236	229.06738	2.183711	82.66274	35.891228	35.220753	73225	247.08218	2.2860346	86.007225
F8_S24_contig_2863|provirus_6875_44880	481.95456	401.57068	37523	432148.78	33.717354	1275.102	537.67834	447.98703	37826	532184.6	33.01971	1249.9362	528.9611	438.38342	38006	536332.44	33.418247	1257.291
F8_S24_contig_3918|provirus_1_76820	15508.78	15517.728	76820	94409810	1086.3864	41084.305	16719.832	16739.443	76820	109029580	1028.0736	38916.965	16665.184	16681.451	76820	108460610	1054.0905	39657.918
F8_S24_contig_6138|provirus_8_27451	18.201546	18.047342	27444	28.601767	1.2917486	48.85057	20.400051	20.185501	27444	27.747885	1.2731899	48.19565	20.809336	20.620329	27444	33.838055	1.3306843	50.064194
F8_S24_contig_10526|provirus_26296_56056	67.61758	66.26888	29761	343.80682	4.8416786	183.09962	72.308365	70.72365	29761	493.59567	4.5553446	172.43912	73.10422	71.812164	29761	400.3153	4.7258177	177.79893
