Contig	F3_S19_subsampled_depth_1G_combined_mapped Mean	F3_S19_subsampled_depth_1G_combined_mapped Trimmed Mean	F3_S19_subsampled_depth_1G_combined_mapped Covered Bases	F3_S19_subsampled_depth_1G_combined_mapped Variance	F3_S19_subsampled_depth_1G_combined_mapped RPKM	F3_S19_subsampled_depth_1G_combined_mapped TPM	F4_S20_subsampled_depth_1G_combined_mapped Mean	F4_S20_subsampled_depth_1G_combined_mapped Trimmed Mean	F4_S20_subsampled_depth_1G_combined_mapped Covered Bases	F4_S20_subsampled_depth_1G_combined_mapped Variance	F4_S20_subsampled_depth_1G_combined_mapped RPKM	F4_S20_subsampled_depth_1G_combined_mapped TPM	F5_S21_subsampled_depth_1G_combined_mapped Mean	F5_S21_subsampled_depth_1G_combined_mapped Trimmed Mean	F5_S21_subsampled_depth_1G_combined_mapped Covered Bases	F5_S21_subsampled_depth_1G_combined_mapped Variance	F5_S21_subsampled_depth_1G_combined_mapped RPKM	F5_S21_subsampled_depth_1G_combined_mapped TPM	F6_S22_subsampled_depth_1G_combined_mapped Mean	F6_S22_subsampled_depth_1G_combined_mapped Trimmed Mean	F6_S22_subsampled_depth_1G_combined_mapped Covered Bases	F6_S22_subsampled_depth_1G_combined_mapped Variance	F6_S22_subsampled_depth_1G_combined_mapped RPKM	F6_S22_subsampled_depth_1G_combined_mapped TPM	F7_S23_subsampled_depth_1G_combined_mapped Mean	F7_S23_subsampled_depth_1G_combined_mapped Trimmed Mean	F7_S23_subsampled_depth_1G_combined_mapped Covered Bases	F7_S23_subsampled_depth_1G_combined_mapped Variance	F7_S23_subsampled_depth_1G_combined_mapped RPKM	F7_S23_subsampled_depth_1G_combined_mapped TPM	F8_S24_subsampled_depth_1G_combined_mapped Mean	F8_S24_subsampled_depth_1G_combined_mapped Trimmed Mean	F8_S24_subsampled_depth_1G_combined_mapped Covered Bases	F8_S24_subsampled_depth_1G_combined_mapped Variance	F8_S24_subsampled_depth_1G_combined_mapped RPKM	F8_S24_subsampled_depth_1G_combined_mapped TPM	GP3_S28_subsampled_depth_1G_combined_mapped Mean	GP3_S28_subsampled_depth_1G_combined_mapped Trimmed Mean	GP3_S28_subsampled_depth_1G_combined_mapped Covered Bases	GP3_S28_subsampled_depth_1G_combined_mapped Variance	GP3_S28_subsampled_depth_1G_combined_mapped RPKM	GP3_S28_subsampled_depth_1G_combined_mapped TPM	GP4_S29_subsampled_depth_1G_combined_mapped Mean	GP4_S29_subsampled_depth_1G_combined_mapped Trimmed Mean	GP4_S29_subsampled_depth_1G_combined_mapped Covered Bases	GP4_S29_subsampled_depth_1G_combined_mapped Variance	GP4_S29_subsampled_depth_1G_combined_mapped RPKM	GP4_S29_subsampled_depth_1G_combined_mapped TPM	GP5_S30_subsampled_depth_1G_combined_mapped Mean	GP5_S30_subsampled_depth_1G_combined_mapped Trimmed Mean	GP5_S30_subsampled_depth_1G_combined_mapped Covered Bases	GP5_S30_subsampled_depth_1G_combined_mapped Variance	GP5_S30_subsampled_depth_1G_combined_mapped RPKM	GP5_S30_subsampled_depth_1G_combined_mapped TPM	M1_S25_subsampled_depth_1G_combined_mapped Mean	M1_S25_subsampled_depth_1G_combined_mapped Trimmed Mean	M1_S25_subsampled_depth_1G_combined_mapped Covered Bases	M1_S25_subsampled_depth_1G_combined_mapped Variance	M1_S25_subsampled_depth_1G_combined_mapped RPKM	M1_S25_subsampled_depth_1G_combined_mapped TPM	M2_S26_subsampled_depth_1G_combined_mapped Mean	M2_S26_subsampled_depth_1G_combined_mapped Trimmed Mean	M2_S26_subsampled_depth_1G_combined_mapped Covered Bases	M2_S26_subsampled_depth_1G_combined_mapped Variance	M2_S26_subsampled_depth_1G_combined_mapped RPKM	M2_S26_subsampled_depth_1G_combined_mapped TPM	M3_S27_subsampled_depth_1G_combined_mapped Mean	M3_S27_subsampled_depth_1G_combined_mapped Trimmed Mean	M3_S27_subsampled_depth_1G_combined_mapped Covered Bases	M3_S27_subsampled_depth_1G_combined_mapped Variance	M3_S27_subsampled_depth_1G_combined_mapped RPKM	M3_S27_subsampled_depth_1G_combined_mapped TPM
F3_S19_subsampled_depth_1G_contig_365	468.20355	467.98328	12246	8307.417	651.8792	21608.951	439.4179	439.59854	12246	7502.107	611.7202	20458.498	478.63095	480.25385	12246	7305.871	672.67096	22507.162	433.64145	434.7455	12246	5231.0117	609.3639	21409.445	426.851	426.87003	12246	4873.096	596.9742	20915.102	435.4684	436.25174	12246	4900.9316	611.6627	21350.682	146.66527	147.81227	12246	3776.9604	168.64658	1338.8453	121.71685	122.08606	12246	2457.837	135.77766	939.46405	178.53331	179.60167	12246	4631.256	199.81456	1448.7004	0	0	0	0	0	0	0	0	0	0	0	0	0	0	0	0	0	0
F3_S19_subsampled_depth_1G_contig_602	2.5319867	2.4266768	12578	2.624005	3.517604	116.60406	2.9089203	2.8431766	12783	3.2579803	4.09246	136.869	2.7123442	2.6612446	12364	2.6801069	3.7974288	127.059654	3.8970566	3.784618	13117	4.8057265	5.4505787	191.50119	4.12607	3.9708877	12978	6.6873417	5.7272444	200.65498	4.0491066	3.9049883	12759	7.5875854	5.706179	199.17969	0	0	0	0	0	0	0	0	0	0	0	0	0	0	0	0	0	0	0	0	0	0	0	0	0	0	0	0	0	0	0	0	0	0	0	0
F3_S19_subsampled_depth_1G_contig_948	79.286476	78.350525	45519	339.73444	110.331505	3657.3455	82.03154	81.024536	45519	350.06067	114.147964	3817.589	76.14534	74.80002	45519	435.67288	106.88305	3576.2415	82.366196	81.05542	45519	457.60095	115.80751	4068.7915	79.317795	78.09899	45519	382.99207	110.884964	3884.8752	82.055145	80.83045	45519	405.76248	114.99157	4013.8923	3.2659745	3.1303604	41493	5.2328396	3.7673416	29.908041	3.0985255	2.920236	41060	5.5244575	3.4547377	23.903784	4.9231853	4.7815003	44183	9.108739	5.4942775	39.83472	0	0	0	0	0	0	0	0	0	0	0	0	0	0	0	0	0	0
F3_S19_subsampled_depth_1G_contig_2302	18.900711	18.685932	40769	25.999422	26.469769	877.43854	18.103548	17.780163	40769	32.449665	25.388716	849.1054	18.225683	18.041029	40769	26.273869	25.71678	860.4677	18.581427	18.36076	40769	31.691357	26.256493	922.49805	16.212315	15.998769	40769	25.664852	22.786362	798.32434	17.189272	16.963211	40769	28.44239	24.267183	847.06964	9.102563	8.6036	40008	40.50669	10.49453	83.313614	7.127748	6.740885	39330	25.595554	7.9566026	55.052814	8.442625	8.022566	40047	28.609016	9.409397	68.220215	0	0	0	0	0	0	0	0	0	0	0	0	0	0	0	0	0	0
F3_S19_subsampled_depth_1G_contig_2624	6.418603	6.3385377	12460	7.505885	9.000723	298.3621	5.2285132	5.1709385	12360	5.4038663	7.4678693	249.75702	6.2783914	6.1970215	12428	6.585504	8.989493	300.78305	5.54013	5.430596	12356	6.986567	8.047788	282.7517	4.6679935	4.590704	12164	6.601844	6.6797457	234.02611	5.0553207	4.8995485	12363	6.6248527	7.2014184	251.3726	0	0	0	0	0	0	0	0	0	0	0	0	0	0	0	0	0	0	0	0	0	0	0	0	0	0	0	0	0	0	0	0	0	0	0	0
F3_S19_subsampled_depth_1G_contig_4368	745.4731	744.21155	43261	6251.6377	1036.0076	34342.31	718.1472	716.8739	43261	5517.403	998.03723	33378.566	732.75214	731.13104	43261	5530.942	1027.2661	34371.695	675.37427	674.56146	43261	4234.79	947.999	33307.082	634.37463	633.49115	43261	4010.2747	884.8606	31001.252	662.025	660.7172	43261	4342.9263	927.1827	32364.205	360.8213	343.77145	43261	28999.059	416.0701	3303.0825	304.44507	289.4402	43261	21141.885	340.20264	2353.9084	352.4872	336.03873	43261	24490.898	394.63907	2861.2212	0	0	0	0	0	0	1.4308181	1.3350171	32856	1.4911021	53.888397	1351.1824	0	0	0	0	0	0
F3_S19_subsampled_depth_1G_contig_5520	4.9128127	4.840685	13768	5.3768067	6.8005013	225.42783	4.604712	4.5597835	13619	5.3301735	6.4068336	214.27144	5.535922	5.469785	13725	6.775962	7.737807	258.90225	6.2970476	6.1961546	13863	8.213625	8.841278	310.63028	5.797775	5.695993	13719	8.408304	8.058101	282.3171	5.989965	5.874374	13752	8.926957	8.413556	293.6832	0	0	0	0	0	0	0	0	0	0	0	0	0	0	0	0	0	0	0	0	0	0	0	0	0	0	0	0	0	0	0	0	0	0	0	0
F3_S19_subsampled_depth_1G_contig_6107	117.86406	117.56741	34334	357.10336	163.76633	5428.6416	118.26703	117.73457	34334	370.71527	164.26814	5493.8193	117.24766	116.64337	34334	352.37164	164.23097	5495.069	119.251434	118.812294	34334	371.56998	167.21902	5875.09	118.86368	118.59445	34334	321.40656	165.64186	5803.2935	118.64436	118.26757	34334	389.89438	165.99922	5794.3647	41.23543	40.76653	34334	176.44771	47.408787	376.36716	35.897263	35.399208	34334	161.93196	40.101013	277.46426	42.85654	42.319996	34334	190.13194	47.955208	347.68594	0	0	0	0	0	0	0	0	0	0	0	0	0	0	0	0	0	0
F3_S19_subsampled_depth_1G_contig_7698	33.149788	32.964832	37683	47.9757	46.03246	1525.916	31.933578	31.833841	37683	45.192474	44.39688	1484.8186	32.43154	32.23608	37683	48.21648	45.449734	1520.7203	28.715929	28.572926	37683	41.644222	40.263454	1414.6205	26.834173	26.71256	37683	35.62853	37.452717	1312.1624	28.458902	28.36639	37683	41.84637	39.89722	1392.651	13.526843	13.107398	37683	39.426903	15.529294	123.28335	10.427064	10.019005	37548	30.962639	11.640379	80.54136	13.165694	12.706107	37683	42.010403	14.733576	106.82164	0	0	0	0	0	0	0	0	0	0	0	0	0	0	0	0	0	0
F3_S19_subsampled_depth_1G_contig_7756	12.470632	12.282697	34012	18.714985	17.32188	574.1977	13.803365	13.662207	34030	21.154167	19.177341	641.3713	13.276004	13.193854	34022	17.451874	18.581339	621.7202	13.266204	13.158107	34030	21.035746	18.624992	654.37213	13.416323	13.261937	34011	19.384596	18.713863	655.6436	12.860832	12.748261	34030	16.06932	18.010767	628.6833	8.5726385	8.134527	33982	25.490223	9.865571	78.32041	6.59144	6.290699	33614	19.043795	7.3446064	50.818363	8.536304	8.252788	33922	25.997793	9.567297	69.365005	4.158796	4.0300407	33405	5.2954245	166.2805	4198.425	4.115732	4.010888	33140	4.8984694	155.63547	3902.359	4.7106256	4.632428	33661	5.080697	174.35341	4346.1323
F3_S19_subsampled_depth_1G_contig_7941	116.33785	100.27028	125472	12063.775	161.93791	5368.0317	118.316895	102.417625	125472	11857.21	164.70633	5508.4746	113.41234	97.244736	125472	12047.819	159.20917	5327.042	158.59732	143.47899	125472	11260.058	222.95598	7833.356	163.73732	149.94183	125472	10346.669	228.87643	8018.7285	161.40198	145.84949	125472	12252.849	226.47632	7905.375	89.51282	78.43413	125472	6742.921	103.228935	819.51	74.75701	65.99766	125472	4359.601	83.58158	578.3122	79.613625	69.22051	125472	5803.7993	89.23529	646.9755	0	0	0	0	0	0	0	0	0	0	0	0	0	0	0	0	0	0
F3_S19_subsampled_depth_1G_contig_7967	261.66293	260.65195	42821	2330.869	364.0534	12067.899	264.98044	263.78687	42821	2625.2495	368.53244	12325.272	250.29446	249.15727	42821	2244.1592	350.96472	11743.065	233.45131	231.89801	42821	2019.6897	327.7787	11516.209	239.4919	238.67955	42821	1893.7056	334.04022	11703.159	242.62398	241.3785	42821	2041.5745	339.84903	11862.757	10.144595	9.143419	42691	71.549416	11.663613	92.59466	9.400435	8.647755	42635	53.54935	10.485897	72.553375	12.812519	11.728212	42550	99.368095	14.293636	103.63209	0	0	0	0	0	0	0	0	0	0	0	0	0	0	0	0	0	0
F3_S19_subsampled_depth_1G_contig_7972	738.1899	736.5693	41907	22667.76	1026.4873	34026.723	725.83905	723.82745	41907	21627.01	1009.2147	33752.39	732.87537	729.9749	41907	21876.094	1027.7778	34388.82	743.714	742.02344	41907	23942.64	1043.9866	36679.516	749.04517	747.5102	41907	21410.424	1045.247	36620.414	752.1551	749.5658	41907	22595.414	1053.8949	36787.223	138.8077	126.07527	41907	8851.692	159.67236	1267.6012	114.54479	104.21869	41907	5763.3154	127.69692	883.5524	150.29013	137.83961	41907	8791.707	167.9639	1217.7759	6.7228966	6.6464624	41839	8.159034	268.57953	6781.3804	7.877362	7.845116	41826	7.9894385	296.2407	7427.854	7.568192	7.4906473	41898	9.419796	281.83313	7025.291
F3_S19_subsampled_depth_1G_contig_3560|provirus_9308_20147	13.271094	13.0654745	10840	21.614592	19.280022	639.1079	13.374929	13.185513	10840	23.201914	19.17848	641.40924	12.408325	12.253794	10840	15.1169195	18.01441	602.7511	12.248082	12.12326	10840	17.523634	17.622791	619.1608	11.3087	11.127313	10840	14.057004	16.325464	571.96564	11.573153	11.441904	10840	16.39792	16.652674	581.2776	0	0	0	0	0	0	0	0	0	0	0	0	0	0	0	0	0	0	0	0	0	0	0	0	0	0	0	0	0	0	0	0	0	0	0	0
F4_S20_subsampled_depth_1G_contig_372	513.36304	527.8571	13596	15332	708.71674	23493.037	463.22375	476.82874	13710	11529.817	639.4905	21387.254	524.0461	538.5607	13683	14494.407	729.37006	24404.28	502.6152	516.27496	13596	13103.22	700.481	24610.768	530.26495	545.67535	13596	13769.058	734.83356	25745.023	545.4886	560.6045	13707	15204.331	758.7849	26486.12	484.20303	471.71216	13653	132582.06	554.11755	4399.008	418.76688	407.49835	13701	99752	464.21292	3211.9526	488.00906	477.68192	13683	124637.87	542.0398	3929.9097	0	0	0	0	0	0	0	0	0	0	0	0	0	0	0	0	0	0
F4_S20_subsampled_depth_1G_contig_563	12.858274	12.53894	19012	31.527351	18.115953	600.52026	13.262162	12.915136	19081	30.199577	18.572666	621.1483	14.514447	14.197605	19021	35.460697	20.50136	685.9629	14.932545	14.621926	19081	30.737282	21.22057	745.5656	14.024721	13.909385	19081	21.17467	19.716719	690.7788	13.643495	13.273784	19004	33.26038	19.263926	672.4258	4.0518727	3.7371325	16293	14.143638	4.665411	37.037598	3.559136	3.217912	15970	11.78566	3.9454024	27.29877	3.7526278	3.4239686	16909	11.052855	4.1931744	30.401455	0	0	0	0	0	0	0	0	0	0	0	0	0	0	0	0	0	0
F4_S20_subsampled_depth_1G_contig_914	10.42439	10.291149	20273	13.785893	15.003446	497.34482	11.89932	11.790403	20273	16.381083	16.974106	567.6856	12.661482	12.551599	20191	21.12464	18.29517	612.1452	13.421706	13.29507	20273	21.436401	19.471968	684.13	12.729812	12.604274	20273	19.363085	18.464123	646.89374	13.442876	13.290211	20273	21.421577	19.578842	683.4182	0	0	0	0	0	0	0	0	0	0	0	0	0	0	0	0	0	0	0	0	0	0	0	0	0	0	0	0	0	0	0	0	0	0	0	0
F4_S20_subsampled_depth_1G_contig_1573	14.805857	14.556128	32111	23.77148	20.733295	687.2817	14.836832	14.533287	32111	25.497942	20.825947	696.50745	14.54798	14.214149	32111	28.009787	20.60003	689.26465	12.540847	12.25684	32111	21.629818	17.794548	625.1955	12.817371	12.533669	32111	22.727003	18.058456	632.6812	12.568787	12.327099	32111	18.487265	17.745825	619.4352	0	0	0	0	0	0	0	0	0	0	0	0	0	0	0	0	0	0	0	0	0	0	0	0	0	0	0	0	0	0	0	0	0	0	0	0
F4_S20_subsampled_depth_1G_contig_2006	30.196795	30.43124	28225	66.97307	42.489307	1408.4652	32.58657	32.882504	28225	75.77225	45.65647	1526.9446	31.446447	31.662037	28225	63.963455	44.446472	1487.152	34.079037	34.343067	28225	81.450455	48.38141	1699.8368	33.982723	34.19795	28225	71.83558	47.9253	1679.0712	33.789387	33.935772	28225	81.64879	47.880756	1671.3237	5.9264827	5.2191224	24321	43.377083	6.809146	54.056206	5.0908637	4.3908744	22988	36.741795	5.672283	39.2473	6.047587	5.4131546	25439	38.51587	6.7569733	48.989555	2.5058236	2.4140646	24510	3.2933602	110.4722	2789.3184	2.031024	1.9379476	24194	2.235662	76.581535	1920.1837	2.183366	2.0825517	23480	2.7778027	80.926865	2017.2745
F4_S20_subsampled_depth_1G_contig_2068	3.051358	2.9860082	12547	3.266082	4.21387	139.68434	3.2542102	3.1985838	12599	3.4690192	4.511473	150.88263	2.7726445	2.6904922	11990	3.359959	3.8361666	128.35574	3.598771	3.4353507	12500	6.413998	5.0142736	176.17186	3.3430436	3.2458699	12288	4.3230987	4.66637	163.48706	3.1530876	3.072741	12698	3.543363	4.4183083	154.22533	0	0	0	0	0	0	0	0	0	0	0	0	0	0	0	0	0	0	0	0	0	0	0	0	0	0	0	0	0	0	0	0	0	0	0	0
F4_S20_subsampled_depth_1G_contig_2810	3.4424021	3.3309674	9441	5.3032284	4.751268	157.4983	3.4024966	3.2966805	9898	3.7081275	4.668868	156.1466	3.3688815	3.3285651	9611	3.5724552	4.708225	157.53435	2.909082	2.6606245	8851	7.1079226	4.0367746	141.82845	3.0695891	2.9331732	8899	5.5697174	4.254819	149.06833	3.337232	3.2928586	9923	3.4961126	4.642212	162.041	2.0138588	1.9164665	8610	2.4770513	2.2726483	18.042007	0	0	0	0	0	0	0	0	0	0	0	0	0	0	0	0	0	0	0	0	0	0	0	0	0	0	0	0	0	0
F4_S20_subsampled_depth_1G_contig_3518	85.830925	79.16183	62465	2222.3535	119.95551	3976.369	84.665375	78.29725	62465	2093.4683	118.15372	3951.557	85.3323	78.66594	62465	2295.8132	120.22559	4022.675	93.26106	83.02379	62397	4192.0327	131.60123	4623.69	89.131256	78.90092	62465	3926.5603	124.96822	4378.2837	92.1665	82.35175	62465	3837.3086	129.75294	4529.1514	37.350525	37.500366	61364	249.98479	43.049404	341.75897	31.632513	31.701061	61536	176.67247	35.333504	244.4773	36.723614	36.735115	61273	229.45135	41.146484	298.3211	2.012196	1.91479	51536	2.4871895	81.33989	2053.7559	1.616882	1.53369	48904	1.7066061	61.32627	1537.6771	1.7835032	1.691718	51781	1.8861933	66.71257	1662.9529
F4_S20_subsampled_depth_1G_contig_4650	12.465982	12.127843	49822	37.555824	17.396975	576.687	13.528955	13.219997	49930	41.68611	18.861542	630.8093	12.6375065	12.370427	49867	38.100517	17.755041	594.07275	11.816705	11.57603	49921	31.530914	16.650265	584.99194	12.256091	11.967705	49810	32.764816	17.190197	602.26154	11.823293	11.53619	49833	31.241142	16.65926	581.5077	8.241147	8.056913	48704	24.756704	9.511739	75.51145	6.5199165	6.3187814	48084	16.471415	7.287046	50.420055	7.586385	7.447004	47642	19.86574	8.482022	61.496555	0	0	0	0	0	0	0	0	0	0	0	0	0	0	0	0	0	0
F4_S20_subsampled_depth_1G_contig_5758	5.8341756	5.7578187	11212	7.1959953	8.210316	272.16122	5.2490077	5.0993385	11234	5.788392	7.25683	242.699	4.609166	4.4777465	11167	5.334197	6.5090714	217.78961	5.316402	5.2531075	11048	7.8553977	7.6078725	267.29578	4.951101	4.8917403	11118	5.100018	6.99713	245.14572	4.842205	4.7802725	11139	5.193631	6.8409133	238.78871	0	0	0	0	0	0	0	0	0	0	0	0	0	0	0	0	0	0	0	0	0	0	0	0	0	0	0	0	0	0	0	0	0	0	0	0
F4_S20_subsampled_depth_1G_contig_5876	12.114375	11.786492	17671	26.33006	16.937315	561.44977	12.799319	12.642664	17785	21.588905	17.922852	599.41547	13.089765	13.005166	17675	27.756083	18.525486	619.85144	15.019506	14.782461	17674	36.001785	21.244368	746.40155	14.309442	13.939709	17676	33.699574	20.302618	711.30597	15.211171	15.053928	17676	28.643501	21.522417	751.2609	0	0	0	0	0	0	0	0	0	0	0	0	0	0	0	0	0	0	0	0	0	0	0	0	0	0	0	0	0	0	0	0	0	0	0	0
F4_S20_subsampled_depth_1G_contig_6253	8.276072	8.132783	37102	21.182951	11.578249	383.8039	9.567395	9.408085	37532	23.251797	13.337268	446.05432	9.018138	8.805901	37146	26.133799	12.741224	426.31375	10.436612	10.218911	37453	27.759436	14.75784	518.50354	9.991105	9.723245	37315	29.024128	14.108274	494.286	10.916657	10.74494	37440	29.615387	15.441724	539.00824	0	0	0	0	0	0	0	0	0	0	0	0	0	0	0	0	0	0	0	0	0	0	0	0	0	0	0	0	0	0	0	0	0	0	0	0
F4_S20_subsampled_depth_1G_contig_6406	11.161511	10.74258	18644	25.21087	16.179436	536.3273	10.335676	9.925087	18644	23.490084	14.747776	493.2277	10.859738	10.406103	18644	27.440767	15.835607	529.8497	10.121552	9.690076	18644	25.148691	14.73962	517.8631	9.185898	8.668088	18644	24.726051	13.392452	469.20682	9.36163	9.150667	18644	16.347448	13.67965	477.50156	0	0	0	0	0	0	0	0	0	0	0	0	0	0	0	0	0	0	0	0	0	0	0	0	0	0	0	0	0	0	0	0	0	0	0	0
F4_S20_subsampled_depth_1G_contig_6451	7.7743926	7.6362834	10191	11.703549	11.001472	364.68445	7.4848666	7.3932524	10185	8.1446495	10.50529	351.3411	7.575866	7.3742256	10150	9.578133	10.801162	361.40033	6.7750897	6.671239	10183	8.577809	9.712196	341.22928	6.388789	6.306195	10073	9.172835	9.009892	315.66315	6.637495	6.6013274	10175	6.8729587	9.299271	324.59998	4.5053763	4.4120574	9746	8.45173	5.2632875	41.783993	3.865691	3.7637167	9279	7.2410464	4.430972	30.658487	4.8636003	4.673562	9791	11.799974	5.54512	40.203354	0	0	0	0	0	0	0	0	0	0	0	0	0	0	0	0	0	0
F4_S20_subsampled_depth_1G_contig_6558	3.3422065	3.2794614	11375	4.463979	4.6982713	155.7415	4.4522076	4.4192376	12012	5.159926	6.138426	205.2947	4.3614545	4.24661	11984	5.460838	6.121771	204.83083	3.9120321	3.7950678	11862	5.2633953	5.528858	194.25143	3.722254	3.6138866	11768	5.748294	5.220809	182.912	3.7659104	3.6744018	11708	5.120001	5.346975	186.64133	0	0	0	0	0	0	0	0	0	0	0	0	0	0	0	0	0	0	0	0	0	0	0	0	0	0	0	0	0	0	0	0	0	0	0	0
F4_S20_subsampled_depth_1G_contig_7957	34.87483	34.766724	42987	98.885796	48.481747	1607.107	35.026264	34.94486	42987	100.49584	48.73762	1629.9908	33.585007	33.40726	42987	91.83575	47.049194	1574.2374	32.96671	32.85732	42987	70.67028	46.26506	1625.4813	33.24292	33.203655	42987	81.81885	46.3749	1624.7529	33.76469	33.36685	42987	97.315346	47.316936	1651.6436	0	0	0	0	0	0	0	0	0	0	0	0	0	0	0	0	0	0	5.794103	5.284347	42587	17.261509	233.91348	5906.0938	8.285944	7.706601	42952	23.921526	316.83533	7944.2363	6.839555	6.367942	42870	17.18924	255.8308	6377.1274
F4_S20_subsampled_depth_1G_contig_7984	7.273929	7.2095923	21254	9.702762	10.168565	337.07474	7.7915087	7.717753	21254	8.4833765	10.915378	365.05606	7.5720716	7.4005475	21254	11.185062	10.738916	359.31757	8.272176	8.19422	21151	9.682445	11.675448	410.20642	9.080601	8.987102	21254	12.409225	12.716952	445.54077	8.641537	8.550595	21254	10.681097	12.258057	427.87946	0	0	0	0	0	0	0	0	0	0	0	0	0	0	0	0	0	0	0	0	0	0	0	0	0	0	0	0	0	0	0	0	0	0	0	0
F4_S20_subsampled_depth_1G_contig_5405|provirus_3_32731	39.78265	39.61699	32729	93.55105	55.69657	1846.2688	37.62086	37.57211	32729	80.71527	52.615337	1759.6785	38.133244	37.980698	32729	81.163666	53.75624	1798.6511	37.30799	37.128056	32729	74.498955	52.763466	1853.7963	34.278862	34.04389	32729	73.00086	48.15633	1687.166	36.70266	36.78788	32729	73.57321	51.825825	1809.0303	0	0	0	0	0	0	0	0	0	0	0	0	0	0	0	0	0	0	0	0	0	0	0	0	0	0	0	0	0	0	0	0	0	0	0	0
F5_S21_subsampled_depth_1G_contig_464	8.912018	8.827819	17836	12.41328	12.485021	413.86218	8.612215	8.578273	17857	11.75026	12.130919	405.70895	10.348945	10.1748705	17915	19.143654	14.651502	490.23038	10.778891	10.707299	17915	18.801249	15.327598	538.5212	11.118379	11.045094	17915	19.975237	15.767586	552.42017	11.507177	11.468447	17915	19.314253	16.216187	566.0417	0	0	0	0	0	0	0	0	0	0	0	0	0	0	0	0	0	0	0	0	0	0	0	0	0	0	0	0	0	0	0	0	0	0	0	0
F5_S21_subsampled_depth_1G_contig_1371	5.286048	4.950024	11485	14.0917845	7.482108	248.02217	4.882017	4.558866	11457	11.263241	6.9254627	231.61661	4.7736354	4.523306	11368	12.292785	6.821427	228.24089	4.883401	4.407977	11399	18.370834	7.099288	249.42711	5.3233285	5.0083613	11273	18.242682	7.609474	266.59924	5.3766975	4.956175	11424	16.476337	7.75214	270.59595	0	0	0	0	0	0	0	0	0	0	0	0	0	0	0	0	0	0	0	0	0	0	0	0	0	0	0	0	0	0	0	0	0	0	0	0
F5_S21_subsampled_depth_1G_contig_2911	5.2609982	5.2083335	15776	6.711391	7.408052	245.56735	5.343502	5.2366247	15782	6.943833	7.6417103	255.57086	6.5211143	6.443137	16016	6.9939766	9.157623	306.40848	6.4948316	6.4136553	15987	8.008954	9.2725525	325.78278	6.507185	6.3383756	15970	9.3072605	9.409095	329.6494	6.1233454	5.979902	16016	8.008295	8.845362	308.756	0	0	0	0	0	0	0	0	0	0	0	0	0	0	0	0	0	0	0	0	0	0	0	0	0	0	0	0	0	0	0	0	0	0	0	0
F5_S21_subsampled_depth_1G_contig_3354	9.415492	9.227323	12350	14.581923	13.61285	451.24817	9.711967	9.445538	12350	15.348455	14.050609	469.91147	11.138525	10.915847	12350	21.782759	16.256762	543.9413	11.494426	11.269399	12350	22.43771	16.941254	595.21545	12.438033	12.270037	12350	23.237244	17.852182	625.4543	11.455738	11.262477	12350	23.452753	16.719337	583.6047	0	0	0	0	0	0	0	0	0	0	0	0	0	0	0	0	0	0	0	0	0	0	0	0	0	0	0	0	0	0	0	0	0	0	0	0
F5_S21_subsampled_depth_1G_contig_4652	0	0	0	0	0	0	2.825859	2.7065287	1594	4.556487	4.0410104	135.14832	3.3756552	3.2921784	1793	3.0796638	4.6410575	155.28693	0	0	0	0	0	0	0	0	0	0	0	0	0	0	0	0	0	0	4895.546	4936.93	1867	4761318.5	5318.4814	42222.164	4799.2563	4832.832	1867	4598808	5058.1514	34998.04	3531.9348	3565.519	1867	2374144	3724.6858	27004.803	0	0	0	0	0	0	0	0	0	0	0	0	0	0	0	0	0	0
F5_S21_subsampled_depth_1G_contig_5047	2.0442886	1.961817	11557	2.4145217	2.8220353	93.54686	2.0834043	1.9518186	11476	2.9834054	2.8947935	96.81412	2.0968678	2.0423555	12745	1.7426534	2.9191957	97.67455	2.2009637	2.0655801	12493	2.855366	3.0853121	108.39968	2.58553	2.5001574	12846	2.990062	3.5810356	125.4623	2.172123	2.07487	12224	2.5781953	3.0495372	106.447	0	0	0	0	0	0	0	0	0	0	0	0	0	0	0	0	0	0	0	0	0	0	0	0	0	0	0	0	0	0	0	0	0	0	0	0
F5_S21_subsampled_depth_1G_contig_5129	4.546694	4.438748	36770	6.1471777	6.312941	209.26572	4.411286	4.285536	36643	6.004844	6.1380477	205.28217	4.4774632	4.3426666	36814	6.381644	6.285624	210.3131	3.7632234	3.6654863	35615	5.4533634	5.2762337	185.37564	3.5286698	3.4463058	35513	4.526275	4.922361	172.45573	3.8607087	3.7191062	36153	5.4584203	5.3952155	188.32523	0	0	0	0	0	0	0	0	0	0	0	0	0	0	0	0	0	0	4.492434	4.355759	36344	6.3926463	178.01442	4494.6963	4.7811136	4.7040796	36373	6.018964	180.5186	4526.2715	4.147835	3.9974709	36511	5.9907317	154.10533	3841.404
F5_S21_subsampled_depth_1G_contig_6532	0	0	0	0	0	0	1.496134	1.4849786	1283	1.2017903	2.0932503	70.00712	2.5289948	2.412017	1531	2.9920666	3.6009395	120.485275	0	0	0	0	0	0	0	0	0	0	0	0	0	0	0	0	0	0	8265.295	8334.319	1702	18339722	8791.666	69794.95	10706.979	10804.673	1666	29716024	11042.474	76404.37	11288.245	11379.296	1695	33995840	11659.212	84531.86	0	0	0	0	0	0	0	0	0	0	0	0	0	0	0	0	0	0
F6_S22_subsampled_depth_1G_contig_464	1273.6357	1157.3256	13884	1680263.1	1821.2433	60371.848	1270.9646	1155.1997	13884	1668895.5	1818.6091	60821.938	1272.5157	1155.521	13884	1704836.1	1834.6699	61386.94	1127.0206	1026.8038	13884	1288075.9	1628.0663	57200.633	1188.3176	1080.617	13884	1422107.8	1703.3416	59676.875	1161.3715	1056.5614	13884	1376965	1671.8304	58356.855	574.02026	509.4475	13884	340679.25	680.9127	5405.606	508.60565	450.2701	13884	268926.53	583.6969	4038.6775	568.9921	501.57037	13884	344407.75	656.82007	4762.092	0	0	0	0	0	0	0	0	0	0	0	0	0	0	0	0	0	0
F6_S22_subsampled_depth_1G_contig_1000	1304.5471	1352.6578	63667	103428.32	1817.4828	60247.184	1283.0409	1330.819	63667	98506.1	1787.569	59783.84	1246.8748	1291.968	63667	95961.55	1751.6378	58608.746	1237.4431	1282.3624	63667	94275.45	1741.068	61170.848	1170.8512	1212.3804	63667	83321.58	1637.5275	57371.074	1200.0326	1242.7782	63667	88805.734	1684.6749	58805.215	1503.6206	1519.914	63667	278722.88	1734.4261	13769.197	1155.76	1167.7001	63667	162557.6	1292.698	8944.353	1366.1351	1379.8295	63667	224332.42	1530.9224	11099.529	1.8007147	1.6755996	49455	2.4668658	73.10984	1845.9545	2.1117654	2.0229852	54245	2.4341834	79.72099	1998.9014	1.6881465	1.5639093	48357	2.3055737	62.915447	1568.302
F6_S22_subsampled_depth_1G_contig_1305	10.446719	9.938078	12977	43.062996	14.531931	481.71457	11.199424	10.608493	12985	55.43056	15.560229	520.3996	10.80439	10.234455	12984	48.938766	15.203581	508.7027	10.536935	9.99706	12986	39.818016	14.779472	519.2636	10.549856	10.080602	12974	41.711185	14.748047	516.7003	10.518409	10.047997	12978	43.155487	14.701194	513.1594	5.4509225	5.374297	12819	7.3131566	6.27855	49.843906	4.932903	4.8368936	12469	7.979928	5.534842	38.29633	6.4383125	6.340915	12803	7.9555407	7.1497736	51.837467	0	0	0	0	0	0	0	0	0	0	0	0	0	0	0	0	0	0
F6_S22_subsampled_depth_1G_contig_2091	4.906528	4.8712535	13034	5.4844985	6.819996	226.07413	4.5373507	4.3398905	12965	8.536052	6.3931136	213.81256	5.2532105	5.097256	13147	9.24535	7.399764	247.59158	4.59503	4.475728	13119	6.3200264	6.4376273	226.18024	3.703321	3.6091177	12600	5.1013656	5.1797786	181.47455	4.038529	3.9444492	13105	5.0596952	5.6474414	197.12932	3.8595638	3.6346138	11624	11.176659	4.433248	35.194504	2.6388023	2.3926551	11349	5.798011	2.9916546	20.69967	2.8108518	2.5691009	11789	6.0279837	3.176002	23.026728	5.4912987	5.3484173	13231	8.926186	226.2773	5713.286	5.771183	5.5712957	13152	12.102756	220.23125	5522.016	5.475948	5.256733	13107	11.858803	205.11313	5112.8853
F6_S22_subsampled_depth_1G_contig_2638	5.088247	4.5297523	14697	23.667166	7.4474673	246.87389	5.190542	4.7016706	14566	21.569853	7.5277042	251.75815	5.8171744	5.293639	14834	26.280668	8.529704	285.39883	5.7779317	5.433094	14951	16.652418	8.455431	297.0739	5.98582	5.5586987	15005	21.887207	8.67497	303.92892	5.470848	5.0943866	14688	18.331352	7.9283547	276.7468	0	0	0	0	0	0	0	0	0	0	0	0	0	0	0	0	0	0	0	0	0	0	0	0	0	0	0	0	0	0	0	0	0	0	0	0
F6_S22_subsampled_depth_1G_contig_3502	2.8888311	2.7209604	14459	4.252114	4.082278	135.32217	2.3324032	2.1967697	12949	3.6127615	3.300017	110.36651	2.478941	2.3572717	13400	3.4547906	3.545163	118.61902	2.558959	2.379768	13722	4.7765245	3.7119083	130.41461	2.7345707	2.5174851	13849	5.385669	3.8903937	136.30069	3.0169382	2.8122432	14389	5.486798	4.328686	151.09703	1.4633007	1.372197	0	1.5178801	0	0	0	0	0	0	0	0	0	0	0	0	0	0	0	0	0	0	0	0	0	0	0	0	0	0	0	0	0	0	0	0
F6_S22_subsampled_depth_1G_contig_3857	4.762066	4.656423	13634	9.159137	6.6422157	220.18082	4.3970404	4.2538414	14403	6.5781198	6.052497	202.42091	3.9562993	3.8452673	13825	6.7337236	5.539448	185.34665	4.501037	4.4407654	14448	4.75593	6.2834234	220.76237	4.5038724	4.3331285	14069	8.659794	6.242562	218.70937	4.5033884	4.40189	14235	6.806123	6.3142085	220.4035	0	0	0	0	0	0	0	0	0	0	0	0	0	0	0	0	0	0	0	0	0	0	0	0	0	0	0	0	0	0	0	0	0	0	0	0
F6_S22_subsampled_depth_1G_contig_4518	22.090643	22.178574	13316	55.861813	30.750706	1019.3458	20.311848	20.297123	13316	45.947773	28.28598	946.00244	20.945824	20.827095	13320	53.33881	29.480988	986.4159	27.436707	27.589828	13477	84.98094	38.42682	1350.0913	26.10835	26.093372	13254	95.188576	36.555027	1280.7123	26.01846	26.236683	13314	78.33784	36.29777	1267.0089	25.765438	25.891788	13263	144.71837	29.583399	234.8556	20.793577	20.685953	13295	94.215485	23.163187	160.26929	28.742178	28.947145	13269	167.22888	31.998861	231.99883	0	0	0	0	0	0	0	0	0	0	0	0	0	0	0	0	0	0
F6_S22_subsampled_depth_1G_contig_5198	8.778301	8.557506	50640	30.94231	12.260809	406.42984	8.761213	8.416901	50295	34.59463	12.221395	408.73502	9.438705	9.087379	50790	39.148438	13.300929	445.04092	10.885598	10.449724	51641	51.672466	15.342692	539.05145	10.088877	9.790487	51532	39.230316	14.130148	495.05215	11.254503	10.886212	51549	50.39212	15.84857	553.20966	2.313375	2.1766245	43926	3.4942255	2.6771092	21.252924	1.9312043	1.7791389	39640	3.1452768	2.1708484	15.02039	2.3586724	2.2224271	43074	3.7505949	2.6351511	19.105436	0	0	0	0	0	0	0	0	0	0	0	0	0	0	0	0	0	0
F6_S22_subsampled_depth_1G_contig_5637	2.3640456	2.2481663	8715	3.2126298	3.2437432	107.525856	2.3120248	2.207046	8790	2.7897742	3.180956	106.38448	2.1390557	2.0320072	8251	2.805074	2.9786437	99.66362	2.8734493	2.8266282	9430	3.2325077	3.9824908	139.92113	2.3171268	2.2293844	8165	3.134638	3.210847	112.492645	2.1215487	2.0442321	8407	2.4653642	2.9548852	103.143135	0	0	0	0	0	0	1.8590436	1.7224939	7950	2.6305544	2.0281036	14.032731	0	0	0	0	0	0	7.1733694	6.5321183	9969	31.432772	280.78958	7089.672	8.127251	7.3550787	9898	40.958492	304.5036	7635.036	9.535914	8.569904	9877	58.399006	353.06845	8800.985
F6_S22_subsampled_depth_1G_contig_7207	4.134591	3.9988234	10369	5.4848685	5.8289757	193.22287	4.4408393	4.327201	10458	5.2594266	6.2053943	207.53445	4.4366035	4.3478446	10352	5.5171385	6.337931	212.06328	5.5201693	5.4617605	10537	4.4837794	7.7296534	271.57422	5.342929	5.279281	10436	5.3853717	7.479922	262.06058	5.515452	5.405284	10493	5.976534	7.814384	272.76874	0	0	0	0	0	0	0	0	0	0	0	0	0	0	0	0	0	0	0	0	0	0	0	0	0	0	0	0	0	0	0	0	0	0	0	0
F7_S23_subsampled_depth_1G_contig_669	5.1075077	5.0583315	11218	5.0820713	7.319802	242.64185	6.093711	6.008859	11264	7.460619	8.763014	293.07214	6.427701	6.3583517	11295	8.200531	9.397363	314.4301	7.183838	7.0259805	11244	11.534517	10.398044	365.3258	7.2894645	7.1699185	11312	8.556914	10.441903	365.83395	6.716628	6.640653	11272	7.9769454	9.705348	338.77457	0	0	0	0	0	0	0	0	0	0	0	0	0	0	0	0	0	0	0	0	0	0	0	0	0	0	0	0	0	0	0	0	0	0	0	0
F7_S23_subsampled_depth_1G_contig_1025	7.9943485	7.7916217	12450	16.189064	11.2370405	372.49338	8.453577	8.312881	12509	11.856424	11.919619	398.64233	7.722913	7.414783	12504	13.734437	10.974871	367.21255	6.437268	6.1950126	12503	11.18561	9.129659	320.76227	7.1357985	6.961249	12462	10.81902	9.992406	350.0857	6.9186983	6.810639	12425	8.775706	9.785077	341.55765	5.487082	5.289469	12225	12.085459	6.4406285	51.130653	3.8461165	3.7003946	10915	8.090166	4.2837687	29.639969	5.5865493	5.373789	11556	16.14047	6.342274	45.98291	0	0	0	0	0	0	0	0	0	0	0	0	0	0	0	0	0	0
F7_S23_subsampled_depth_1G_contig_2075	545.5543	555.1579	17752	13187.7705	755.72174	25051.191	562.9153	571.52454	17753	14263.159	779.5121	26070.168	462.42038	469.1435	17780	7711.166	645.6968	21604.623	747.9309	762.4863	17753	28156.844	1044.6753	36703.72	682.0462	693.8607	17835	23750.98	947.05206	33180.145	702.362	715.1986	17753	22274.156	979.16284	34178.62	28.904783	28.753235	17695	152.42873	33.090015	262.69388	22.888103	22.594547	17655	128.91235	25.390467	175.6801	30.665781	30.655107	17533	156.62431	34.081318	247.09717	0	0	0	0	0	0	0	0	0	0	0	0	0	0	0	0	0	0
F7_S23_subsampled_depth_1G_contig_2212	10.161381	9.87501	43996	19.005102	14.175326	469.89377	9.430082	9.260392	43964	11.949251	13.17172	440.51764	10.07914	9.884509	43950	15.105625	14.175952	474.31866	8.159762	8.050133	43971	10.463941	11.507975	404.3223	8.831757	8.656289	44009	11.700431	12.37396	433.52386	8.247224	8.085674	43965	10.488628	11.6097	405.2478	5.0781593	4.7376313	42373	13.660225	5.8566656	46.49469	4.2180166	3.9334009	41524	10.264294	4.7022758	32.535694	4.9505916	4.6371627	42097	12.848192	5.564639	40.34489	0	0	0	0	0	0	0	0	0	0	0	0	0	0	0	0	0	0
F7_S23_subsampled_depth_1G_contig_2283	1429.4761	1437.3284	13158	45911.367	1992.6259	66052.96	1365.9518	1374.1855	13158	39683.05	1903.8209	63671.78	1316.6024	1324.9614	13158	35939.04	1850.7245	61924.113	1200.2178	1208.0344	13158	30340.498	1689.3738	59354.613	1123.873	1131.7197	13158	23800.62	1571.926	55072.707	1180.3563	1186.7863	13158	28131.816	1658.3177	57885.188	553.50586	548.401	13158	36740.91	639.6694	5078.1836	421.13516	417.7441	13158	22381.568	472.15558	3266.908	608.30194	602.9431	13158	45547.848	683.09174	4952.5664	26.732626	26.687222	13158	39.3871	1049.3257	26494.48	32.810886	32.770927	13158	43.59518	1236.3534	30999.967	29.587177	29.37547	13158	48.835648	1095.7644	27314.268
F7_S23_subsampled_depth_1G_contig_2793	7.647959	7.5362587	11505	11.013031	10.756031	356.54852	7.40139	7.3296523	11518	9.426008	10.389409	347.46567	7.3326883	7.24697	11511	9.649489	10.385245	347.48392	6.6103096	6.3861413	11509	10.518312	9.403924	330.39847	7.9702673	7.8079553	11518	9.125358	11.204024	392.53494	7.6907988	7.534695	11514	10.6007	10.833219	378.14392	0	0	0	0	0	0	0	0	0	0	0	0	0	0	0	0	0	0	0	0	0	0	0	0	0	0	0	0	0	0	0	0	0	0	0	0
F7_S23_subsampled_depth_1G_contig_3117	11.588276	11.266473	24982	33.506046	16.121723	534.4141	11.712642	11.514663	25004	26.45048	16.293655	544.9283	11.187213	10.895843	25002	25.459381	15.687215	524.8847	10.599018	10.3098345	25002	24.457169	14.873926	522.5819	9.726644	9.510505	25004	17.421272	13.583592	475.9036	10.344572	10.155432	25004	21.17785	14.489551	505.77173	0	0	0	0	0	0	0	0	0	0	0	0	0	0	0	0	0	0	0	0	0	0	0	0	0	0	0	0	0	0	0	0	0	0	0	0
F7_S23_subsampled_depth_1G_contig_3655	20.663916	17.589205	34288	773.58057	28.68685	950.93164	17.97494	15.240272	33696	557.8761	24.943108	834.20276	19.95973	17.0222	34398	680.1951	27.940966	934.8876	22.859713	18.703823	34616	1168.5104	32.04843	1125.9928	22.631643	18.580444	34127	1130.5538	31.55809	1105.6434	22.733316	18.214985	34175	1244.5403	31.795557	1109.855	7.8827806	7.203324	31173	68.54318	9.058979	71.91705	6.0960317	5.386786	30350	44.25486	6.797598	47.033516	7.283886	6.4690385	30431	68.78298	8.132729	58.96405	0	0	0	0	0	0	0	0	0	0	0	0	0	0	0	0	0	0
F7_S23_subsampled_depth_1G_contig_3806	2.5996375	2.5385265	15204	2.8951359	3.5966146	119.22317	2.0928547	2.014683	15019	2.0899682	2.8911412	96.69195	2.6628466	2.5760784	15175	3.340739	3.736266	125.01322	2.6591628	2.5321596	14809	4.0926414	3.7400434	131.40302	2.80207	2.7298596	15934	2.8080823	3.910645	137.01018	2.7843528	2.7030275	15854	3.2357574	3.8671837	134.98781	2.2546487	2.108563	13799	3.508216	2.5500112	20.243935	1.6795696	1.579067	13117	2.003277	1.8715342	12.949397	2.0908082	1.9745972	13436	2.9606442	2.3237216	16.847502	7.5639105	7.3102913	17131	18.262068	306.21295	7731.5874	6.644018	6.3204913	16868	15.47961	251.56519	6307.6724	9.395568	9.114865	17122	22.611126	350.375	8733.846
F7_S23_subsampled_depth_1G_contig_4348	12.893153	12.3048115	86727	72.25171	17.970282	595.69135	13.535781	12.97807	86773	65.27586	18.85195	630.48846	14.515743	13.983892	86757	64.86807	20.408615	682.8599	13.922078	13.245678	86737	86.04875	19.58585	688.13104	15.083035	14.394352	86765	94.64649	21.102827	739.3411	13.806101	13.03655	86734	87.636215	19.398302	677.11633	8.261698	8.028996	86083	19.396603	9.509832	75.49633	7.0298367	6.8340516	85456	15.264235	7.868523	54.4434	7.7630253	7.4939213	86344	17.820717	8.685584	62.97244	0	0	0	0	0	0	0	0	0	0	0	0	0	0	0	0	0	0
F7_S23_subsampled_depth_1G_contig_5901	4.673024	4.5525575	19069	7.197255	6.4731345	214.57613	4.2526054	4.228949	19135	4.828624	5.8717	196.37428	4.603764	4.4964023	19606	6.3822255	6.45177	215.8723	4.3726096	4.2984824	18872	5.9889073	6.10776	214.59065	4.4568453	4.3794265	19494	5.417996	6.205231	217.40134	4.6870384	4.6235523	19168	6.07235	6.5407896	228.31252	0	0	0	0	0	0	0	0	0	0	0	0	0	0	0	0	0	0	4.2680864	4.1902757	18980	6.1176023	167.54326	4230.3086	4.571638	4.4392357	19657	5.8181667	171.3207	4295.6455	3.746838	3.6526701	19538	4.0541964	137.90741	3437.6377
F7_S23_subsampled_depth_1G_contig_7126	1167.1213	1124.4246	72890	658813.06	1624.5504	53851.73	1161.3546	1120.7073	72766	636795.56	1615.9653	54044.69	1172.2573	1126.8883	72858	694556.4	1645.2759	55049.93	1318.5797	1276.0754	72762	629072.4	1853.5164	65121.62	1287.0897	1247.8193	72891	592989.75	1798.4882	63010.363	1324.3303	1279.7003	72785	675223.6	1857.8602	64850.414	1052.3374	955.5624	72734	674981.25	1212.6274	9626.76	885.1286	799.6844	72751	485312.03	988.8079	6841.698	956.1734	862.2937	72853	575650.3	1070.5647	7761.8335	5.243659	5.024073	71024	10.689323	212.34756	5361.575	4.9196053	4.8055205	71115	7.4822364	185.60954	4653.921	5.6813216	5.5485816	71521	9.235906	210.94923	5258.359
F7_S23_subsampled_depth_1G_contig_7629	12.823594	12.21858	45035	38.40784	17.87404	592.501	12.394163	11.896453	45032	30.533787	17.292482	578.3331	13.209067	12.677674	45035	39.891006	18.606745	622.57043	16.778479	16.25997	45035	43.211678	23.670664	831.64734	15.487156	14.883828	45035	45.67325	21.70129	760.3087	16.624708	16.114092	45035	41.559242	23.360807	815.4316	3.6369166	3.4992201	39787	7.094417	4.187081	33.24024	2.8841038	2.6848776	39327	5.803117	3.21326	22.232977	3.6529574	3.4703815	39211	8.296835	4.0858474	29.623295	0	0	0	0	0	0	0	0	0	0	0	0	0	0	0	0	0	0
F8_S24_subsampled_depth_1G_contig_719	26.149832	25.929901	40742	46.63928	36.396896	1206.5096	25.947994	25.48563	40742	60.026978	36.12021	1208.0116	26.32972	25.991625	40742	52.204998	36.958973	1236.6245	39.784317	39.570892	40742	75.61065	55.85539	1962.4287	39.565777	39.40918	40742	77.825134	55.244537	1935.5024	38.931587	38.771008	40734	76.722725	54.52075	1903.0999	16.421389	15.428259	40638	95.72307	18.898438	150.03017	13.469772	12.655225	40731	63.507504	15.036816	104.04176	15.161091	14.36982	40742	70.87028	16.982721	123.12849	0	0	0	0	0	0	0	0	0	0	0	0	1.5121698	1.425193	31903	1.5176269	58.115154	1448.6438
F8_S24_subsampled_depth_1G_contig_1579	8.765821	8.581532	16386	18.352217	12.150841	402.78458	8.876435	8.700198	16389	15.928437	12.262489	410.1092	8.9725	8.860465	16418	12.722268	12.468692	417.19485	10.960714	10.8176365	16437	22.73915	15.324974	538.42926	9.90903	9.788993	16303	22.085766	13.793548	483.25946	11.673869	11.556639	16441	19.0091	16.270298	567.9304	3.4239764	3.2985065	14823	5.8917494	3.9245036	31.155695	2.9168253	2.719157	14266	5.6994658	3.2561293	22.529594	4.174759	4.041533	15016	8.247481	4.6114326	33.433918	0	0	0	0	0	0	0	0	0	0	0	0	0	0	0	0	0	0
F8_S24_subsampled_depth_1G_contig_2675	24.85864	22.240595	43473	409.94696	34.621403	1147.6547	25.194338	22.59628	43474	381.12152	35.084095	1173.3595	25.13984	22.099606	43473	546.3395	35.316772	1181.6779	31.468973	29.133875	43473	415.6657	44.292576	1556.1797	31.153637	28.224062	43473	526.68604	43.546207	1525.649	32.192196	29.048729	43564	537.20514	45.20723	1578.0028	0	0	0	0	0	0	0	0	0	0	0	0	1.4232506	1.3405589	33089	1.3919281	1.5978867	11.585027	0	0	0	0	0	0	0	0	0	0	0	0	0	0	0	0	0	0
F8_S24_subsampled_depth_1G_contig_3267	4283.688	4263.027	22238	275920.03	6006.654	199112.77	4264.9775	4243.222	22238	287663.38	5977.993	199929.23	4241.0947	4220.0396	22238	264672.3	5997.014	200656.48	3720.9912	3704.8535	22238	222781.08	5265.691	185005.31	3919.4807	3902.1123	22238	235608.83	5514.937	193216.81	3841.5676	3823.1162	22238	218882.86	5426.1997	189406.75	1936.764	1921.0535	22238	270409.44	2253.5457	17890.367	1677.9374	1664.6963	22238	211483.7	1892.8622	13096.971	1932.7385	1916.0518	22238	283728.72	2185.347	15844.252	5.168598	5.0984907	21826	6.358497	209.81654	5297.6685	5.510096	5.476811	22184	4.8589554	208.90175	5237.9434	5.768381	5.687626	22161	6.9635987	215.199	5364.296
F8_S24_subsampled_depth_1G_contig_3331	12.490305	12.396842	46668	14.734473	17.369873	575.7885	12.802808	12.733089	46668	16.319807	17.796585	595.19275	12.497743	12.405704	46668	17.258142	17.520922	586.2393	11.756868	11.634995	46668	15.843584	16.518684	580.3692	13.158606	13.035827	46668	18.59762	18.379353	643.92395	12.449654	12.380553	46654	14.98995	17.440235	608.7683	7.4020596	7.1016526	46385	17.295338	8.53214	67.73466	6.5004086	6.3047433	46257	13.480867	7.25198	50.17743	7.188185	6.9922376	46188	14.337221	8.061869	58.450314	8.526764	8.420871	46594	11.792511	340.55933	8598.8	9.198461	9.115888	46668	10.623342	349.07367	8752.572	7.892945	7.7799993	46640	9.5049715	294.2663	7335.2144
F8_S24_subsampled_depth_1G_contig_4028	13.835928	13.650753	19896	36.01626	19.483606	645.8563	14.035011	13.626407	19947	39.14059	19.73015	659.85925	13.550602	13.235574	19990	36.80675	19.230787	643.4506	16.10468	15.68383	20001	51.859158	22.86758	803.43164	16.055311	15.811776	20001	44.220505	22.697855	795.2233	15.583346	15.172441	20001	44.45597	22.125174	772.3006	0	0	0	0	0	0	0	0	0	0	0	0	0	0	0	0	0	0	0	0	0	0	0	0	0	0	0	0	0	0	0	0	0	0	0	0
F8_S24_subsampled_depth_1G_contig_7827	8.628503	7.1312833	54539	99.66609	12.02081	398.4743	8.44476	6.9608397	54738	102.326385	11.773753	393.76398	8.582987	6.8781824	54331	144.02646	12.042177	402.9239	7.3632336	6.028559	53729	92.69173	10.357043	363.8854	7.170662	6.053409	54473	69.255394	10.037323	351.6594	7.1300898	6.1208854	54227	61.123146	9.990642	348.73297	5.0644703	4.866487	53463	10.366216	5.8222537	46.221516	4.0463734	3.882905	51637	7.959101	4.5319014	31.356842	5.165043	5.0169854	53219	10.81244	5.785886	41.948967	0	0	0	0	0	0	0	0	0	0	0	0	0	0	0	0	0	0
F8_S24_subsampled_depth_1G_contig_7954	26.385492	26.173328	60264	40.40045	36.698948	1216.5223	25.268133	25.053741	60264	41.49549	35.152813	1175.658	25.383297	25.150173	60264	37.998604	35.60693	1191.386	26.436256	26.038366	60245	64.76072	37.12761	1304.4447	26.546963	26.032711	60264	59.055653	37.064007	1298.5441	26.773996	26.290384	60273	62.24098	37.52277	1309.7688	9.090963	9.020883	59081	17.154144	10.4761	83.16723	7.3186965	7.2320414	59088	11.935407	8.179698	56.596474	9.036459	8.981833	59254	16.939756	10.096483	73.20175	0	0	0	0	0	0	0	0	0	0	0	0	0	0	0	0	0	0
GP3_S28_subsampled_depth_1G_contig_28	0	0	0	0	0	0	9.602168	8.372866	7790	98.043686	14.3998995	481.5933	12.644465	11.262211	7284	177.37263	18.875198	631.55273	0	0	0	0	0	0	0	0	0	0	0	0	0	0	0	0	0	0	14973.142	14870.1875	8543	98120590	17069.924	135514.1	14770.388	14666.17	8543	95200770	16322.4375	112937.19	10918.922	10825.489	8543	52256456	12091.738	87667.79	0	0	0	0	0	0	0	0	0	0	0	0	0	0	0	0	0	0
GP3_S28_subsampled_depth_1G_contig_62	0	0	0	0	0	0	1.7747576	1.6266997	4900	2.9608636	2.6355028	88.14236	3.122556	3.0185413	5527	4.587681	4.8232684	161.38373	0	0	0	0	0	0	0	0	0	0	0	0	0	0	0	0	0	0	15539.761	15779.3125	6441	44182268	17547.566	139305.95	20353.412	20674.676	6441	75628090	22282.154	154173.3	21346.2	21674.799	6441	83673990	23415.43	169767	0	0	0	0	0	0	0	0	0	0	0	0	0	0	0	0	0	0
GP3_S28_subsampled_depth_1G_contig_90	0	0	0	0	0	0	0	0	0	0	0	0	0	0	0	0	0	0	0	0	0	0	0	0	0	0	0	0	0	0	0	0	0	0	0	0	460.3699	462.58725	2829	1859.3025	548.6026	4355.227	329.3337	330.3568	2829	518.33307	378.58435	2619.4763	372.75662	374.48447	2829	1048.8387	428.6778	3108.0098	0	0	0	0	0	0	0	0	0	0	0	0	0	0	0	0	0	0
GP3_S28_subsampled_depth_1G_contig_156	0	0	0	0	0	0	0	0	0	0	0	0	0	0	0	0	0	0	0	0	0	0	0	0	0	0	0	0	0	0	0	0	0	0	0	0	254.32683	253.57816	2815	1205.6869	311.57922	2473.5535	188.53209	188.37474	2815	861.8416	223.93005	1549.4026	199.47092	198.02542	2815	1123.6704	240.13326	1741.0197	0	0	0	0	0	0	0	0	0	0	0	0	0	0	0	0	0	0
GP3_S28_subsampled_depth_1G_contig_167	6.6848407	6.5283265	14229	11.788503	9.230187	305.96872	6.3986716	6.369206	14116	9.809914	8.826017	295.17926	6.847229	6.6713047	14245	11.964897	9.537196	319.10886	6.3235316	6.227381	14285	10.508662	8.836982	310.47952	6.908946	6.7048965	14321	14.4731655	9.556718	334.82147	6.7096105	6.6416326	14084	10.584158	9.354259	326.51935	6.288314	5.8454914	14176	24.896873	7.253834	57.586506	4.735349	4.4710584	13239	12.590418	5.2239943	36.14551	4.988307	4.7048197	13276	13.761211	5.5479264	40.22372	0	0	0	0	0	0	0	0	0	0	0	0	0	0	0	0	0	0
GP3_S28_subsampled_depth_1G_contig_178	0	0	0	0	0	0	0	0	0	0	0	0	0	0	0	0	0	0	0	0	0	0	0	0	0	0	0	0	0	0	0	0	0	0	0	0	8.516204	7.9599557	3173	42.6567	9.946849	78.9657	7.047619	6.9342394	2927	18.095648	7.695305	53.244896	6.1402116	5.9650993	2894	16.40706	6.870085	49.809647	0	0	0	0	0	0	0	0	0	0	0	0	0	0	0	0	0	0
GP3_S28_subsampled_depth_1G_contig_213	0	0	0	0	0	0	1.8776467	1.798348	5166	1.9470383	2.7779686	92.90699	2.7514143	2.6247082	5904	3.3203485	4.1020293	137.25146	0	0	0	0	0	0	0	0	0	0	0	0	0	0	0	0	0	0	8202.981	8249.678	6337	1934807.1	9304.114	73863.164	11954.055	12028.191	6337	4133397.8	13138.545	90907.4	10762.091	10840.349	6337	3432784.3	11854.792	85949.88	0	0	0	0	0	0	0	0	0	0	0	0	0	0	0	0	0	0
GP3_S28_subsampled_depth_1G_contig_267	0	0	0	0	0	0	0	0	0	0	0	0	0	0	0	0	0	0	0	0	0	0	0	0	0	0	0	0	0	0	0	0	0	0	0	0	10.321133	10.291795	3046	13.034661	11.667523	92.62574	5.653315	5.694785	2894	5.9916854	6.2062383	42.941833	5.6515884	5.454371	3046	11.2115555	6.3327684	45.913982	0	0	0	0	0	0	0	0	0	0	0	0	0	0	0	0	0	0
GP3_S28_subsampled_depth_1G_contig_289	16.932846	16.367735	42639	128.60008	23.613691	782.7632	16.719316	16.196478	42590	120.88552	23.347374	780.83435	16.897352	16.313166	42611	127.31992	23.772045	795.39813	15.565391	14.919638	42581	107.39842	21.911833	769.8526	15.40342	14.876359	42567	98.471436	21.532875	754.4081	15.463753	14.901997	42538	111.50728	21.719566	758.1427	8.188526	7.9076676	42336	25.1946	9.450146	75.022484	6.478901	6.239912	41036	18.031935	7.2502875	50.165707	8.541021	8.239756	42113	26.97723	9.585125	69.494255	0	0	0	0	0	0	0	0	0	0	0	0	0	0	0	0	0	0
GP3_S28_subsampled_depth_1G_contig_290	3.3289256	3.251652	15190	3.9485557	4.598177	152.42361	2.857396	2.7510192	14556	3.2830477	3.953432	132.21945	3.0912945	3.0080135	15144	3.363193	4.3178835	144.47371	2.7929268	2.7346408	14406	2.6839132	3.911238	137.4178	2.746552	2.6280754	14439	3.510072	3.8331141	134.29393	3.448627	3.3696752	15026	4.2048593	4.8164215	168.12183	4.2800837	4.0594687	14961	10.296429	4.876339	38.712074	2.9369228	2.7721074	14374	4.761538	3.250256	22.488958	3.7256105	3.5668495	13954	7.633848	4.183933	30.33444	0	0	0	0	0	0	0	0	0	0	0	0	0	0	0	0	0	0
GP3_S28_subsampled_depth_1G_contig_298	1674.4427	1635.3458	95581	86956.03	2331.074	77272.07	1731.7037	1688.8683	95581	97947.36	2410.6274	80621.52	1734.8318	1688.2594	95581	107921.27	2435.6902	81496.71	1793.4792	1740.9357	95581	142085.38	2521.3826	88586.484	1877.6393	1827.6714	95581	135530.81	2623.9795	91931.58	1783.3191	1732.8976	95581	129782.02	2501.7695	87326.69	888.22546	874.79224	95637	55253.79	1023.9908	8129.22	779.2265	767.96936	95581	41317.07	871.1009	6027.267	858.5602	846.07007	95610	46680.87	961.79584	6973.233	3.3455443	3.2279756	89640	4.809268	133.87273	3380.1602	3.5095878	3.4107563	91853	4.333714	132.11661	3312.6533	3.6897273	3.604196	91316	4.619363	136.83585	3410.9248
GP3_S28_subsampled_depth_1G_contig_319	0	0	0	0	0	0	0	0	0	0	0	0	0	0	0	0	0	0	0	0	0	0	0	0	0	0	0	0	0	0	0	0	0	0	0	0	104.606865	104.31398	4838	475.41647	123.95249	984.02936	90.42876	89.84123	4838	313.88147	103.52992	716.3374	68.43174	68.20616	4838	98.14385	78.80599	571.361	0	0	0	0	0	0	0	0	0	0	0	0	0	0	0	0	0	0
GP3_S28_subsampled_depth_1G_contig_336	0	0	0	0	0	0	1.9165094	1.7844164	5215	2.9342139	2.7685301	92.5913	2.375786	2.0983577	5261	5.6986747	3.53853	118.39705	0	0	0	0	0	0	0	0	0	0	0	0	0	0	0	0	0	0	4951.2715	4978.574	6510	304030.9	5630.0864	44695.926	5872.8633	5907.0005	6510	421247.1	6468.412	44755.82	2835.3457	2852.0427	6510	86227.59	3131.2996	22702.613	0	0	0	0	0	0	0	0	0	0	0	0	0	0	0	0	0	0
GP3_S28_subsampled_depth_1G_contig_346	61.216766	60.281418	94312	178.48051	85.163765	2823.0676	63.17234	62.381187	94312	158.21022	87.92653	2940.6338	64.985344	64.01286	94312	219.31126	91.17521	3050.6667	68.49769	67.390625	94312	243.062	96.24035	3381.3174	67.55126	66.377396	94312	238.74675	94.346466	3305.4456	67.472145	66.48582	94312	217.44986	94.613	3302.5579	29.692253	29.44991	94312	107.7006	34.18696	271.4023	25.637922	25.449001	94311	80.31427	28.659836	198.30139	28.983284	28.751717	94303	97.4157	32.482887	235.50806	0	0	0	0	0	0	0	0	0	0	0	0	0	0	0	0	0	0
GP3_S28_subsampled_depth_1G_contig_347	0	0	0	0	0	0	0	0	0	0	0	0	0	0	0	0	0	0	0	0	0	0	0	0	0	0	0	0	0	0	0	0	0	0	0	0	334.9359	333.73972	5392	1709.0479	380.84467	3023.4368	367.63773	366.61932	5392	2994.4546	404.64502	2799.795	472.4172	470.85715	5392	4361.6714	521.2812	3779.4043	0	0	0	0	0	0	0	0	0	0	0	0	0	0	0	0	0	0
GP3_S28_subsampled_depth_1G_contig_351	0	0	0	0	0	0	0	0	0	0	0	0	0	0	0	0	0	0	0	0	0	0	0	0	0	0	0	0	0	0	0	0	0	0	0	0	86.78503	86.52353	6453	316.79688	98.46489	781.68964	77.80771	77.40772	6453	303.86053	85.83757	593.9218	77.145325	77.12022	6441	246.47096	84.920616	615.69324	0	0	0	0	0	0	0	0	0	0	0	0	0	0	0	0	0	0
GP3_S28_subsampled_depth_1G_contig_352	1186.8608	1178.3167	40244	21166.762	1651.2263	54736.004	1192.4833	1186.432	40244	20174.535	1658.5054	55467.4	1131.6158	1125.3762	40244	17721.154	1587.0876	53102.99	1025.2506	1019.69696	40244	13916.789	1439.4169	50572.61	1015.1702	1011.4024	40244	13212.034	1416.6083	49631.125	1044.9943	1040.3312	40244	15564.3	1464.1659	51108.133	33.0097	32.180042	40244	237.48131	37.934505	301.153	29.691301	29.022724	40244	200.21635	33.156136	229.4119	44.36554	43.5833	40244	358.34705	49.56549	359.36075	2.8030877	2.6860278	36345	3.9410465	111.899086	2825.3462	3.765052	3.6730587	38446	5.0496297	142.00867	3560.684	3.7306828	3.6270022	39212	4.3413033	138.57208	3454.2053
GP4_S29_subsampled_depth_1G_contig_10	0	0	0	0	0	0	1.6654135	1.5161098	1613	2.118513	2.187374	73.155	0	0	0	0	0	0	0	0	0	0	0	0	0	0	0	0	0	0	0	0	0	0	0	0	1484.732	1509.867	2012	52833.254	1621.1978	12870.303	1530.3055	1556.7374	2012	64382.625	1618.4762	11198.459	1092.8346	1111.6396	2012	34535.48	1155.8094	8379.875	0	0	0	0	0	0	0	0	0	0	0	0	0	0	0	0	0	0
GP4_S29_subsampled_depth_1G_contig_17	1.4412066	1.3819523	1637	1.1776158	2.090271	69.289764	2.256135	2.0959136	0	4.632571	0	0	3.2908998	3.2190692	2046	3.8401425	4.917169	164.52545	0	0	0	0	0	0	0	0	0	0	0	0	0	0	0	0	0	0	6815.1523	6904.7783	2106	2417972.5	7445.672	59109.426	6677.8936	6767.7124	2106	2259089.5	7080.7544	48992.7	4985.0684	5059.7456	2106	1286851.1	5295.7827	38395.6	0	0	0	0	0	0	0	0	0	0	0	0	0	0	0	0	0	0
GP4_S29_subsampled_depth_1G_contig_106	3653.3257	3640.1357	11212	129653.71	5082.773	168487.33	3634.19	3621.7068	11212	121752.77	5054.664	169049.25	3607.909	3597.9924	11212	99866.71	5062.704	169395	3143.4966	3138.0913	11212	86224.484	4417.846	155217.02	3313.3784	3305.18	11212	91184.42	4627.5986	162128.75	3231.7932	3220.9148	11212	87204.33	4531.2627	158168.1	1787.9691	1776.4484	11212	79865.89	2070.4646	16436.928	1557.8677	1545.4423	11212	61687.92	1751.318	12117.61	1811.936	1798.5022	11212	88303.96	2038.6656	14780.774	4.0658107	3.9534953	10776	6.5523996	167.06116	4218.136	4.35744	4.30906	11019	4.630204	163.00993	4087.2646	4.6635327	4.6246486	11134	4.5424166	174.90508	4359.882
GP4_S29_subsampled_depth_1G_contig_299	0	0	0	0	0	0	0	0	0	0	0	0	2.0387177	1.9292322	2077	2.8052475	3.064068	102.52188	0	0	0	0	0	0	0	0	0	0	0	0	0	0	0	0	0	0	10773.339	10914.672	2552	6216783	11835.112	93956.18	14092.774	14266.962	2552	10886687	15015.932	103897.26	14846.81	15043.517	2552	12452659	15847.217	114895.85	0	0	0	0	0	0	0	0	0	0	0	0	0	0	0	0	0	0
GP4_S29_subsampled_depth_1G_contig_337	0	0	0	0	0	0	0	0	0	0	0	0	0	0	0	0	0	0	0	0	0	0	0	0	0	0	0	0	0	0	0	0	0	0	0	0	4.586588	4.506243	5321	5.27799	5.1765814	41.095646	9.161174	9.058836	5397	12.974782	10.070475	69.67901	6.217946	6.144762	5399	6.0226126	6.772809	49.104385	0	0	0	0	0	0	0	0	0	0	0	0	0	0	0	0	0	0
GP5_S30_subsampled_depth_1G_contig_57	0	0	0	0	0	0	0	0	0	0	0	0	0	0	0	0	0	0	0	0	0	0	0	0	0	0	0	0	0	0	0	0	0	0	0	0	9.420266	9.283557	6652	30.554504	10.648801	84.53834	6.0220475	5.964597	6361	12.695784	6.64531	45.979797	6.418605	6.318289	6665	8.488691	7.1087074	51.539684	0	0	0	0	0	0	0	0	0	0	0	0	0	0	0	0	0	0
GP5_S30_subsampled_depth_1G_contig_99	0	0	0	0	0	0	2.705204	2.621879	3098	3.2520225	3.9161112	130.97125	4.1916027	3.9520369	3233	10.512818	6.1031895	204.20901	0	0	0	0	0	0	0	0	0	0	0	0	0	0	0	0	0	0	15814.278	16189.016	3532	39819950	17564.488	139440.33	20746.277	21220.314	3532	70196904	22335.572	154542.86	21618.602	22089.11	3532	76289096	23311.234	169011.64	0	0	0	0	0	0	0	0	0	0	0	0	0	0	0	0	0	0
GP5_S30_subsampled_depth_1G_contig_277	13.481726	13.169252	96521	30.927906	18.77291	622.2974	14.319099	13.872635	96630	40.66141	19.956074	667.41504	14.592564	14.0496	96631	46.089592	20.487171	685.4881	14.3396635	13.957422	96606	37.231613	20.16871	708.60956	14.7211485	14.176481	96581	43.717136	20.58757	721.2892	14.445653	13.979108	96586	42.786804	20.265974	707.4033	9.096604	8.710484	96055	29.803371	10.517775	83.49815	8.031711	7.755951	95691	21.999918	8.986085	62.17596	9.078516	8.795939	96241	25.51224	10.201765	73.96511	0	0	0	0	0	0	0	0	0	0	0	0	0	0	0	0	0	0
GP5_S30_subsampled_depth_1G_contig_331	0	0	0	0	0	0	0	0	0	0	0	0	2.1021357	1.9800619	2772	3.011856	2.9378529	98.298775	0	0	0	0	0	0	0	0	0	0	0	0	0	0	0	0	0	0	8522.843	8558.311	3381	2850800.8	9516.911	75552.484	11631.08	11686.939	3381	4803231	12577.468	87025.21	11732.697	11794.735	3381	4890355	12718.598	92212.66	0	0	0	0	0	0	0	0	0	0	0	0	0	0	0	0	0	0
M1_S25_subsampled_depth_1G_contig_1451	1190.0984	1194.1558	12675	59695.094	1668.0637	55294.15	1144.0089	1148.2296	12675	56435.04	1603.6215	53631.848	1111.1312	1112.6387	12675	54920.707	1570.0364	52532.47	1018.2193	1020.0392	12675	48000.285	1440.2197	50600.82	957.5733	959.78674	12675	38870.75	1345.4901	47139.496	991.4431	992.98944	12675	42215.43	1399.7954	48861.215	1170.3788	1161.1974	12675	193400.6	1353.9102	10748.372	886.6263	879.5621	12675	112355.67	994.86694	6883.6206	1218.9216	1205.8794	12675	207511.19	1368.8561	9924.512	25.760319	25.592655	12675	35.91107	1027.3688	25940.09	30.223951	30.15719	12675	46.889713	1151.7717	28879.193	28.632095	28.633726	12675	34.498123	1066.7548	26591.145
M1_S25_subsampled_depth_1G_contig_1623	0	0	0	0	0	0	0	0	0	0	0	0	0	0	0	0	0	0	0	0	0	0	0	0	0	0	0	0	0	0	0	0	0	0	0	0	0	0	0	0	0	0	0	0	0	0	0	0	0	0	0	0	0	0	9.195962	9.1748495	10106	9.523324	362.3648	9149.369	9.958116	9.937626	10106	8.633808	379.6165	9518.395	8.489353	8.399241	10106	8.591851	316.97964	7901.392
M1_S25_subsampled_depth_1G_contig_2157	3.6147146	3.2947292	14127	11.2464485	5.3078732	175.94922	3.2523837	3.0298195	14732	7.417609	4.7563148	159.07121	3.713184	3.4261706	14997	9.398748	5.634855	188.53891	3.411242	3.2057939	15316	6.7422247	5.0727944	178.22812	3.2531488	2.9331024	14755	8.990418	4.819084	168.83748	3.7715714	3.5389745	15280	9.01904	5.6169577	196.06534	0	0	0	0	0	0	0	0	0	0	0	0	0	0	0	0	0	0	36.76739	35.995552	17140	219.2086	1504.0969	37977.016	38.764862	37.71312	17140	238.61304	1499.4463	37596.69	42.729958	41.962204	17140	284.68408	1633.6328	40721.793
M1_S25_subsampled_depth_1G_contig_3430	0	0	0	0	0	0	0	0	0	0	0	0	0	0	0	0	0	0	0	0	0	0	0	0	0	0	0	0	0	0	0	0	0	0	0	0	0	0	0	0	0	0	0	0	0	0	0	0	0	0	0	0	0	0	33.863705	33.83113	18808	52.171947	1359.9707	34337.977	33.33058	33.33131	18808	39.34207	1256.6563	31509.037	46.46854	46.505596	18808	56.62175	1722.4629	42936.074
M1_S25_subsampled_depth_1G_contig_5342	0	0	0	0	0	0	0	0	0	0	0	0	0	0	0	0	0	0	0	0	0	0	0	0	0	0	0	0	0	0	0	0	0	0	0	0	0	0	0	0	0	0	0	0	0	0	0	0	0	0	0	0	0	0	17.646652	10.669538	10726	1662.1042	1039.942	26257.549	18.198751	10.457143	10726	1962.3629	1066.1619	26732.639	17.96615	9.907878	10726	2071.5989	1049.1954	26153.441
M1_S25_subsampled_depth_1G_contig_5940	0	0	0	0	0	0	0	0	0	0	0	0	0	0	0	0	0	0	0	0	0	0	0	0	0	0	0	0	0	0	0	0	0	0	0	0	0	0	0	0	0	0	0	0	0	0	0	0	0	0	0	0	0	0	31.831108	28.265888	14976	514.59247	1327.4939	33517.965	37.81337	33.771133	14976	591.69727	1513.5952	37951.445	37.52118	32.918392	14976	766.2085	1478.7137	36860.094
M1_S25_subsampled_depth_1G_contig_8779	0	0	0	0	0	0	0	0	0	0	0	0	0	0	0	0	0	0	0	0	0	0	0	0	0	0	0	0	0	0	0	0	0	0	0	0	0	0	0	0	0	0	0	0	0	0	0	0	0	0	0	0	0	0	17.913511	17.668236	12429	29.723917	730.0531	18433.15	19.579689	19.552881	12429	26.085173	752.54297	18869.047	17.63067	17.551071	12429	24.009785	666.5268	16614.605
M1_S25_subsampled_depth_1G_contig_11026	12.199372	10.474303	30744	196.45833	16.962566	562.28705	11.216046	9.602282	31196	161.11618	15.602402	521.80975	11.931324	10.423956	30433	178.44719	16.718119	559.37823	12.272382	10.578207	30773	184.25372	17.244146	605.8574	12.432156	11.147761	31103	139.61554	17.401337	609.659	12.435547	10.977077	31301	176.33824	17.43403	608.5518	5.207254	4.9740415	29476	14.677808	6.0283856	47.857952	4.737447	4.553993	29396	11.728231	5.2914944	36.61259	4.8427696	4.6087713	29664	13.785823	5.462749	39.60615	12.406218	12.311468	31959	29.339624	507.43286	12812.199	12.941498	12.981787	31840	25.188042	493.7737	12380.737	16.036865	16.0396	31803	34.942688	604.9096	15078.669
M1_S25_subsampled_depth_1G_contig_1824|provirus_12636_24180	0	0	0	0	0	0	0	0	0	0	0	0	0	0	0	0	0	0	0	0	0	0	0	0	0	0	0	0	0	0	0	0	0	0	0	0	0	0	0	0	0	0	0	0	0	0	0	0	0	0	0	0	0	0	18.219921	12.062104	11545	5206.819	1044.8612	26381.752	19.110224	12.9455	11545	5662.4043	1051.7935	26372.361	19.431944	12.648727	11545	6607.182	1082.8586	26992.559
M1_S25_subsampled_depth_1G_contig_3811|provirus_129695_175019	0	0	0	0	0	0	0	0	0	0	0	0	0	0	0	0	0	0	0	0	0	0	0	0	0	0	0	0	0	0	0	0	0	0	0	0	0	0	0	0	0	0	0	0	0	0	0	0	0	0	0	0	0	0	31.480663	30.765661	45325	211.41603	1251.032	31587.365	35.679935	34.94368	45325	306.77426	1349.2803	33831.465	35.65959	35.0591	45102	239.44003	1329.449	33139.355
M1_S25_subsampled_depth_1G_contig_5786|provirus_113994_132912	0	0	0	0	0	0	0	0	0	0	0	0	0	0	0	0	0	0	0	0	0	0	0	0	0	0	0	0	0	0	0	0	0	0	0	0	0	0	0	0	0	0	0	0	0	0	0	0	0	0	0	0	0	0	12.012201	11.967383	18792	31.911991	485.54312	12259.502	12.313442	12.230154	18841	29.964994	465.07913	11661.263	16.547712	16.544367	18902	44.307304	617.2142	15385.383
M1_S25_subsampled_depth_1G_contig_7200|provirus_3_16568	3.8985136	3.7728748	16112	5.27316	5.453826	180.78722	3.5462964	3.4290066	15525	5.3885355	4.933768	165.00597	3.316764	3.1613426	15819	4.739009	4.656425	155.80121	4.2552996	4.175961	15996	5.8709126	5.989236	210.42644	4.6695905	4.4650106	15556	11.185128	6.533898	228.91623	4.3100023	4.1551843	16156	6.5490956	6.040986	210.8666	2.553728	2.4702897	14593	2.9946153	2.9367895	23.314474	2.218019	2.0506904	14041	3.5374177	2.5044591	17.328705	2.3028142	2.1710882	14281	3.322675	2.6325786	19.086788	10.623538	10.436112	16411	30.726736	435.00833	10983.547	9.499817	9.249797	16557	21.425404	367.86856	9223.833	13.281737	13.053736	16562	33.440754	506.12952	12616.361
M1_S25_subsampled_depth_1G_contig_12159|provirus_11758_45076	0	0	0	0	0	0	0	0	0	0	0	0	0	0	0	0	0	0	0	0	0	0	0	0	0	0	0	0	0	0	0	0	0	0	0	0	0	0	0	0	0	0	0	0	0	0	0	0	0	0	0	0	0	0	41.97172	41.82789	33319	72.91218	1676.912	42340.44	39.14239	38.98697	33319	49.410606	1482.0664	37160.9	41.40417	41.354336	33319	46.627655	1542.639	38453.574
M1_S25_subsampled_depth_1G_contig_12598|provirus_9848_58843	0	0	0	0	0	0	0	0	0	0	0	0	0	0	0	0	0	0	0	0	0	0	0	0	0	0	0	0	0	0	0	0	0	0	0	0	0	0	0	0	0	0	0	0	0	0	0	0	0	0	0	0	0	0	76.06482	75.81156	48996	161.63194	3034.3188	76613.67	76.886665	76.78822	48996	121.97752	2905.659	72855.66	78.46102	78.04447	48996	115.65262	2917.6877	72729.61
M1_S25_subsampled_depth_1G_contig_12919|provirus_2_11165	0	0	0	0	0	0	0	0	0	0	0	0	0	0	0	0	0	0	0	0	0	0	0	0	0	0	0	0	0	0	0	0	0	0	0	0	0	0	0	0	0	0	0	0	0	0	0	0	0	0	0	0	0	0	53.982296	15.289389	11164	39892.688	2523.222	63708.97	52.70256	15.61983	11164	35802.145	2390.279	59933.176	51.38887	13.951685	11164	37478.77	2282.544	56897.293
M1_S25_subsampled_depth_1G_contig_15173|provirus_90_11764	0	0	0	0	0	0	0	0	0	0	0	0	0	0	0	0	0	0	0	0	0	0	0	0	0	0	0	0	0	0	0	0	0	0	0	0	0	0	0	0	0	0	0	0	0	0	0	0	0	0	0	0	0	0	30.07167	29.805553	11675	63.676567	1199.9072	30296.52	28.672192	28.491854	11675	25.583097	1091.9404	27378.996	31.251366	31.176228	11675	36.589096	1167.6693	29106.654
M2_S26_subsampled_depth_1G_contig_1456	0	0	0	0	0	0	0	0	0	0	0	0	0	0	0	0	0	0	0	0	0	0	0	0	0	0	0	0	0	0	0	0	0	0	0	0	0	0	0	0	0	0	0	0	0	0	0	0	0	0	0	0	0	0	25.24691	21.372612	31623	583.7782	1017.93713	25701.945	25.894417	21.495287	31623	697.9925	998.8066	25043.787	25.443174	21.27532	31623	660.3779	964.9004	24052.207
M2_S26_subsampled_depth_1G_contig_1978	0	0	0	0	0	0	0	0	0	0	0	0	0	0	0	0	0	0	0	0	0	0	0	0	0	0	0	0	0	0	0	0	0	0	0	0	0	0	0	0	0	0	0	0	0	0	0	0	0	0	0	0	0	0	4.8809814	4.5957847	10205	12.593064	225.47037	5692.912	6.697593	6.2401175	10745	17.316887	277.52292	6958.5283	5.1778197	4.576701	10725	17.72541	230.20743	5738.4106
M2_S26_subsampled_depth_1G_contig_2884	0	0	0	0	0	0	0	0	0	0	0	0	0	0	0	0	0	0	0	0	0	0	0	0	0	0	0	0	0	0	0	0	0	0	0	0	0	0	0	0	0	0	0	0	0	0	0	0	0	0	0	0	0	0	9.318835	9.25659	18106	11.48726	380.35394	9603.579	8.979951	8.908613	18106	9.818369	338.1422	8478.48	10.4473715	10.301015	18106	10.893525	389.23404	9702.49
M2_S26_subsampled_depth_1G_contig_5804	0	0	0	0	0	0	0	0	0	0	0	0	0	0	0	0	0	0	0	0	0	0	0	0	0	0	0	0	0	0	0	0	0	0	0	0	0	0	0	0	0	0	0	0	0	0	0	0	0	0	0	0	0	0	5.701501	5.6547346	14549	5.7510304	228.12808	5760.0186	6.0487404	6.005507	14676	5.5276766	230.94775	5790.719	4.8419385	4.8052626	14529	4.91312	183.73016	4579.866
M2_S26_subsampled_depth_1G_contig_8160	0	0	0	0	0	0	0	0	0	0	0	0	0	0	0	0	0	0	0	0	0	0	0	0	0	0	0	0	0	0	0	0	0	0	0	0	0	0	0	0	0	0	0	0	0	0	0	0	0	0	0	0	0	0	12.164089	11.520555	38233	42.41756	499.44867	12610.605	12.169052	11.473785	38233	40.677116	477.442	11971.246	11.1085	10.39008	38233	44.19326	433.3566	10802.343
M2_S26_subsampled_depth_1G_contig_9051	2.5647717	2.1820319	27401	9.975952	3.5778742	118.601944	2.3979135	1.9995632	26633	9.563062	3.3435514	111.82242	0	0	0	0	0	0	2.3062897	1.922927	26254	9.674819	3.2286766	113.436584	2.249138	1.8466268	25797	8.913373	3.131759	109.72172	2.3318415	1.9095216	26984	10.845637	3.3048432	115.35873	0	0	0	0	0	0	0	0	0	0	0	0	0	0	0	0	0	0	4.658331	4.5866146	32343	5.6479635	184.85304	4667.3643	7.375567	7.311215	33220	7.1878004	278.15134	6974.287	5.5442395	5.4810843	33054	5.6857724	206.10811	5137.686
M2_S26_subsampled_depth_1G_contig_9731	0	0	0	0	0	0	0	0	0	0	0	0	0	0	0	0	0	0	0	0	0	0	0	0	0	0	0	0	0	0	0	0	0	0	0	0	0	0	0	0	0	0	0	0	0	0	0	0	0	0	0	0	0	0	7.5399957	7.4594274	14227	10.010057	308.77966	7796.393	7.8566256	7.673212	14239	10.794745	312.34726	7831.7046	6.8168073	6.619194	14218	12.360462	263.70795	6573.4854
M2_S26_subsampled_depth_1G_contig_10000	0	0	0	0	0	0	0	0	0	0	0	0	0	0	0	0	0	0	0	0	0	0	0	0	0	0	0	0	0	0	0	0	0	0	0	0	0	0	0	0	0	0	0	0	0	0	0	0	0	0	0	0	0	0	12.958013	12.793126	22228	18.633612	522.50665	13192.801	13.323354	13.288949	22228	16.121336	507.34286	12720.972	13.486729	13.368408	22228	16.581125	511.54688	12751.396
M2_S26_subsampled_depth_1G_contig_12722	0	0	0	0	0	0	0	0	0	0	0	0	0	0	0	0	0	0	0	0	0	0	0	0	0	0	0	0	0	0	0	0	0	0	0	0	0	0	0	0	0	0	0	0	0	0	0	0	0	0	0	0	0	0	4.3951697	4.2891335	14874	5.6042495	177.17853	4473.5903	6.281777	6.194366	15098	6.8179	235.3612	5901.3784	6.0867677	6.024825	15036	6.460055	228.40941	5693.5938
M2_S26_subsampled_depth_1G_contig_13537	0	0	0	0	0	0	0	0	0	0	0	0	0	0	0	0	0	0	0	0	0	0	0	0	0	0	0	0	0	0	0	0	0	0	0	0	0	0	0	0	0	0	0	0	0	0	0	0	0	0	0	0	0	0	7.7119503	7.126409	10776	26.024317	327.3183	8264.478	9.102593	8.441649	10794	29.87278	372.19504	9332.312	10.007047	9.260543	10794	35.32899	405.67938	10112.426
M2_S26_subsampled_depth_1G_contig_15765	0	0	0	0	0	0	0	0	0	0	0	0	0	0	0	0	0	0	0	0	0	0	0	0	0	0	0	0	0	0	0	0	0	0	0	0	0	0	0	0	0	0	0	0	0	0	0	0	0	0	0	0	0	0	5.411398	5.256521	10400	7.011268	214.30678	5411.042	5.753239	5.636541	10415	6.1993346	216.77455	5435.3423	5.6754994	5.6100225	10378	5.6418643	211.82573	5280.209
M2_S26_subsampled_depth_1G_contig_15959	0	0	0	0	0	0	0	0	0	0	0	0	0	0	0	0	0	0	0	0	0	0	0	0	0	0	0	0	0	0	0	0	0	0	0	0	0	0	0	0	0	0	0	0	0	0	0	0	0	0	0	0	0	0	11.021754	10.873272	15825	19.838938	437.65848	11050.464	10.949921	10.788716	15825	20.509619	412.62613	10346.066	10.280702	10.181161	15825	14.138119	385.13803	9600.388
M2_S26_subsampled_depth_1G_contig_16415	5.518853	5.088897	38680	17.927263	7.691653	254.96835	5.616945	5.307475	39287	14.867855	7.8376837	262.12506	5.7631044	5.4524693	39587	14.958785	8.083851	270.48087	7.705408	7.2555594	39451	27.04408	10.8631935	381.66843	7.888248	7.3659887	39858	29.903666	11.043302	386.90393	7.524596	7.1812973	39347	23.601112	10.584448	369.46033	0	0	0	0	0	0	0	0	0	0	0	0	0	0	0	0	0	0	21.909826	21.639984	41071	39.234383	879.35187	22202.807	20.973412	20.445248	41071	43.98519	810.7852	20329.396	19.580166	19.095224	41071	40.660385	745.24	18576.7
M2_S26_subsampled_depth_1G_contig_758|provirus_39305_69187	0	0	0	0	0	0	0	0	0	0	0	0	0	0	0	0	0	0	0	0	0	0	0	0	0	0	0	0	0	0	0	0	0	0	0	0	0	0	0	0	0	0	0	0	0	0	0	0	0	0	0	0	0	0	28.404366	28.005344	29883	64.705734	1141.5785	28823.771	30.486631	30.21393	29883	48.647854	1157.8889	29032.578	31.606028	31.12395	29883	59.201904	1178.6182	29379.574
M2_S26_subsampled_depth_1G_contig_902|provirus_35704_82862	0	0	0	0	0	0	0	0	0	0	0	0	0	0	0	0	0	0	0	0	0	0	0	0	0	0	0	0	0	0	0	0	0	0	0	0	0	0	0	0	0	0	0	0	0	0	0	0	0	0	0	0	0	0	13.961688	13.845612	47159	22.214144	553.56323	13976.943	17.630646	17.53088	47159	24.810883	667.3613	16733.229	15.700504	15.564892	47159	20.37467	585.47656	14594.259
M2_S26_subsampled_depth_1G_contig_4046|provirus_3613_42685	2.5064359	2.3643916	33873	3.8922243	3.4872112	115.5965	2.2294786	2.087751	33425	3.2261522	3.0947874	103.5027	2.4259949	2.2804658	33720	3.6547859	3.4021327	113.83333	3.4114277	3.3040736	36178	4.9081087	4.78621	168.1592	3.576266	3.4680712	36893	4.916354	4.9863844	174.69888	3.3612773	3.2397876	35975	5.195512	4.7118006	164.46992	0	0	0	0	0	0	0	0	0	0	0	0	0	0	0	0	0	0	16.366827	16.154121	39073	29.93054	662.5233	16728.084	16.982864	16.876368	39073	22.20897	644.8676	16169.2295	24.21856	24.053867	39073	29.477108	904.8281	22554.771
M2_S26_subsampled_depth_1G_contig_5010|provirus_3630_26558	0	0	0	0	0	0	0	0	0	0	0	0	0	0	0	0	0	0	0	0	0	0	0	0	0	0	0	0	0	0	0	0	0	0	0	0	0	0	0	0	0	0	0	0	0	0	0	0	0	0	0	0	0	0	9.051275	8.931327	22914	16.161213	363.45096	9176.791	8.446947	8.35307	22929	10.5034075	319.57977	8013.052	9.110979	9.087451	22914	11.996021	342.10574	8527.715
M2_S26_subsampled_depth_1G_contig_6690|provirus_2_10429	0	0	0	0	0	0	0	0	0	0	0	0	0	0	0	0	0	0	0	0	0	0	0	0	0	0	0	0	0	0	0	0	0	0	0	0	0	0	0	0	0	0	0	0	0	0	0	0	0	0	0	0	0	0	4.851333	4.7524858	10103	8.124048	191.45251	4833.994	6.7529674	6.577605	10428	10.343658	257.74323	6462.5806	4.8414087	4.753999	10343	5.844653	182.71234	4554.4946
M3_S27_subsampled_depth_1G_contig_1599	0	0	0	0	0	0	0	0	0	0	0	0	0	0	0	0	0	0	0	0	0	0	0	0	0	0	0	0	0	0	0	0	0	0	0	0	0	0	0	0	0	0	0	0	0	0	0	0	0	0	0	0	0	0	6.626735	6.484388	14588	11.610187	269.11063	6794.787	7.6221538	7.5480514	14775	7.9941235	289.14395	7249.912	8.43494	8.347869	14775	10.694501	318.61926	7942.263
M3_S27_subsampled_depth_1G_contig_1855	0	0	0	0	0	0	0	0	0	0	0	0	0	0	0	0	0	0	0	0	0	0	0	0	0	0	0	0	0	0	0	0	0	0	0	0	0	0	0	0	0	0	0	0	0	0	0	0	0	0	0	0	0	0	27.514566	27.454689	14224	102.11622	1105.9188	27923.4	28.675928	28.703505	14224	92.13224	1112.2697	27888.73	27.176567	27.27518	14224	72.41388	1037.5356	25862.793
M3_S27_subsampled_depth_1G_contig_3498	3.4185607	3.3347669	9578	4.012302	4.7152658	156.305	3.3713152	3.2173338	9872	4.5743403	4.6320887	154.91655	3.244268	3.209946	9617	3.255098	4.505786	150.7608	3.1727047	3.0235968	9264	5.1256194	4.4482727	156.28606	2.2096279	2.154372	9216	1.8651246	3.0627089	107.30254	3.0303721	2.9486163	9499	3.8237743	4.232897	147.75334	1.772804	1.6318227	7771	2.436862	2.0246935	16.07356	0	0	0	0	0	0	1.6270968	1.5353402	7795	1.8846538	1.8208967	13.201906	4.264119	4.1919727	9826	5.693884	170.02411	4292.9473	3.9972208	3.8640423	9881	5.3148623	147.75514	3704.7703	3.4972706	3.3844967	9766	4.188274	127.49564	3178.1008
M3_S27_subsampled_depth_1G_contig_5560	0	0	0	0	0	0	0	0	0	0	0	0	0	0	0	0	0	0	0	0	0	0	0	0	0	0	0	0	0	0	0	0	0	0	0	0	0	0	0	0	0	0	0	0	0	0	0	0	0	0	0	0	0	0	2.255611	2.1747923	3701	2.3654273	98.41055	2484.7732	3.2426434	3.2055402	4095	2.061089	127.85837	3205.8843	4.11197	4.0365653	4160	2.7270458	148.65257	3705.4841
M3_S27_subsampled_depth_1G_contig_5946	0	0	0	0	0	0	0	0	0	0	0	0	0	0	0	0	0	0	0	0	0	0	0	0	0	0	0	0	0	0	0	0	0	0	0	0	0	0	0	0	0	0	0	0	0	0	0	0	0	0	0	0	0	0	9.00536	8.907306	13958	12.655723	359.5936	9079.397	9.295626	9.202526	13955	11.82612	355.12033	8904.186	7.838789	7.7607822	13958	8.410163	289.37274	7213.233
M3_S27_subsampled_depth_1G_contig_8282	0	0	0	0	0	0	0	0	0	0	0	0	0	0	0	0	0	0	0	0	0	0	0	0	0	0	0	0	0	0	0	0	0	0	0	0	0	0	0	0	0	0	0	0	0	0	0	0	0	0	0	0	0	0	27.953339	27.085522	24720	142.06062	1128.5948	28495.947	32.02929	31.29562	24727	121.81668	1224.3002	30697.754	32.608437	31.867966	24728	146.04597	1223.2098	30491.121
M3_S27_subsampled_depth_1G_contig_11836	0	0	0	0	0	0	0	0	0	0	0	0	0	0	0	0	0	0	0	0	0	0	0	0	0	0	0	0	0	0	0	0	0	0	0	0	0	0	0	0	0	0	0	0	0	0	0	0	0	0	0	0	0	0	31.031456	22.409042	39221	2302.153	1275.2919	32199.916	32.031303	23.230911	39221	2438.41	1251.3978	31377.186	30.136213	21.48864	39221	2351.5159	1156.5256	28828.873
M3_S27_subsampled_depth_1G_contig_12010	0	0	0	0	0	0	0	0	0	0	0	0	0	0	0	0	0	0	0	0	0	0	0	0	0	0	0	0	0	0	0	0	0	0	0	0	0	0	0	0	0	0	0	0	0	0	0	0	0	0	0	0	0	0	7.7302575	7.6860905	10441	8.660573	315.70468	7971.242	9.444682	9.378871	10445	9.291068	360.79495	9046.468	8.772705	8.675407	10445	9.461058	327.49353	8163.4746
M3_S27_subsampled_depth_1G_contig_12520	0	0	0	0	0	0	0	0	0	0	0	0	0	0	0	0	0	0	0	0	0	0	0	0	0	0	0	0	0	0	0	0	0	0	0	0	0	0	0	0	0	0	0	0	0	0	0	0	0	0	0	0	0	0	5.1101055	4.683488	17085	25.167896	221.2517	5586.3965	6.440306	5.9444447	17365	39.431576	269.77365	6764.2285	6.259021	5.9644237	17388	15.796164	247.66959	6173.6953
M3_S27_subsampled_depth_1G_contig_3773|provirus_129695_140708	0	0	0	0	0	0	0	0	0	0	0	0	0	0	0	0	0	0	0	0	0	0	0	0	0	0	0	0	0	0	0	0	0	0	0	0	0	0	0	0	0	0	0	0	0	0	0	0	0	0	0	0	0	0	22.47616	22.428717	11008	23.815693	895.12964	22601.174	24.436028	24.348742	11011	29.377842	921.66266	23109.504	23.79455	23.828186	11014	26.734903	883.1653	22014.78
M3_S27_subsampled_depth_1G_contig_9999|provirus_246_11395	0	0	0	0	0	0	0	0	0	0	0	0	0	0	0	0	0	0	0	0	0	0	0	0	0	0	0	0	0	0	0	0	0	0	0	0	0	0	0	0	0	0	0	0	0	0	0	0	0	0	0	0	0	0	23.99809	23.826464	11150	36.082825	974.242	24598.688	23.582182	23.547676	11150	24.315256	894.18146	22420.447	27.68909	27.698889	11150	32.428654	1045.7723	26068.111
M3_S27_subsampled_depth_1G_contig_10287|provirus_104390_176845	2.2467291	2.1317382	56619	3.2913125	3.1245759	103.57557	2.2741265	2.1426792	57325	3.583176	3.1700637	106.02027	2.2129836	2.057287	56572	3.7550662	3.12095	104.42516	3.0506182	2.897858	59775	5.6770997	4.2949147	150.89803	3.0345476	2.8732867	60329	5.906392	4.2437787	148.6816	2.782964	2.5930297	59026	5.4953194	3.913351	136.59933	0	0	0	0	0	0	0	0	0	0	0	0	0	0	0	0	0	0	16.257267	16.170801	72456	23.991867	649.3812	16396.26	16.118551	16.05661	72456	20.064823	609.2931	15277.238	14.112287	14.05993	72456	16.080631	525.46454	13098.325
